ctry_01GW2HHDK76HGWY2MNZTFSTT61,NL,NLD,Netherlands,,ðŸ‡³ðŸ‡±,NLD.name,country,NLD.demonym,country,2023-03-21 16:55:18.402,2023-03-21 16:55:18.402,,,geod_01H5QJ10YGR8Y4EKAVHGRK5FR0,t
ctry_01GW2HHDK88EQB8BSKDWEPG76N,VG,VGB,British Virgin Islands,,ðŸ‡»ðŸ‡¬,VGB.name,country,VGB.demonym,country,2023-03-21 16:55:18.402,2023-03-21 16:55:18.402,,,geod_01H5QJ10YRYSMG6RKJYP62CEFH,t
ctry_01GW2HHDKBRDF1DMR5DA9DAT7K,PW,PLW,Palau,,ðŸ‡µðŸ‡¼,PLW.name,country,PLW.demonym,country,2023-03-21 16:55:18.402,2023-06-27 21:10:16.225,t,,geod_01H5QJ10YTYKKJEWB582CHRPYH,
ctry_01GW2HHDK6BPY9VBW9WR5HDVA5,GT,GTM,Guatemala,,ðŸ‡¬ðŸ‡¹,GTM.name,country,GTM.demonym,country,2023-03-21 16:55:18.402,2023-03-21 16:55:18.402,,,geod_01H5QJ10YH0AVGDSAE31ZTTWJC,
ctry_01GW2HHDK67CD2NGY24P7G22SF,BD,BGD,Bangladesh,,ðŸ‡§ðŸ‡©,BGD.name,country,BGD.demonym,country,2023-03-21 16:55:18.402,2023-03-21 16:55:18.402,,,geod_01H5QJ10YJPGA4T5DSS9YFGPFP,
ctry_01GW2HHDK7JEDGYF9BQBZVDW0X,PA,PAN,Panama,,ðŸ‡µðŸ‡¦,PAN.name,country,PAN.demonym,country,2023-03-21 16:55:18.402,2023-03-21 16:55:18.402,,,geod_01H5QJ10YMZD23ZCNGGW3B43FT,
ctry_01GW2HHDK7372NTNTPP3V9BPGV,NI,NIC,Nicaragua,,ðŸ‡³ðŸ‡®,NIC.name,country,NIC.demonym,country,2023-03-21 16:55:18.402,2023-03-21 16:55:18.402,,,geod_01H5QJ10Y21RN1VCFQZZTD3N7Y,
ctry_01GW2HHDK7HX3TFSB0HX6YDCRR,RE,REU,RÃ©union,,ðŸ‡·ðŸ‡ª,REU.name,country,REU.demonym,country,2023-03-21 16:55:18.402,2023-03-21 16:55:18.402,,,geod_01H5QJ117FCQ9THBQZNXDJ4WVJ,
ctry_01GW2HHDK70QBRG8S7ZXZP89W9,SL,SLE,Sierra Leone,,ðŸ‡¸ðŸ‡±,SLE.name,country,SLE.demonym,country,2023-03-21 16:55:18.402,2023-03-21 16:55:18.402,,,geod_01H5QJ10YFBE7KPS9BWSWGSFDT,
ctry_01GW2HHDK8SPF3A2D6NW2XPTHM,BB,BRB,Barbados,,ðŸ‡§ðŸ‡§,BRB.name,country,BRB.demonym,country,2023-03-21 16:55:18.402,2023-03-21 16:55:18.402,,,geod_01H5QJ10YQZ8XE1FGBJY5DGD99,
ctry_01GW2HHDK8JM827C3VY37CM7TF,IL,ISR,Israel,,ðŸ‡®ðŸ‡±,ISR.name,country,ISR.demonym,country,2023-03-21 16:55:18.402,2023-03-21 16:55:18.402,,,geod_01H5QJ10Y1QPCPV8858S0P7Z6A,
ctry_01GW2HHDK87660QN220M6T4S2K,EH,ESH,Western Sahara,,ðŸ‡ªðŸ‡­,ESH.name,country,ESH.demonym,country,2023-03-21 16:55:18.402,2023-03-21 16:55:18.402,,,geod_01H5QJ10Y242X4E5GPFJ3P993A,
ctry_01GW2HHDK87VQBC3WXQDJJZ6XM,AI,AIA,Anguilla,,ðŸ‡¦ðŸ‡®,AIA.name,country,AIA.demonym,country,2023-03-21 16:55:18.402,2023-03-21 16:55:18.402,,,geod_01H5QJ10YRN70PRXJ55FZFEKD5,
ctry_01GW2HHDK8ZYZHYB9CAVW6C4ER,RW,RWA,Rwanda,,ðŸ‡·ðŸ‡¼,RWA.name,country,RWA.demonym,country,2023-03-21 16:55:18.402,2023-03-21 16:55:18.402,,,geod_01H5QJ10YJ4N6GA915567S6ENN,
ctry_01GW2HHDK8NAY2T3GHNV1HVD3M,TR,TUR,Turkey,,ðŸ‡¹ðŸ‡·,TUR.name,country,TUR.demonym,country,2023-03-21 16:55:18.402,2023-03-21 16:55:18.402,,,geod_01H5QJ10YEDTPGE87CNTAJRJF2,
ctry_01GW2HHDK8VJ7Z7R0D99K5E4AN,MZ,MOZ,Mozambique,,ðŸ‡²ðŸ‡¿,MOZ.name,country,MOZ.demonym,country,2023-03-21 16:55:18.402,2023-03-21 16:55:18.402,,,geod_01H5QJ10YJQVZ3039TFPKM9B6D,
ctry_01GW2HHDK8AXT584ZTWBN739SN,NG,NGA,Nigeria,,ðŸ‡³ðŸ‡¬,NGA.name,country,NGA.demonym,country,2023-03-21 16:55:18.402,2023-03-21 16:55:18.402,,,geod_01H5QJ10YGVF14PX4V466D9D6Z,
ctry_01GW2HHDK8A3W54F0AW64VV2GD,RU,RUS,Russia,,ðŸ‡·ðŸ‡º,RUS.name,country,RUS.demonym,country,2023-03-21 16:55:18.402,2023-03-21 16:55:18.402,,,geod_01H5QJ10YC2DM1ZA2XQ66N0JVS,
ctry_01GW2HHDK8K7BJH8JW34Q7JK12,CU,CUB,Cuba,,ðŸ‡¨ðŸ‡º,CUB.name,country,CUB.demonym,country,2023-03-21 16:55:18.402,2023-03-21 16:55:18.402,,,geod_01H5QJ10YK63SK3QACDARJ3ERT,
ctry_01GW2HHDK8NAN0FT6100XB79PX,JE,JEY,Jersey,,ðŸ‡¯ðŸ‡ª,JEY.name,country,JEY.demonym,country,2023-03-21 16:55:18.402,2023-03-21 16:55:18.402,,,geod_01H5QJ10YS5SQTZAC45M1BDRWZ,
ctry_01GW2HHDK8WHEVKX1JE6V2E5JJ,CR,CRI,Costa Rica,,ðŸ‡¨ðŸ‡·,CRI.name,country,CRI.demonym,country,2023-03-21 16:55:18.402,2023-03-21 16:55:18.402,,,geod_01H5QJ10Y2PHA70XJ8D6HWMQ8N,
ctry_01GW2HHDK8MZVCAHNP3EBTHDGH,PM,SPM,Saint Pierre and Miquelon,,ðŸ‡µðŸ‡²,SPM.name,country,SPM.demonym,country,2023-03-21 16:55:18.402,2023-03-21 16:55:18.402,,,geod_01H5QJ10YPJ1XN1BM0H35JP8KF,
ctry_01GW2HHDK8HE6ZXBJEN5GGJYBA,SV,SLV,El Salvador,,ðŸ‡¸ðŸ‡»,SLV.name,country,SLV.demonym,country,2023-03-21 16:55:18.402,2023-03-21 16:55:18.402,,,geod_01H5QJ10YHW9WQSJ9CRN3KXHAH,
ctry_01GW2HHDK96FCPGE9HBHC01VDE,HN,HND,Honduras,,ðŸ‡­ðŸ‡³,HND.name,country,HND.demonym,country,2023-03-21 16:55:18.402,2023-03-21 16:55:18.402,,,geod_01H5QJ10YKMQJB9ZFSMPR02HRG,
ctry_01GW2HHDK9114P6V7VFFNFTMNP,MO,MAC,Macau,,ðŸ‡²ðŸ‡´,MAC.name,country,MAC.demonym,country,2023-03-21 16:55:18.402,2023-03-21 16:55:18.402,,,geod_01H5QJ10YVM87X40CY7E0ZPNTH,
ctry_01GW2HHDKAKGTGCFFE8HQGZXF4,MK,MKD,North Macedonia,,ðŸ‡²ðŸ‡°,MKD.name,country,MKD.demonym,country,2023-03-21 16:55:18.402,2023-03-21 16:55:18.402,,,geod_01H5QJ10YDBZK4GC2HHFXWNHEN,
ctry_01GW2HHDKATDZGNR55QRS6Y5NX,AF,AFG,Afghanistan,,ðŸ‡¦ðŸ‡«,AFG.name,country,AFG.demonym,country,2023-03-21 16:55:18.402,2023-03-21 16:55:18.402,,,geod_01H5QJ10YJW4D8AZJXH0QH8S9D,
ctry_01GW2HHDKA6G8FACKBG654B237,BW,BWA,Botswana,,ðŸ‡§ðŸ‡¼,BWA.name,country,BWA.demonym,country,2023-03-21 16:55:18.402,2023-03-21 16:55:18.402,,,geod_01H5QJ10YH40ZTZPK1FA3F8H2S,
ctry_01GW2HHDKAFPAWV4NQHE9VT4BA,AQ,ATA,Antarctica,,ðŸ‡¦ðŸ‡¶,ATA.name,country,ATA.demonym,country,2023-03-21 16:55:18.402,2023-03-21 16:55:18.402,,,geod_01H5QJ10YNEQ6E4DRHEH3W80EE,
ctry_01GW2HHDKAR1506PSRF3PB1HYX,MR,MRT,Mauritania,,ðŸ‡²ðŸ‡·,MRT.name,country,MRT.demonym,country,2023-03-21 16:55:18.402,2023-03-21 16:55:18.402,,,geod_01H5QJ10YNWT5T6JN5CM4KNFJ1,
ctry_01GW2HHDKA77DT55ZPJ8XKM8P3,QA,QAT,Qatar,,ðŸ‡¶ðŸ‡¦,QAT.name,country,QAT.demonym,country,2023-03-21 16:55:18.402,2023-03-21 16:55:18.402,,,geod_01H5QJ10YHRJRAETMP810XDW5C,
ctry_01GW2HHDKAMRVA2E0TZBFPX7VF,ES,ESP,Spain,,ðŸ‡ªðŸ‡¸,ESP.name,country,ESP.demonym,country,2023-03-21 16:55:18.402,2023-03-21 16:55:18.402,,,geod_01H5QJ10YE83RWCP9N63JYX5F3,
ctry_01GW2HHDKA60427HJJGXNGC3EV,YE,YEM,Yemen,,ðŸ‡¾ðŸ‡ª,YEM.name,country,YEM.demonym,country,2023-03-21 16:55:18.402,2023-03-21 16:55:18.402,,,geod_01H5QJ10YN19VZGD6D48K69D7Q,
ctry_01GW2HHDKBHVDM3WCVS2THFMHT,SO,SOM,Somalia,,ðŸ‡¸ðŸ‡´,SOM.name,country,SOM.demonym,country,2023-03-21 16:55:18.402,2023-03-21 16:55:18.402,,,geod_01H5QJ10Y1HRN2ZZJZZT2Y52YM,
ctry_01GW2HHDKBCAGQ1RJGC3ZP6Z5S,SE,SWE,Sweden,,ðŸ‡¸ðŸ‡ª,SWE.name,country,SWE.demonym,country,2023-03-21 16:55:18.402,2023-03-21 16:55:18.402,,,geod_01H5QJ10YDNZP27SK6ZWS9W1PZ,
ctry_01GW2HHDKBKDT96T91NCRFZE8A,LI,LIE,Liechtenstein,,ðŸ‡±ðŸ‡®,LIE.name,country,LIE.demonym,country,2023-03-21 16:55:18.402,2023-03-21 16:55:18.402,,,geod_01H5QJ10YGJF2VBXVFESYZAH6J,
ctry_01GW2HHDKBM1E4N9900Q4N942Y,GS,SGS,South Georgia,,ðŸ‡¬ðŸ‡¸,SGS.name,country,SGS.demonym,country,2023-03-21 16:55:18.402,2023-03-21 16:55:18.402,,,geod_01H5QJ10YTHJ6TANX679F3ZRYY,
ctry_01GW2HHDKBJ9NNQ06K5V64NAB8,MA,MAR,Morocco,,ðŸ‡²ðŸ‡¦,MAR.name,country,MAR.demonym,country,2023-03-21 16:55:18.402,2023-03-21 16:55:18.402,,,geod_01H5QJ10YEPPKQ4F565ZQK20GM,
ctry_01GW2HHDKBN3B46NQY3YEACJ0K,MG,MDG,Madagascar,,ðŸ‡²ðŸ‡¬,MDG.name,country,MDG.demonym,country,2023-03-21 16:55:18.402,2023-03-21 16:55:18.402,,,geod_01H5QJ10YPWNCGCX879YSD93RG,
ctry_01GW2HHDKBX833SWMMRHFEXGDG,UA,UKR,Ukraine,,ðŸ‡ºðŸ‡¦,UKR.name,country,UKR.demonym,country,2023-03-21 16:55:18.402,2023-03-21 16:55:18.402,,,geod_01H5QJ10Y2V65A3VXAKQ8AK488,
ctry_01GW2HHDKBEYBGKWE7BCHXZHJ6,IR,IRN,Iran,,ðŸ‡®ðŸ‡·,IRN.name,country,IRN.demonym,country,2023-03-21 16:55:18.402,2023-03-21 16:55:18.402,,,geod_01H5QJ10YGB91XPGC4RFSTF9DX,
ctry_01GW2HHDKBRG2CC67WN648YK7S,PL,POL,Poland,,ðŸ‡µðŸ‡±,POL.name,country,POL.demonym,country,2023-03-21 16:55:18.402,2023-03-21 16:55:18.402,,,geod_01H5QJ10YFYBEV5QGZD7442WR6,
ctry_01GW2HHDK65BRH9H4P9YZH3P3F,IT,ITA,Italy,,ðŸ‡®ðŸ‡¹,ITA.name,country,ITA.demonym,country,2023-03-21 16:55:18.402,2023-03-21 16:55:18.402,,,geod_01H5QJ10YG67H217MWKBYVR1G2,
ctry_01GW2HHDK6ENG0N2YD2ZXD043N,DZ,DZA,Algeria,,ðŸ‡©ðŸ‡¿,DZA.name,country,DZA.demonym,country,2023-03-21 16:55:18.402,2023-03-21 16:55:18.402,,,geod_01H5QJ10YJ17D0WBVNGBBTXWMM,
ctry_01GW2HHDKBDJH4JA3QZRZCDB1C,TD,TCD,Chad,,ðŸ‡¹ðŸ‡©,TCD.name,country,TCD.demonym,country,2023-03-21 16:55:18.402,2023-03-21 16:55:18.402,,,geod_01H5QJ10YHV8ZX59JDV22PSMFJ,
ctry_01GW2HHDKBARW56WYXTBMBX9Z8,VU,VUT,Vanuatu,,ðŸ‡»ðŸ‡º,VUT.name,country,VUT.demonym,country,2023-03-21 16:55:18.402,2023-03-21 16:55:18.402,,,geod_01H5QJ10YTH2T0ZSQ9GH052NFD,
ctry_01GW2HHDKBRRZ84X368SH12W7Q,PE,PER,Peru,,ðŸ‡µðŸ‡ª,PER.name,country,PER.demonym,country,2023-03-21 16:55:18.402,2023-03-21 16:55:18.402,,,geod_01H5QJ10Y0C5X0KE207HAG9A7B,
ctry_01GW2HHDKBT6AMAW7JQ18MAEGF,SZ,SWZ,Eswatini,,ðŸ‡¸ðŸ‡¿,SWZ.name,country,SWZ.demonym,country,2023-03-21 16:55:18.402,2023-03-21 16:55:18.402,,,geod_01H5QJ10YJW3CREMXDTS4NR4PB,
ctry_01GW2HHDKB96KWQYA4T0D8VXTV,MQ,MTQ,Martinique,,ðŸ‡²ðŸ‡¶,MTQ.name,country,MTQ.demonym,country,2023-03-21 16:55:18.402,2023-03-21 16:55:18.402,,,geod_01H5QJ1174RY4ETQP430ZAP26P,
ctry_01GW2HHDKBTPBSDQE1XHBMBXJE,LU,LUX,Luxembourg,,ðŸ‡±ðŸ‡º,LUX.name,country,LUX.demonym,country,2023-03-21 16:55:18.402,2023-03-21 16:55:18.402,,,geod_01H5QJ10YDBEE75C19K6ZNYDWA,
ctry_01GW2HHDKBS9SYM4Z85HKVCW7S,DJ,DJI,Djibouti,,ðŸ‡©ðŸ‡¯,DJI.name,country,DJI.demonym,country,2023-03-21 16:55:18.402,2023-03-21 16:55:18.402,,,geod_01H5QJ10YF2FD6FHVA8J6CFZGK,
ctry_01GW2HHDKBP9EB7HW41MH04MCA,HT,HTI,Haiti,,ðŸ‡­ðŸ‡¹,HTI.name,country,HTI.demonym,country,2023-03-21 16:55:18.402,2023-03-21 16:55:18.402,,,geod_01H5QJ10YHZX11A6SW3BYBAN6Q,
ctry_01GW2HHDKBCYJXSMFM5N5VW3Q5,SY,SYR,Syria,,ðŸ‡¸ðŸ‡¾,SYR.name,country,SYR.demonym,country,2023-03-21 16:55:18.402,2023-03-21 16:55:18.402,,,geod_01H5QJ10Y1P3S3SA1K0Y9VAQDN,
ctry_01GW2HHDKBW4RFHHBG7R71M5B5,GI,GIB,Gibraltar,,ðŸ‡¬ðŸ‡®,GIB.name,country,GIB.demonym,country,2023-03-21 16:55:18.402,2023-03-21 16:55:18.402,,,geod_01H5QJ10YMEFYY16CF89SZ8J9R,
ctry_01GW2HHDKB1FFT4ZEBATSQXWRB,IS,ISL,Iceland,,ðŸ‡®ðŸ‡¸,ISL.name,country,ISL.demonym,country,2023-03-21 16:55:18.402,2023-03-21 16:55:18.402,,,geod_01H5QJ10YP00VMJRDTJ29GC1K3,
ctry_01GW2HHDKC0MEFFZTGK0RWCRQA,FJ,FJI,Fiji,,ðŸ‡«ðŸ‡¯,FJI.name,country,FJI.demonym,country,2023-03-21 16:55:18.402,2023-03-21 16:55:18.402,,,geod_01H5QJ10YN2ERGHEMSS8XQ1P3H,
ctry_01GW2HHDKCQX4EJEVCEME3EEBS,KP,PRK,North Korea,,ðŸ‡°ðŸ‡µ,PRK.name,country,PRK.demonym,country,2023-03-21 16:55:18.402,2023-03-21 16:55:18.402,,,geod_01H5QJ10Y2XSESV8KN9BNGE0HV,
ctry_01GW2HHDKCK11551EN1JD1AMT6,GN,GIN,Guinea,,ðŸ‡¬ðŸ‡³,GIN.name,country,GIN.demonym,country,2023-03-21 16:55:18.402,2023-03-21 16:55:18.402,,,geod_01H5QJ10YFKCDQS7FM2535YGG2,
ctry_01GW2HHDKC0N6MV90J9VWJ6CQN,KN,KNA,Saint Kitts and Nevis,,ðŸ‡°ðŸ‡³,KNA.name,country,KNA.demonym,country,2023-03-21 16:55:18.402,2023-03-21 16:55:18.402,,,geod_01H5QJ10YR6ZMZ42CH8P6A1MZH,
ctry_01GW2HHDKCBYW7V5T1DWEBPFRV,BH,BHR,Bahrain,,ðŸ‡§ðŸ‡­,BHR.name,country,BHR.demonym,country,2023-03-21 16:55:18.402,2023-03-21 16:55:18.402,,,geod_01H5QJ10YVSSCBEACV5YPHXNXJ,
ctry_01GW2HHDKC6BNE39T2DV3QC4NJ,LT,LTU,Lithuania,,ðŸ‡±ðŸ‡¹,LTU.name,country,LTU.demonym,country,2023-03-21 16:55:18.402,2023-03-21 16:55:18.402,,,geod_01H5QJ10YC43ZSPFXWRZQMQPAR,
ctry_01GW2HHDKCJV96MQND976G21HR,GE,GEO,Georgia,,ðŸ‡¬ðŸ‡ª,GEO.name,country,GEO.demonym,country,2023-03-21 16:55:18.402,2023-03-21 16:55:18.402,,,geod_01H5QJ10YDC2KZHCBYX20FWVJN,
ctry_01GW2HHDK67GZQVGA3NZ8PE5SS,AS,ASM,American Samoa,,ðŸ‡¦ðŸ‡¸,ASM.name,country,ASM.demonym,country,2023-03-21 16:55:18.402,2023-05-18 17:03:22.857,t,,geod_01H5QJ10YTN4031DQDER61J71K,
ctry_01GW2HHDKCGEP7FXQHWTQWB904,RS,SRB,Serbia,,ðŸ‡·ðŸ‡¸,SRB.name,country,SRB.demonym,country,2023-03-21 16:55:18.402,2023-03-21 16:55:18.402,,,geod_01H5QJ10YGFJRQPZ13NH8TC18F,
ctry_01GW2HHDKCFG7G5S12F71S6QG5,ML,MLI,Mali,,ðŸ‡²ðŸ‡±,MLI.name,country,MLI.demonym,country,2023-03-21 16:55:18.402,2023-03-21 16:55:18.402,,,geod_01H5QJ10YG9GKXSJ8X8KFQ7QXZ,
ctry_01GW2HHDKC2Q96XZGFSTMMQPNB,MN,MNG,Mongolia,,ðŸ‡²ðŸ‡³,MNG.name,country,MNG.demonym,country,2023-03-21 16:55:18.402,2023-03-21 16:55:18.402,,,geod_01H5QJ10YCYF7BM4TSM788MD7K,
ctry_01GW2HHDKCVDAHZVSVC2YD68XN,DM,DMA,Dominica,,ðŸ‡©ðŸ‡²,DMA.name,country,DMA.demonym,country,2023-03-21 16:55:18.402,2023-03-21 16:55:18.402,,,geod_01H5QJ10YQ5TWPAWCRVQNGZ4HH,
ctry_01GW2HHDKCBG5RYMSXJ7NE0EQH,GL,GRL,Greenland,,ðŸ‡¬ðŸ‡±,GRL.name,country,GRL.demonym,country,2023-03-21 16:55:18.402,2023-03-21 16:55:18.402,,,geod_01H5QJ10YNQK3N5WCDT8XSBV2B,
ctry_01GW2HHDKC2S12HZKRBMRC51WB,ET,ETH,Ethiopia,,ðŸ‡ªðŸ‡¹,ETH.name,country,ETH.demonym,country,2023-03-21 16:55:18.402,2023-03-21 16:55:18.402,,,geod_01H5QJ10Y1RKRC5WZMW8Y6N1F8,
ctry_01GW2HHDKC77VK7AC2YXTJFP9H,LY,LBY,Libya,,ðŸ‡±ðŸ‡¾,LBY.name,country,LBY.demonym,country,2023-03-21 16:55:18.402,2023-03-21 16:55:18.402,,,geod_01H5QJ10YEPD8J9YZ5G75JW7QG,
ctry_01GW2HHDKCGYGA9KDYNQ3CK7H7,NA,NAM,Namibia,,ðŸ‡³ðŸ‡¦,NAM.name,country,NAM.demonym,country,2023-03-21 16:55:18.402,2023-03-21 16:55:18.402,,,geod_01H5QJ10Y281XQH750Y7XX3JE7,
ctry_01GW2HHDKCZNJN6F1J1JTQRZ25,MD,MDA,Moldova,,ðŸ‡²ðŸ‡©,MDA.name,country,MDA.demonym,country,2023-03-21 16:55:18.402,2023-03-21 16:55:18.402,,,geod_01H5QJ10YKZ776YQG8WP0VGGFB,
ctry_01GW2HHDKCS87MJP31FAC9S4NB,BO,BOL,Bolivia,,ðŸ‡§ðŸ‡´,BOL.name,country,BOL.demonym,country,2023-03-21 16:55:18.402,2023-03-21 16:55:18.402,,,geod_01H5QJ10Y0H316JQ8ESNFV5E28,
ctry_01GW2HHDKDEHGJVDQC1VDXFM0P,CW,CUW,CuraÃ§ao,,ðŸ‡¨ðŸ‡¼,CUW.name,country,CUW.demonym,country,2023-03-21 16:55:18.402,2023-03-21 16:55:18.402,,,geod_01H5QJ10YPS5XY0ZJ587YVWP5W,
ctry_01GW2HHDKDHB62D7NFGE7RRNDN,ID,IDN,Indonesia,,ðŸ‡®ðŸ‡©,IDN.name,country,IDN.demonym,country,2023-03-21 16:55:18.402,2023-03-21 16:55:18.402,,,geod_01H5QJ10Y08V85NF9F1HJ8S4VC,
ctry_01GW2HHDKD14G6PFAPNEMTW5F5,BY,BLR,Belarus,,ðŸ‡§ðŸ‡¾,BLR.name,country,BLR.demonym,country,2023-03-21 16:55:18.402,2023-03-21 16:55:18.402,,,geod_01H5QJ10Y2WAHTE54AG8G91KWE,
ctry_01GW2HHDKC5TFN4HP9KQ7QCQR9,SB,SLB,Solomon Islands,,ðŸ‡¸ðŸ‡§,SLB.name,country,SLB.demonym,country,2023-03-21 16:55:18.402,2023-03-21 16:55:18.402,,,geod_01H5QJ10YTHHMAKC44B66GQT95,t
ctry_01GW2HHDKCZ5TVB7QPAQNRS362,TF,ATF,French Southern and Antarctic Lands,,ðŸ‡¹ðŸ‡«,ATF.name,country,ATF.demonym,country,2023-03-21 16:55:18.402,2023-03-21 16:55:18.402,,,geod_01H5QJ10YQ9BN5M6ND28X3STD3,t
ctry_01GW2HHDKDHEQGH45498FKFDM8,LR,LBR,Liberia,,ðŸ‡±ðŸ‡·,LBR.name,country,LBR.demonym,country,2023-03-21 16:55:18.402,2023-03-21 16:55:18.402,,,geod_01H5QJ10YFRBECRGZ4R60EHKCY,
ctry_01GW2HHDKDD06KYX7CY9JJR1SQ,MT,MLT,Malta,,ðŸ‡²ðŸ‡¹,MLT.name,country,MLT.demonym,country,2023-03-21 16:55:18.402,2023-03-21 16:55:18.402,,,geod_01H5QJ10YSNM3YNGXFDHZRSNYT,
ctry_01GW2HHDKD311V08MQJWG7CK03,MF,MAF,Saint Martin,,ðŸ‡²ðŸ‡«,MAF.name,country,MAF.demonym,country,2023-03-21 16:55:18.402,2023-03-21 16:55:18.402,,,geod_01H5QJ10YCSR3QGWFC3A0DE1WG,
ctry_01GW2HHDKDNEGQ31JPB4V9BBMK,ZA,ZAF,South Africa,,ðŸ‡¿ðŸ‡¦,ZAF.name,country,ZAF.demonym,country,2023-03-21 16:55:18.402,2023-03-21 16:55:18.402,,,geod_01H5QJ10YC8M14Q7QNNR1WVS6J,
ctry_01GW2HHDKDMWST2K7SVAAEP7K5,TG,TGO,Togo,,ðŸ‡¹ðŸ‡¬,TGO.name,country,TGO.demonym,country,2023-03-21 16:55:18.402,2023-03-21 16:55:18.402,,,geod_01H5QJ10YM66C96811NF2M5FPH,
ctry_01GW2HHDKD3SFPCG8ED0EP3MX3,AM,ARM,Armenia,,ðŸ‡¦ðŸ‡²,ARM.name,country,ARM.demonym,country,2023-03-21 16:55:18.402,2023-03-21 16:55:18.402,,,geod_01H5QJ10YETVT3YX27DC37W7RX,
ctry_01GW2HHDKD9T5SF5CAMVPA1M4F,SH,SHN,"Saint Helena, Ascension and Tristan da Cunha",,ðŸ‡¸ðŸ‡­,SHN.name,country,,,2023-03-21 16:55:18.402,2023-03-21 16:55:18.402,,,geod_01H5QJ10YRV9XX95R3Y994G1YC,
ctry_01GW2HHDKDSS3YW7W5994KW3ZT,AL,ALB,Albania,,ðŸ‡¦ðŸ‡±,ALB.name,country,ALB.demonym,country,2023-03-21 16:55:18.402,2023-03-21 16:55:18.402,,,geod_01H5QJ10YD3T1FPTCS9K05DX8B,
ctry_01GW2HHDKDE152HYH5H1TD8CK6,AD,AND,Andorra,,ðŸ‡¦ðŸ‡©,AND.name,country,AND.demonym,country,2023-03-21 16:55:18.402,2023-03-21 16:55:18.402,,,geod_01H5QJ10YJJWZ615GK1YFFYPC3,
ctry_01GW2HHDKD48PB3V9R7ZWXZ3KP,SS,SSD,South Sudan,,ðŸ‡¸ðŸ‡¸,SSD.name,country,SSD.demonym,country,2023-03-21 16:55:18.402,2023-03-21 16:55:18.402,,,geod_01H5QJ10Y1NPM3BRNCD8MXB8YA,
ctry_01GW2HHDKDXS2FKHD8YPRKBZPY,GG,GGY,Guernsey,,ðŸ‡¬ðŸ‡¬,GGY.name,country,GGY.demonym,country,2023-03-21 16:55:18.402,2023-03-21 16:55:18.402,,,geod_01H5QJ10YSH6WVXY2YBKDJVZNB,
ctry_01GW2HHDKDWZR3XW85F2G82SME,CZ,CZE,Czechia,,ðŸ‡¨ðŸ‡¿,CZE.name,country,CZE.demonym,country,2023-03-21 16:55:18.402,2023-03-21 16:55:18.402,,,geod_01H5QJ10YCBKPTWGVC5G6BE1ZX,
ctry_01GW2HHDKDT4XD73Q57W6631FN,GP,GLP,Guadeloupe,,ðŸ‡¬ðŸ‡µ,GLP.name,country,GLP.demonym,country,2023-03-21 16:55:18.402,2023-03-21 16:55:18.402,,,geod_01H5QJ1175EY1MKNQ14KZTRRAT,
ctry_01GW2HHDKDK9BZQS106Q7H8XJR,GD,GRD,Grenada,,ðŸ‡¬ðŸ‡©,GRD.name,country,GRD.demonym,country,2023-03-21 16:55:18.402,2023-03-21 16:55:18.402,,,geod_01H5QJ10YQV15PP8ETFKE8HFPQ,
ctry_01GW2HHDKDDHRPPGSEFG2P69F0,PK,PAK,Pakistan,,ðŸ‡µðŸ‡°,PAK.name,country,PAK.demonym,country,2023-03-21 16:55:18.402,2023-03-21 16:55:18.402,,,geod_01H5QJ10YHW4W16S8Y8TVMRH57,
ctry_01GW2HHDKD09MHFTWE9SKVMMJ0,VA,VAT,Vatican City,,ðŸ‡»ðŸ‡¦,VAT.name,country,VAT.demonym,country,2023-03-21 16:55:18.402,2023-03-21 16:55:18.402,,,geod_01H5QJ10YNBPWXG3S1NVKFHER8,
ctry_01GW2HHDKEYSJWN1W0AYDS0NH4,WF,WLF,Wallis and Futuna,,ðŸ‡¼ðŸ‡«,WLF.name,country,WLF.demonym,country,2023-03-21 16:55:18.402,2023-03-21 16:55:18.402,,,geod_01H5QJ10YTAZCP24QQGTS413AE,
ctry_01GW2HHDKEZMTF03P4JYAFZRN1,CM,CMR,Cameroon,,ðŸ‡¨ðŸ‡²,CMR.name,country,CMR.demonym,country,2023-03-21 16:55:18.402,2023-03-21 16:55:18.402,,,geod_01H5QJ10YM7MRVZ26F93KAQKP6,
ctry_01GW2HHDKEVZK4MDJTHQ025AQG,JM,JAM,Jamaica,,ðŸ‡¯ðŸ‡²,JAM.name,country,JAM.demonym,country,2023-03-21 16:55:18.402,2023-03-21 16:55:18.402,,,geod_01H5QJ10YR2DY5BSM3EQHN7RYC,
ctry_01GW2HHDKEFVF6N0VM03AGGZF7,TM,TKM,Turkmenistan,,ðŸ‡¹ðŸ‡²,TKM.name,country,TKM.demonym,country,2023-03-21 16:55:18.402,2023-03-21 16:55:18.402,,,geod_01H5QJ10YK40A93VEPYWJGY5B3,
ctry_01GW2HHDKEGN1AYW58P63XQPZ0,BN,BRN,Brunei,,ðŸ‡§ðŸ‡³,BRN.name,country,BRN.demonym,country,2023-03-21 16:55:18.402,2023-03-21 16:55:18.402,,,geod_01H5QJ10YJHGT2CT9JAX032W6P,
ctry_01GW2HHDKEW7A1ZRA4EFNWN6FB,GH,GHA,Ghana,,ðŸ‡¬ðŸ‡­,GHA.name,country,GHA.demonym,country,2023-03-21 16:55:18.402,2023-03-21 16:55:18.402,,,geod_01H5QJ10YMWVWTMC2X6B9K787M,
ctry_01GW2HHDKE2127XE2CXSCB0SWG,KW,KWT,Kuwait,,ðŸ‡°ðŸ‡¼,KWT.name,country,KWT.demonym,country,2023-03-21 16:55:18.402,2023-03-21 16:55:18.402,,,geod_01H5QJ10YH3AGDFJTN45X918W3,
ctry_01GW2HHDKE6ZTA1B0KNFYXA7XZ,ER,ERI,Eritrea,,ðŸ‡ªðŸ‡·,ERI.name,country,ERI.demonym,country,2023-03-21 16:55:18.402,2023-03-21 16:55:18.402,,,geod_01H5QJ10YFBF8J265TK6XCGM2J,
ctry_01GW2HHDKENXBKBZTFJ4PA6Z2C,ZW,ZWE,Zimbabwe,,ðŸ‡¿ðŸ‡¼,ZWE.name,country,ZWE.demonym,country,2023-03-21 16:55:18.402,2023-03-21 16:55:18.402,,,geod_01H5QJ10YHC0WR7DQS9YVDQ9VG,
ctry_01GW2HHDKE97QHYGJXTAGWENKK,TZ,TZA,Tanzania,,ðŸ‡¹ðŸ‡¿,TZA.name,country,TZA.demonym,country,2023-03-21 16:55:18.402,2023-03-21 16:55:18.402,,,geod_01H5QJ10Y1FAR7FEV1ZGHFF7NP,
ctry_01GW2HHDKEM266QFKJYJVHC53T,EE,EST,Estonia,,ðŸ‡ªðŸ‡ª,EST.name,country,EST.demonym,country,2023-03-21 16:55:18.402,2023-03-21 16:55:18.402,,,geod_01H5QJ10YD9EHBSSMTA0ZZPS0P,
ctry_01GW2HHDKEZN2DQG8Y7XVGHA0G,BZ,BLZ,Belize,,ðŸ‡§ðŸ‡¿,BLZ.name,country,BLZ.demonym,country,2023-03-21 16:55:18.402,2023-03-21 16:55:18.402,,,geod_01H5QJ10YM5J6EX8QVV41N5R4Z,
ctry_01GW2HHDKE6SRWQT7YKMEV7N5Y,SA,SAU,Saudi Arabia,,ðŸ‡¸ðŸ‡¦,SAU.name,country,SAU.demonym,country,2023-03-21 16:55:18.402,2023-03-21 16:55:18.402,,,geod_01H5QJ10YHV3H8G0W7802C8833,
ctry_01GW2HHDKEKF565F1E5ZPTXFHE,NZ,NZL,New Zealand,,ðŸ‡³ðŸ‡¿,NZL.name,country,NZL.demonym,country,2023-03-21 16:55:18.402,2023-03-21 16:55:18.402,,,geod_01H5QJ10YP075WTWH53FB366S7,
ctry_01GW2HHDKE747AN7G49Z1R39X7,CO,COL,Colombia,,ðŸ‡¨ðŸ‡´,COL.name,country,COL.demonym,country,2023-03-21 16:55:18.402,2023-03-21 16:55:18.402,,,geod_01H5QJ10YK60N3VACQKNPF61PH,
ctry_01GW2HHDKEZED648DCY8RGH5NA,MY,MYS,Malaysia,,ðŸ‡²ðŸ‡¾,MYS.name,country,MYS.demonym,country,2023-03-21 16:55:18.402,2023-03-21 16:55:18.402,,,geod_01H5QJ10Y033CF46RFTB7QG8VT,
ctry_01GW2HHDKE7QG3QATZ72P7YT7V,AG,ATG,Antigua and Barbuda,,ðŸ‡¦ðŸ‡¬,ATG.name,country,ATG.demonym,country,2023-03-21 16:55:18.402,2023-03-21 16:55:18.402,,,geod_01H5QJ10YRY6XV7QHTCQ5FCZXY,
ctry_01GW2HHDKE6FEQT1R83S60KVPT,BM,BMU,Bermuda,,ðŸ‡§ðŸ‡²,BMU.name,country,BMU.demonym,country,2023-03-21 16:55:18.402,2023-03-21 16:55:18.402,,,geod_01H5QJ10YRQREBZN0MSRFJFRVP,
ctry_01GW2HHDKEH1KYC4T8236ZSY3C,AT,AUT,Austria,,ðŸ‡¦ðŸ‡¹,AUT.name,country,AUT.demonym,country,2023-03-21 16:55:18.402,2023-03-21 16:55:18.402,,,geod_01H5QJ10YF71JWK2Z43K9P8EYX,
ctry_01GW2HHDKFTYX6T84QB1WZYYAY,WS,WSM,Samoa,,ðŸ‡¼ðŸ‡¸,WSM.name,country,WSM.demonym,country,2023-03-21 16:55:18.402,2023-03-21 16:55:18.402,,,geod_01H5QJ10YTX8N4S5Y6T08RQBK7,
ctry_01GW2HHDKF91Z0RAW6TC6P5TAP,UG,UGA,Uganda,,ðŸ‡ºðŸ‡¬,UGA.name,country,UGA.demonym,country,2023-03-21 16:55:18.402,2023-03-21 16:55:18.402,,,geod_01H5QJ10YK130WS65E8BGHG4C4,
ctry_01GW2HHDKFT9BZY0XPP6DESZX8,NP,NPL,Nepal,,ðŸ‡³ðŸ‡µ,NPL.name,country,NPL.demonym,country,2023-03-21 16:55:18.402,2023-03-21 16:55:18.402,,,geod_01H5QJ10YK4NGDB80NCMWHWBME,
ctry_01GW2HHDKF47X5KGDW8RWF841A,PY,PRY,Paraguay,,ðŸ‡µðŸ‡¾,PRY.name,country,PRY.demonym,country,2023-03-21 16:55:18.402,2023-03-21 16:55:18.402,,,geod_01H5QJ10YKG0MD2EGXV6X6V4AM,
ctry_01GW2HHDKFCKFTFJP7MARGNHRZ,AU,AUS,Australia,,ðŸ‡¦ðŸ‡º,AUS.name,country,AUS.demonym,country,2023-03-21 16:55:18.402,2023-03-21 16:55:18.402,,,geod_01H5QJ10YNVFTJQF74154BS3QN,
ctry_01GW2HHDKF8Y6KNW8X28APN60W,FO,FRO,Faroe Islands,,ðŸ‡«ðŸ‡´,FRO.name,country,FRO.demonym,country,2023-03-21 16:55:18.402,2023-03-21 16:55:18.402,,,geod_01H5QJ10YSABMT11PBSQ9FV1F9,
ctry_01GW2HHDKFGDMKVKEAVVCVHXG4,KG,KGZ,Kyrgyzstan,,ðŸ‡°ðŸ‡¬,KGZ.name,country,KGZ.demonym,country,2023-03-21 16:55:18.402,2023-03-21 16:55:18.402,,,geod_01H5QJ10YEKHRAW547G8Q3V8ZF,
ctry_01GW2HHDKFK3ME6G5ZNBVT26XS,PF,PYF,French Polynesia,,ðŸ‡µðŸ‡«,PYF.name,country,PYF.demonym,country,2023-03-21 16:55:18.402,2023-03-21 16:55:18.402,,,geod_01H5QJ10YQ110BCSJFSS8YQCHN,
ctry_01GW2HHDKFWZA5DF33HK20AMQK,EC,ECU,Ecuador,,ðŸ‡ªðŸ‡¨,ECU.name,country,ECU.demonym,country,2023-03-21 16:55:18.402,2023-03-21 16:55:18.402,,,geod_01H5QJ10YK2E8GGF7BXM0B2TPG,
ctry_01GW2HHDKF1ZKQGXHGKH67QXYA,HK,HKG,Hong Kong,,ðŸ‡­ðŸ‡°,HKG.name,country,HKG.demonym,country,2023-03-21 16:55:18.402,2023-03-21 16:55:18.402,,,geod_01H5QJ10YN3T8PVB4ECBF1R1JA,
ctry_01GW2HHDKF1NR34T2G6FMKQCYD,TL,TLS,Timor-Leste,,ðŸ‡¹ðŸ‡±,TLS.name,country,TLS.demonym,country,2023-03-21 16:55:18.402,2023-03-21 16:55:18.402,,,geod_01H5QJ10YJ9DAW7M7T38X7A8M4,
ctry_01GW2HHDKFYB0C2FBC8KQ50M36,VC,VCT,Saint Vincent and the Grenadines,,ðŸ‡»ðŸ‡¨,VCT.name,country,VCT.demonym,country,2023-03-21 16:55:18.402,2023-03-21 16:55:18.402,,,geod_01H5QJ10YQEE0223G21KKKKV0B,
ctry_01GW2HHDKFX9C6AWNQ3F32P95P,VN,VNM,Vietnam,,ðŸ‡»ðŸ‡³,VNM.name,country,VNM.demonym,country,2023-03-21 16:55:18.402,2023-03-21 16:55:18.402,,,geod_01H5QJ10YD1ZTWBR71XQ0M005F,
ctry_01GW2HHDKF939YJGVTR7H30KPX,IE,IRL,Ireland,,ðŸ‡®ðŸ‡ª,IRL.name,country,IRL.demonym,country,2023-03-21 16:55:18.402,2023-03-21 16:55:18.402,,,geod_01H5QJ10YFR22KXFATG3GY0KJE,
ctry_01GW2HHDKFPPCXV7F8BNVZZ81G,FI,FIN,Finland,,ðŸ‡«ðŸ‡®,FIN.name,country,FIN.demonym,country,2023-03-21 16:55:18.402,2023-03-21 16:55:18.402,,,geod_01H5QJ10YDAZCD54F893HG1YSQ,
ctry_01GW2HHDKFEWN5X3FJ1QFQ55NW,JP,JPN,Japan,,ðŸ‡¯ðŸ‡µ,JPN.name,country,JPN.demonym,country,2023-03-21 16:55:18.402,2023-03-21 16:55:18.402,,,geod_01H5QJ10YP09SMT06RGHTRZRS3,
ctry_01GW2HHDKGHKX9XHGFYN7FAF95,NF,NFK,Norfolk Island,,ðŸ‡³ðŸ‡«,NFK.name,country,NFK.demonym,country,2023-03-21 16:55:18.402,2023-03-21 16:55:18.402,,,geod_01H5QJ10YST9GKYC9AKA2JADWB,
ctry_01GW2HHDKGTHZA8H042BMMGF3J,BR,BRA,Brazil,,ðŸ‡§ðŸ‡·,BRA.name,country,BRA.demonym,country,2023-03-21 16:55:18.402,2023-03-21 16:55:18.402,,,geod_01H5QJ10YCZMW96H6JVJFZZBYP,
ctry_01GW2HHDKGA35BCNN91RB2DFX7,ME,MNE,Montenegro,,ðŸ‡²ðŸ‡ª,MNE.name,country,MNE.demonym,country,2023-03-21 16:55:18.402,2023-03-21 16:55:18.402,,,geod_01H5QJ10YJKV7RC35RDEDA3HJ7,
ctry_01GW2HHDKGRJCTDX2GK4ZZDKAS,GY,GUY,Guyana,,ðŸ‡¬ðŸ‡¾,GUY.name,country,GUY.demonym,country,2023-03-21 16:55:18.402,2023-03-21 16:55:18.402,,,geod_01H5QJ10Y2TEGDWZYD3P3N3HPT,
ctry_01GW2HHDKG21ZM449SKC9HB5YK,SK,SVK,Slovakia,,ðŸ‡¸ðŸ‡°,SVK.name,country,SVK.demonym,country,2023-03-21 16:55:18.402,2023-03-21 16:55:18.402,,,geod_01H5QJ10YE5GZG2DZSKR8AKTDS,
ctry_01GW2HHDKGB3V0H2DKQA84VA5K,MC,MCO,Monaco,,ðŸ‡²ðŸ‡¨,MCO.name,country,MCO.demonym,country,2023-03-21 16:55:18.402,2023-03-21 16:55:18.402,,,geod_01H5QJ10YJ0TQGSCEK4R94QZ1S,
ctry_01GW2HHDKGEYB1AM0P2DVYBS7A,CN,CHN,China,,ðŸ‡¨ðŸ‡³,CHN.name,country,CHN.demonym,country,2023-03-21 16:55:18.402,2023-03-21 16:55:18.402,,,geod_01H5QJ10Y0JW1X7Y8WWA2B6ZKW,
ctry_01GW2HHDKGHT708N7RM8QDDEBK,AW,ABW,Aruba,,ðŸ‡¦ðŸ‡¼,ABW.name,country,ABW.demonym,country,2023-03-21 16:55:18.402,2023-03-21 16:55:18.402,,,geod_01H5QJ10YPHSX0BNJMYJD62XK5,
ctry_01GW2HHDKG8SKA53C146FV5E0G,LA,LAO,Laos,,ðŸ‡±ðŸ‡¦,LAO.name,country,LAO.demonym,country,2023-03-21 16:55:18.402,2023-03-21 16:55:18.402,,,geod_01H5QJ10YEB4EBA1P4GJ62Z5VA,
ctry_01GW2HHDKGJG43HR2M2T7JQ5DC,VE,VEN,Venezuela,,ðŸ‡»ðŸ‡ª,VEN.name,country,VEN.demonym,country,2023-03-21 16:55:18.402,2023-03-21 16:55:18.402,,,geod_01H5QJ10YMS9Y41WB2GTTR01QB,
ctry_01GW2HHDKGRRZM6X62GJ3M62Z4,PS,PSE,Palestine,,ðŸ‡µðŸ‡¸,PSE.name,country,PSE.demonym,country,2023-03-21 16:55:18.402,2023-03-21 16:55:18.402,,,geod_01H5QJ10Y116CF5198V6HRBGVH,
ctry_01GW2HHDKGQMAVVKJ3SPPCS689,SX,SXM,Sint Maarten,,ðŸ‡¸ðŸ‡½,SXM.name,country,SXM.demonym,country,2023-03-21 16:55:18.402,2023-03-21 16:55:18.402,,,geod_01H5QJ10YCE7QFYNCN3QR0E4TZ,
ctry_01GW2HHDKGGQ8SZPJH74RXNCP6,HU,HUN,Hungary,,ðŸ‡­ðŸ‡º,HUN.name,country,HUN.demonym,country,2023-03-21 16:55:18.402,2023-03-21 16:55:18.402,,,geod_01H5QJ10YERQDMCGHJ8T8A2M30,
ctry_01GW2HHDKGGTVBR39ZYJVVDGNY,DE,DEU,Germany,,ðŸ‡©ðŸ‡ª,DEU.name,country,DEU.demonym,country,2023-03-21 16:55:18.402,2023-03-21 16:55:18.402,,,geod_01H5QJ10YCXKEXPFEGNWC58ZHJ,
ctry_01GW2HHDKG1TWFSYE4QQ6CRFX7,TO,TON,Tonga,,ðŸ‡¹ðŸ‡´,TON.name,country,TON.demonym,country,2023-03-21 16:55:18.402,2023-03-21 16:55:18.402,,,geod_01H5QJ10YSPDB3BZ6154E9PAD8,
ctry_01GW2HHDKGM9N3RGKASW4677KV,IQ,IRQ,Iraq,,ðŸ‡®ðŸ‡¶,IRQ.name,country,IRQ.demonym,country,2023-03-21 16:55:18.402,2023-03-21 16:55:18.402,,,geod_01H5QJ10YGT424H9RYJ1JFDN65,
ctry_01GW2HHDKGVAGE7SGTXWD5V2EP,TH,THA,Thailand,,ðŸ‡¹ðŸ‡­,THA.name,country,THA.demonym,country,2023-03-21 16:55:18.402,2023-03-21 16:55:18.402,,,geod_01H5QJ10YHHFK25RGBRFX2CQQC,
ctry_01GW2HHDKHHXXT7NMR9TQ0TY97,FM,FSM,Micronesia,,ðŸ‡«ðŸ‡²,FSM.name,country,FSM.demonym,country,2023-03-21 16:55:18.402,2023-03-21 16:55:18.402,,,geod_01H5QJ10YTZS1S3FB6Q7HB1QCM,
ctry_01GW2HHDKHCQVPDAC0H3PQV53N,BE,BEL,Belgium,,ðŸ‡§ðŸ‡ª,BEL.name,country,BEL.demonym,country,2023-03-21 16:55:18.402,2023-03-21 16:55:18.402,,,geod_01H5QJ10YDERV15TXSS2GWTRD4,
ctry_01GW2HHDKH6NG85CKMSESSPHQK,KR,KOR,South Korea,,ðŸ‡°ðŸ‡·,KOR.name,country,KOR.demonym,country,2023-03-21 16:55:18.402,2023-03-21 16:55:18.402,,,geod_01H5QJ10Y2A1CHMXAHZ4M9DBNS,
ctry_01GW2HHDKH7Z155XNFE328RJK5,DK,DNK,Denmark,,ðŸ‡©ðŸ‡°,DNK.name,country,DNK.demonym,country,2023-03-21 16:55:18.402,2023-03-21 16:55:18.402,,,geod_01H5QJ10YE3XV052R5RNA9KR91,
ctry_01GW2HHDKH3SMD6TVK8MPGE6DD,OM,OMN,Oman,,ðŸ‡´ðŸ‡²,OMN.name,country,OMN.demonym,country,2023-03-21 16:55:18.402,2023-03-21 16:55:18.402,,,geod_01H5QJ10YCKF9WH5BMSCQZQ7HC,
ctry_01GW2HHDK9B08AAMK0WGCVR313,NU,NIU,Niue,,ðŸ‡³ðŸ‡º,NIU.name,country,NIU.demonym,country,2023-03-21 16:55:18.402,2023-03-21 16:55:18.402,,,geod_01H5QJ10YTAHQN084AX7CZ6T5X,
ctry_01GW2HHDK95AW3T41X8R552F6R,SI,SVN,Slovenia,,ðŸ‡¸ðŸ‡®,SVN.name,country,SVN.demonym,country,2023-03-21 16:55:18.402,2023-03-21 16:55:18.402,,,geod_01H5QJ10YGFZMBAZ3XHABR11B4,
ctry_01GW2HHDK9HZ6M9Q2PJEX8T6HA,PG,PNG,Papua New Guinea,,ðŸ‡µðŸ‡¬,PNG.name,country,PNG.demonym,country,2023-03-21 16:55:18.402,2023-03-21 16:55:18.402,,,geod_01H5QJ10YM4BAJ7X2SPQV3CEPJ,
ctry_01GW2HHDKH5GV00V6MM2F7CZ3P,GF,GUF,French Guiana,,ðŸ‡¬ðŸ‡«,GUF.name,country,,,2023-03-21 16:55:18.402,2023-03-21 16:55:18.402,,,geod_01H5QJ10YZRWJ20Y2PA5AZ6K8M,
ctry_01GW2HHDKJ4620D1AB421E7JYX,SN,SEN,Senegal,,ðŸ‡¸ðŸ‡³,SEN.name,country,SEN.demonym,country,2023-03-21 16:55:18.402,2023-03-21 16:55:18.402,,,geod_01H5QJ10YG5WW81A94X9FAX9HC,
ctry_01GW2HHDKHCN2Q3JMYRQ7HJ5VH,MS,MSR,Montserrat,,ðŸ‡²ðŸ‡¸,MSR.name,country,MSR.demonym,country,2023-03-21 16:55:18.402,2023-03-21 16:55:18.402,,,geod_01H5QJ10YQCZNAVR0W92DNCYV4,
ctry_01GW2HHDKCRS9KW4FG2WR2GG06,UM,UMI,United States Minor Outlying Islands,,ðŸ‡ºðŸ‡²,UMI.name,country,UMI.demonym,country,2023-03-21 16:55:18.402,2023-05-18 17:03:22.857,t,,geod_01H5QJ10YQZP026PQ1T7HM1ACN,t
ctry_01GW2HHDK6TWQ3BN3PG06DQ3HM,FR,FRA,France,,ðŸ‡«ðŸ‡·,FRA.name,country,FRA.demonym,country,2023-03-21 16:55:18.402,2023-03-21 16:55:18.402,,,geod_01H5QJ10Y1K8R696MRETYAQ7GJ,
ctry_01GW2HHDK7QA15RA6W4YR0YTPQ,BT,BTN,Bhutan,,ðŸ‡§ðŸ‡¹,BTN.name,country,BTN.demonym,country,2023-03-21 16:55:18.402,2023-03-21 16:55:18.402,,,geod_01H5QJ10Y2YCZZM0YCQ5FT8J5Z,
ctry_01GW2HHDK73TNXH3DFC5BV244P,ST,STP,SÃ£o TomÃ© and PrÃ­ncipe,,ðŸ‡¸ðŸ‡¹,STP.name,country,STP.demonym,country,2023-03-21 16:55:18.402,2023-03-21 16:55:18.402,,,geod_01H5QJ10YS6Y64JYVQFVCECYAD,
ctry_01GW2HHDK79QNCV8EVYND8E6MY,NR,NRU,Nauru,,ðŸ‡³ðŸ‡·,NRU.name,country,NRU.demonym,country,2023-03-21 16:55:18.402,2023-03-21 16:55:18.402,,,geod_01H5QJ10YT568NB8RKTXY4QRN3,
ctry_01GW2HHDK7Z5N9Q2JPZNXP8VPE,GA,GAB,Gabon,,ðŸ‡¬ðŸ‡¦,GAB.name,country,GAB.demonym,country,2023-03-21 16:55:18.402,2023-03-21 16:55:18.402,,,geod_01H5QJ10YMFQZKFQ74W30PKJV3,
ctry_01GW2HHDK7HMC32S6PHPMFACZX,NC,NCL,New Caledonia,,ðŸ‡³ðŸ‡¨,NCL.name,country,NCL.demonym,country,2023-03-21 16:55:18.402,2023-03-21 16:55:18.402,,,geod_01H5QJ10YPAQVN8S0SG2E6YQS2,
ctry_01GW2HHDKCW140K2TYTEE750YT,CF,CAF,Central African Republic,,ðŸ‡¨ðŸ‡«,CAF.name,country,CAF.demonym,country,2023-03-21 16:55:18.402,2023-03-21 16:55:18.402,,,geod_01H5QJ10YFQ32MYPX2DHFF8YQB,t
ctry_01GW2HHDK74HTQCYV1EVM79B1G,NO,NOR,Norway,,ðŸ‡³ðŸ‡´,NOR.name,country,NOR.demonym,country,2023-03-21 16:55:18.402,2023-03-21 16:55:18.402,,,geod_01H5QJ10YDFH046476BYGYEPT7,
ctry_01GW2HHDKCGAXYVWHRWSD40516,DO,DOM,Dominican Republic,,ðŸ‡©ðŸ‡´,DOM.name,country,DOM.demonym,country,2023-03-21 16:55:18.402,2023-03-21 16:55:18.402,,,geod_01H5QJ10YHBRNP13T194FGZGP6,t
ctry_01GW2HHDK7BMH7NEWWCXXE4XTG,TV,TUV,Tuvalu,,ðŸ‡¹ðŸ‡»,TUV.name,country,TUV.demonym,country,2023-03-21 16:55:18.402,2023-03-21 16:55:18.402,,,geod_01H5QJ10YTMRC7MTTE88FM6RDZ,
ctry_01GW2HHDK7H0GWV1MRQ6EF6E8N,IN,IND,India,,ðŸ‡®ðŸ‡³,IND.name,country,IND.demonym,country,2023-03-21 16:55:18.402,2023-03-21 16:55:18.402,,,geod_01H5QJ10Y0X6WW4Z3R7DW6ZR95,
ctry_01GW2HHDKD20967VJAPNPBARXM,CG,COG,Republic of the Congo,,ðŸ‡¨ðŸ‡¬,COG.name,country,COG.demonym,country,2023-03-21 16:55:18.402,2023-03-21 16:55:18.402,,,geod_01H5QJ10Y2FV33SW7BFSXDGXRZ,t
ctry_01GW2HHDKDXBNPG01NBMPKYFZ2,AE,ARE,United Arab Emirates,,ðŸ‡¦ðŸ‡ª,ARE.name,country,ARE.demonym,country,2023-03-21 16:55:18.402,2023-03-21 16:55:18.402,,,geod_01H5QJ10YD9Q6TA7T0EG8TEJF1,t
ctry_01GW2HHDKE2EJHZ22HF2GWSB4H,KM,COM,Comoros,,ðŸ‡°ðŸ‡²,COM.name,country,COM.demonym,country,2023-03-21 16:55:18.402,2023-03-21 16:55:18.402,,,geod_01H5QJ10YRSDGMSBS8VKR5YN4A,t
ctry_01GW2HHDKE1JW9G222WXWADT5M,FK,FLK,Falkland Islands,,ðŸ‡«ðŸ‡°,FLK.name,country,FLK.demonym,country,2023-03-21 16:55:18.402,2023-03-21 16:55:18.402,,,geod_01H5QJ10YTFK8PPMXCB268M4X3,t
ctry_01GW2HHDKEE1FJ2XTH7MA2AZP1,TC,TCA,Turks and Caicos Islands,,ðŸ‡¹ðŸ‡¨,TCA.name,country,TCA.demonym,country,2023-03-21 16:55:18.402,2023-03-21 16:55:18.402,,,geod_01H5QJ10YPT2KW266VNRZYBHQB,t
ctry_01GW2HHDKFTPR1W2P2M9E081J5,GB,GBR,United Kingdom,,ðŸ‡¬ðŸ‡§,GBR.name,country,GBR.demonym,country,2023-03-21 16:55:18.402,2023-03-21 16:55:18.402,,,geod_01H5QJ10YFEP4SRDYMREG9GRNW,t
ctry_01GW2HHDKFVJ4QNETXPR3PGZES,HM,HMD,Heard Island and McDonald Islands,,ðŸ‡­ðŸ‡²,HMD.name,country,HMD.demonym,country,2023-03-21 16:55:18.402,2023-03-21 16:55:18.402,,,geod_01H5QJ10YR32WFXQWEG6VGGPE9,t
ctry_01GW2HHDKG19TTZ3XA7NKMZ3TJ,IO,IOT,British Indian Ocean Territory,,ðŸ‡®ðŸ‡´,IOT.name,country,IOT.demonym,country,2023-03-21 16:55:18.402,2023-03-21 16:55:18.402,,,geod_01H5QJ10YSRWBG35MSXJVV9GGT,t
ctry_01GW2HHDKHF02X3NEPGZ12ZFZV,SC,SYC,Seychelles,,ðŸ‡¸ðŸ‡¨,SYC.name,country,SYC.demonym,country,2023-03-21 16:55:18.402,2023-03-21 16:55:18.402,,,geod_01H5QJ10YQ9J15BPTXZYFDPPMA,t
ctry_01GW2HHDKFJ4Q7PBTTN4GSMPV0,MP,MNP,Northern Mariana Islands,,ðŸ‡²ðŸ‡µ,MNP.name,country,MNP.demonym,country,2023-03-21 16:55:18.402,2023-05-18 17:03:22.857,t,,geod_01H5QJ10YVD4CQ5XQG6SEB69ZV,t
ctry_01GW2HHDK8FK98CXW90F5HFRJH,CK,COK,Cook Islands,,ðŸ‡¨ðŸ‡°,COK.name,country,COK.demonym,country,2023-03-21 16:55:18.402,2023-03-21 16:55:18.402,,,geod_01H5QJ10YSQ75GP2K4WCHPHM09,t
ctry_01GW2HHDKJRNN53ENTSS4Z001K,PN,PCN,Pitcairn Islands,,ðŸ‡µðŸ‡³,PCN.name,country,PCN.demonym,country,2023-03-21 16:55:18.402,2023-03-21 16:55:18.402,,,geod_01H5QJ10YPE6DHP08C5CQJ1YH1,t
ctry_01GW2HHDK8HTCM0MWQXBJRXEYB,MH,MHL,Marshall Islands,,ðŸ‡²ðŸ‡­,MHL.name,country,MHL.demonym,country,2023-03-21 16:55:18.402,2023-06-27 21:10:16.225,t,,geod_01H5QJ10YQR3WB5QR44BHFX95E,t
ctry_01GW2HHDK7AMX8NEKVMBA64YJS,CD,COD,DR Congo,,ðŸ‡¨ðŸ‡©,COD.name,country,COD.demonym,country,2023-03-21 16:55:18.402,2023-03-21 16:55:18.402,,,geod_01H5QJ10Y2BTA9TCB0QNEHYRA0,t
ctry_01GW2HHDK7T16K1ZJ1PZX1E1ZV,KH,KHM,Cambodia,,ðŸ‡°ðŸ‡­,KHM.name,country,KHM.demonym,country,2023-03-21 16:55:18.402,2023-03-21 16:55:18.402,,,geod_01H5QJ10YDZJSPHVAKX3EV46G4,
ctry_01GW2HHDK7DF62BBZYJCBFGVYY,MU,MUS,Mauritius,,ðŸ‡²ðŸ‡º,MUS.name,country,MUS.demonym,country,2023-03-21 16:55:18.402,2023-03-21 16:55:18.402,,,geod_01H5QJ10YRS1D6VWMYMZ9GVCYW,
ctry_01GW2HHDK796T1HRBRQMRV2ZGH,SM,SMR,San Marino,,ðŸ‡¸ðŸ‡²,SMR.name,country,SMR.demonym,country,2023-03-21 16:55:18.402,2023-03-21 16:55:18.402,,,geod_01H5QJ10YH8S5H215TMBMWS8CY,
ctry_01GW2HHDK99MQM7GZ8EN4WZ9FK,MM,MMR,Myanmar,,ðŸ‡²ðŸ‡²,MMR.name,country,MMR.demonym,country,2023-03-21 16:55:18.402,2023-03-21 16:55:18.402,,,geod_01H5QJ10YJQ3TBBJS7SWSSD99A,
ctry_01GW2HHDK9ZK9PGCD8MGCD8YN9,EG,EGY,Egypt,,ðŸ‡ªðŸ‡¬,EGY.name,country,EGY.demonym,country,2023-03-21 16:55:18.402,2023-03-21 16:55:18.402,,,geod_01H5QJ10YNYTNF3K3EBEDQQV3T,
ctry_01GW2HHDK9NG4F38ZGH49JE311,LB,LBN,Lebanon,,ðŸ‡±ðŸ‡§,LBN.name,country,LBN.demonym,country,2023-03-21 16:55:18.402,2023-03-21 16:55:18.402,,,geod_01H5QJ10Y1F23A5WCS3C8S9ENR,
ctry_01GW2HHDK9D4RQ30ZEV336H36F,KE,KEN,Kenya,,ðŸ‡°ðŸ‡ª,KEN.name,country,KEN.demonym,country,2023-03-21 16:55:18.402,2023-03-21 16:55:18.402,,,geod_01H5QJ10YNNQ9654R3N246YVDP,
ctry_01GW2HHDK95TZ43CS71K1P62JD,GQ,GNQ,Equatorial Guinea,,ðŸ‡¬ðŸ‡¶,GNQ.name,country,GNQ.demonym,country,2023-03-21 16:55:18.402,2023-03-21 16:55:18.402,,,geod_01H5QJ10YN6GC7PHK5Q2FQMHPK,
ctry_01GW2HHDK9SZZ6W0GPYA0STVYG,HR,HRV,Croatia,,ðŸ‡­ðŸ‡·,HRV.name,country,HRV.demonym,country,2023-03-21 16:55:18.402,2023-03-21 16:55:18.402,,,geod_01H5QJ10YG5PH66R12A794XCHK,
ctry_01GW2HHDKAE2X1VJCYX05SQ15T,KZ,KAZ,Kazakhstan,,ðŸ‡°ðŸ‡¿,KAZ.name,country,KAZ.demonym,country,2023-03-21 16:55:18.402,2023-03-21 16:55:18.402,,,geod_01H5QJ10YCAYS96B3ETB6MM3JR,
ctry_01GW2HHDKA32KTYFEBFF1FRX6G,XK,UNK,Kosovo,,ðŸ‡½ðŸ‡°,UNK.name,country,UNK.demonym,country,2023-03-21 16:55:18.402,2023-03-21 16:55:18.402,,,geod_01H5QJ10YERED935MXVRN6CFCG,
ctry_01GW2HHDK90V1XFYZ6AWB05J58,GM,GMB,Gambia,,ðŸ‡¬ðŸ‡²,GMB.name,country,GMB.demonym,country,2023-03-21 16:55:18.402,2023-03-21 16:55:18.402,,,geod_01H5QJ10YN45DNMVET0WJ5H5GX,t
ctry_01GW2HHDKAQTGEVED1E27QW61N,PH,PHL,Philippines,,ðŸ‡µðŸ‡­,PHL.name,country,PHL.demonym,country,2023-03-21 16:55:18.402,2023-03-21 16:55:18.402,,,geod_01H5QJ10YPEQ1KKVHTFS2A9CMZ,t
ctry_01GW2HHDK9JPEM2C72VSS71G4H,BQ,BES,Caribbean Netherlands,,ðŸ‡§ðŸ‡¶,BES.name,country,,,2023-03-21 16:55:18.402,2023-03-21 16:55:18.402,,,,t
ctry_01GW2HHDKH7K0Z1YPRYG3CMEMW,BS,BHS,Bahamas,,ðŸ‡§ðŸ‡¸,BHS.name,country,BHS.demonym,country,2023-03-21 16:55:18.402,2023-03-21 16:55:18.402,,,geod_01H5QJ10YPEJBSMSM1H5DKGM9Q,t
ctry_01GW2HHDK9M26M80SG63T21SVH,US,USA,United States,,ðŸ‡ºðŸ‡¸,USA.name,country,USA.demonym,country,2023-03-21 16:55:18.402,2023-05-22 23:14:04.729,t,t,geod_01H5QJ10YM099PT8RPC00WMMHS,t
ctry_01GW2HHDKAYQQC5ZYAY81QFF4G,AR,ARG,Argentina,,ðŸ‡¦ðŸ‡·,ARG.name,country,ARG.demonym,country,2023-03-21 16:55:18.402,2023-03-21 16:55:18.402,,,geod_01H5QJ10Y0GZP5BQTVF3W8J5MN,
ctry_01GW2HHDK9W45HXETV96K8CZAZ,PT,PRT,Portugal,,ðŸ‡µðŸ‡¹,PRT.name,country,PRT.demonym,country,2023-03-21 16:55:18.402,2023-03-21 16:55:18.402,,,geod_01H5QJ10YK11DAG9ADD81EWG55,
ctry_01GW2HHDK94QVSXT8Q12EDB4XP,TT,TTO,Trinidad and Tobago,,ðŸ‡¹ðŸ‡¹,TTO.name,country,TTO.demonym,country,2023-03-21 16:55:18.402,2023-03-21 16:55:18.402,,,geod_01H5QJ10YQNRWD1ZPCH5Z7EE18,
ctry_01GW2HHDKAHQVZWP2NHE3A02B5,TJ,TJK,Tajikistan,,ðŸ‡¹ðŸ‡¯,TJK.name,country,TJK.demonym,country,2023-03-21 16:55:18.402,2023-03-21 16:55:18.402,,,geod_01H5QJ10YCX6BA68G9NDNDHAP8,
ctry_01GW2HHDKA3CZ3WF381DJZ5D0Z,AZ,AZE,Azerbaijan,,ðŸ‡¦ðŸ‡¿,AZE.name,country,AZE.demonym,country,2023-03-21 16:55:18.402,2023-03-21 16:55:18.402,,,geod_01H5QJ10YE916BNWRBM44K4P59,
ctry_01GW2HHDKAGCFGK8W1ZFE62QKQ,RO,ROU,Romania,,ðŸ‡·ðŸ‡´,ROU.name,country,ROU.demonym,country,2023-03-21 16:55:18.402,2023-03-21 16:55:18.402,,,geod_01H5QJ10YE7TM3SWFK9ZN6RPXK,
ctry_01GW2HHDKAMPFS09WBC3XZHQKX,CL,CHL,Chile,,ðŸ‡¨ðŸ‡±,CHL.name,country,CHL.demonym,country,2023-03-21 16:55:18.402,2023-03-21 16:55:18.402,,,geod_01H5QJ10Y01X0F2NH9Y7Y6GN71,
ctry_01GW2HHDKAZ27CDARTX8QS2JMN,CY,CYP,Cyprus,,ðŸ‡¨ðŸ‡¾,CYP.name,country,CYP.demonym,country,2023-03-21 16:55:18.402,2023-03-21 16:55:18.402,,,geod_01H5QJ10Y02Y7J7SC8KSSH6J6W,
ctry_01GW2HHDKAJ64YAST64W2BJQSV,CV,CPV,Cape Verde,,ðŸ‡¨ðŸ‡»,CPV.name,country,CPV.demonym,country,2023-03-21 16:55:18.402,2023-03-21 16:55:18.402,,,geod_01H5QJ10YSYY21Z3V52KYYAPVE,
ctry_01GW2HHDKAWJN8K8E3EYVZDENE,BG,BGR,Bulgaria,,ðŸ‡§ðŸ‡¬,BGR.name,country,BGR.demonym,country,2023-03-21 16:55:18.402,2023-03-21 16:55:18.402,,,geod_01H5QJ10YHB6V3VT6MHN5WDQGF,
ctry_01GW2HHDKHRXXQZHPZYDV3SNVZ,MW,MWI,Malawi,,ðŸ‡²ðŸ‡¼,MWI.name,country,MWI.demonym,country,2023-03-21 16:55:18.402,2023-03-21 16:55:18.402,,,geod_01H5QJ10Y1E7XH4V4VGR4446GS,
ctry_01GW2HHDKHXN8ZSHAGKGENMQ4N,GW,GNB,Guinea-Bissau,,ðŸ‡¬ðŸ‡¼,GNB.name,country,GNB.demonym,country,2023-03-21 16:55:18.402,2023-03-21 16:55:18.402,,,geod_01H5QJ10YMCYGEMQQR04AK975C,
ctry_01GW2HHDKB9DG2T2YZM5MFFVX9,MX,MEX,Mexico,,ðŸ‡²ðŸ‡½,MEX.name,country,MEX.demonym,country,2023-03-21 16:55:18.402,2023-05-22 23:14:04.729,t,t,geod_01H5QJ10YMXWMPPBRYMBXJZQHE,
ctry_01GW2HHDKAWXWYHAAESAA5HH94,CA,CAN,Canada,,ðŸ‡¨ðŸ‡¦,CAN.name,country,CAN.demonym,country,2023-03-21 16:55:18.402,2023-05-22 23:14:04.729,t,t,geod_01H5QJ10YMFX55QQWXHG653QY8,
ctry_01GW2HHDKAZYVYFHDZNZDE4HPB,UY,URY,Uruguay,,ðŸ‡ºðŸ‡¾,URY.name,country,URY.demonym,country,2023-03-21 16:55:18.402,2023-03-21 16:55:18.402,,,geod_01H5QJ10YCXFW4Z8J9S1G56H56,
ctry_01GW2HHDKDSY01QJC6KX2BRXH8,BV,BVT,Bouvet Island,,ðŸ‡§ðŸ‡»,BVT.name,country,,,2023-03-21 16:55:18.402,2023-03-21 16:55:18.402,,,,
ctry_01GW2HHDKEG4RY89ACRQMNT8SB,SJ,SJM,Svalbard and Jan Mayen,,ðŸ‡¸ðŸ‡¯,SJM.name,country,SJM.demonym,country,2023-03-21 16:55:18.402,2023-03-21 16:55:18.402,,,,
ctry_01GW2HHDKFRPGM3P3HD5747R23,TK,TKL,Tokelau,,ðŸ‡¹ðŸ‡°,TKL.name,country,TKL.demonym,country,2023-03-21 16:55:18.402,2023-03-21 16:55:18.402,,,,
ctry_01GW2HHDKFFE67B6CGZGV25R1C,IM,IMN,Isle of Man,,ðŸ‡®ðŸ‡²,IMN.name,country,IMN.demonym,country,2023-03-21 16:55:18.402,2023-03-21 16:55:18.402,,,geod_01H5QJ10YSKY9VK0EQFDNRHRK0,t
ctry_01GW2HHDKHV33E0R9ZQSE302T3,CX,CXR,Christmas Island,,ðŸ‡¨ðŸ‡½,CXR.name,country,CXR.demonym,country,2023-03-21 16:55:18.402,2023-03-21 16:55:18.402,,,,
ctry_01GW2HHDKHMX2CYG3GWYA23W4B,TW,TWN,Taiwan,,ðŸ‡¹ðŸ‡¼,TWN.name,country,TWN.demonym,country,2023-03-21 16:55:18.402,2023-03-21 16:55:18.402,,,,
ctry_01GW2HHDKFPXSJ18WSJ8GEZKJ0,ZM,ZMB,Zambia,,ðŸ‡¿ðŸ‡²,ZMB.name,country,ZMB.demonym,country,2023-03-21 16:55:18.402,2023-03-21 16:55:18.402,,,geod_01H5QJ10YFN0DKSD5VYPWHJ8S8,
ctry_01GW2HHDKFPY9T4YYDFWGBZP5P,LC,LCA,Saint Lucia,,ðŸ‡±ðŸ‡¨,LCA.name,country,LCA.demonym,country,2023-03-21 16:55:18.402,2023-03-21 16:55:18.402,,,geod_01H5QJ10YQFZ5SXYZW8RJ6SC7J,
ctry_01GW2HHDKGQRTDPFBTD9GJT3BN,AX,ALA,Ã…land Islands,,ðŸ‡¦ðŸ‡½,ALA.name,country,ALA.demonym,country,2023-03-21 16:55:18.402,2023-03-21 16:55:18.402,,,geod_01H5QJ10YSGJKYVF5SY27684MV,t
ctry_01GW2HHDKHRGA9ME9MF56RDYYC,CI,CIV,Ivory Coast,,ðŸ‡¨ðŸ‡®,CIV.name,country,CIV.demonym,country,2023-03-21 16:55:18.402,2023-03-21 16:55:18.402,,,geod_01H5QJ10YGJ0J37VSWYNW67P11,t
ctry_01GW2HHDKHA0DCHV26S9FDT5P4,KY,CYM,Cayman Islands,,ðŸ‡°ðŸ‡¾,CYM.name,country,CYM.demonym,country,2023-03-21 16:55:18.402,2023-03-21 16:55:18.402,,,geod_01H5QJ10YRDWREGFNGHEKKZBPD,t
ctry_01GW2HHDK6FGT7BES1NPX66JTQ,SG,SGP,Singapore,,ðŸ‡¸ðŸ‡¬,SGP.name,country,SGP.demonym,country,2023-03-21 16:55:18.402,2023-03-21 16:55:18.402,,,geod_01H5QJ10YSB4Y7K8VXBY74YJ77,
ctry_01GW2HHDKGG7JZ2RN968FJNWJ8,TN,TUN,Tunisia,,ðŸ‡¹ðŸ‡³,TUN.name,country,TUN.demonym,country,2023-03-21 16:55:18.402,2023-03-21 16:55:18.402,,,geod_01H5QJ10YESF3M457VQDRW555B,
ctry_01GW2HHDKGB5RY2JAQVVF4RC4X,BI,BDI,Burundi,,ðŸ‡§ðŸ‡®,BDI.name,country,BDI.demonym,country,2023-03-21 16:55:18.402,2023-03-21 16:55:18.402,,,geod_01H5QJ10YJ64Q38VTJAY5YT9DM,
ctry_01GW2HHDKGFE1AY05PY62XEWPM,CH,CHE,Switzerland,,ðŸ‡¨ðŸ‡­,CHE.name,country,CHE.demonym,country,2023-03-21 16:55:18.402,2023-03-21 16:55:18.402,,,geod_01H5QJ10YGNQPDYK5V68ATFW6P,
ctry_01GW2HHDKGTGG62NESH7TDS364,BJ,BEN,Benin,,ðŸ‡§ðŸ‡¯,BEN.name,country,BEN.demonym,country,2023-03-21 16:55:18.402,2023-03-21 16:55:18.402,,,geod_01H5QJ10YGQFJDSYP7CA4R8NPN,
ctry_01GW2HHDKGR9X8QJBDSK84PAG1,KI,KIR,Kiribati,,ðŸ‡°ðŸ‡®,KIR.name,country,KIR.demonym,country,2023-03-21 16:55:18.402,2023-03-21 16:55:18.402,,,geod_01H5QJ10YQNWRRRRB7S0JXZZZ4,
ctry_01GW2HHDKH7NVGT1JBPB5B9SP3,SD,SDN,Sudan,,ðŸ‡¸ðŸ‡©,SDN.name,country,SDN.demonym,country,2023-03-21 16:55:18.402,2023-03-21 16:55:18.402,,,geod_01H5QJ10YFP7QHBQVB1RBPD175,
ctry_01GW2HHDKH6KGE8D69GPF7SSAJ,UZ,UZB,Uzbekistan,,ðŸ‡ºðŸ‡¿,UZB.name,country,UZB.demonym,country,2023-03-21 16:55:18.402,2023-03-21 16:55:18.402,,,geod_01H5QJ10YCVRE2P34YM5K0D2AG,
ctry_01GW2HHDKHD6PPNGQWWGD59BQT,BF,BFA,Burkina Faso,,ðŸ‡§ðŸ‡«,BFA.name,country,BFA.demonym,country,2023-03-21 16:55:18.402,2023-03-21 16:55:18.402,,,geod_01H5QJ10YMG127W4QXBYPK9405,
ctry_01GW2HHDKHZNVZP299TK5QC9X6,LK,LKA,Sri Lanka,,ðŸ‡±ðŸ‡°,LKA.name,country,LKA.demonym,country,2023-03-21 16:55:18.402,2023-03-21 16:55:18.402,,,geod_01H5QJ10YPGQCJCM2JGW49D45Z,
ctry_01GW2HHDKHMY5MATBT7VET2W95,NE,NER,Niger,,ðŸ‡³ðŸ‡ª,NER.name,country,NER.demonym,country,2023-03-21 16:55:18.402,2023-03-21 16:55:18.402,,,geod_01H5QJ10YM3W76SH7FY42KFT4X,
ctry_01GW2HHDKHZP2AGK419VGS2YQ0,SR,SUR,Suriname,,ðŸ‡¸ðŸ‡·,SUR.name,country,SUR.demonym,country,2023-03-21 16:55:18.402,2023-03-21 16:55:18.402,,,geod_01H5QJ10Y2RCM5GEK47S6E8ZG6,
ctry_01GW2HHDKH6H61ZD7Q4D1EVHP5,AO,AGO,Angola,,ðŸ‡¦ðŸ‡´,AGO.name,country,AGO.demonym,country,2023-03-21 16:55:18.402,2023-03-21 16:55:18.402,,,geod_01H5QJ10YG7X22GBTYXSDZTNMF,
ctry_01GW2HHDKH74J20AXR1GWGX6ZQ,LS,LSO,Lesotho,,ðŸ‡±ðŸ‡¸,LSO.name,country,LSO.demonym,country,2023-03-21 16:55:18.402,2023-03-21 16:55:18.402,,,geod_01H5QJ10YKVBER7FNBSPZD56TD,
ctry_01GW2HHDK66TC7PJG0EVPFMBFP,CC,CCK,Cocos (Keeling) Islands,,ðŸ‡¨ðŸ‡¨,CCK.name,country,CCK.demonym,country,2023-03-21 16:55:18.402,2023-03-21 16:55:18.402,,,,t
ctry_01GW2HHDK6FR8HMD3W523Q3WRA,MV,MDV,Maldives,,ðŸ‡²ðŸ‡»,MDV.name,country,MDV.demonym,country,2023-03-21 16:55:18.402,2023-03-21 16:55:18.402,,,geod_01H5QJ10YT1H9MRS68ZPFTGHNG,t
ctry_01GW2HHDK9DG12Y7RQMVEE5XSQ,VI,VIR,United States Virgin Islands,,ðŸ‡»ðŸ‡®,VIR.name,country,VIR.demonym,country,2023-03-21 16:55:18.402,2023-05-18 17:03:22.857,t,,geod_01H5QJ10YR89YGC0YW3RQ7B121,t
ctry_01GW2HHDK6V0QGJ9GRNQCW6A29,BA,BIH,Bosnia and Herzegovina,,ðŸ‡§ðŸ‡¦,BIH.name,country,BIH.demonym,country,2023-03-21 16:55:18.402,2023-03-21 16:55:18.402,,,geod_01H5QJ10YJHNS6EH13X6CHDRVG,
ctry_01GW2HHDK69KVF1HPHBRBTSSBE,LV,LVA,Latvia,,ðŸ‡±ðŸ‡»,LVA.name,country,LVA.demonym,country,2023-03-21 16:55:18.402,2023-03-21 16:55:18.402,,,geod_01H5QJ10YDZ0C6DVZQZDMX6J94,
ctry_01GW2HHDK6GRHQQEYGGJX4CQ1Z,GR,GRC,Greece,,ðŸ‡¬ðŸ‡·,GRC.name,country,GRC.demonym,country,2023-03-21 16:55:18.402,2023-03-21 16:55:18.402,,,geod_01H5QJ10YFFJFZH9FMN0E3MNNB,
ctry_01GW2HHDK6BG4CBH38VKSZ9M4X,YT,MYT,Mayotte,,ðŸ‡¾ðŸ‡¹,MYT.name,country,MYT.demonym,country,2023-03-21 16:55:18.402,2023-03-21 16:55:18.402,,,geod_01H5QJ117FRFBJF3YGZ86V06X4,
ctry_01GW2HHDK6Q6BB2C5DWKAYKVP9,JO,JOR,Jordan,,ðŸ‡¯ðŸ‡´,JOR.name,country,JOR.demonym,country,2023-03-21 16:55:18.402,2023-03-21 16:55:18.402,,,geod_01H5QJ10YKBXWTNANKWW08BFC9,
ctry_01GW2HHDKH0MMEJM9R74Z359R6,BL,BLM,Saint BarthÃ©lemy,,ðŸ‡§ðŸ‡±,BLM.name,country,BLM.demonym,country,2023-03-21 16:55:18.402,2023-03-21 16:55:18.402,,,geod_01H5QJ10YR9JNFDNDNKCFCGN6R,
ctry_01GW2HHDKGZ2XQ8Q9D8GX564MJ,GU,GUM,Guam,,ðŸ‡¬ðŸ‡º,GUM.name,country,GUM.demonym,country,2023-03-21 16:55:18.402,2023-05-18 17:03:22.857,t,,geod_01H5QJ10YVM7E9J7AGG72YFTF3,
ctry_01GW2HHDK7PACTC9GJ2XBMVPKY,PR,PRI,Puerto Rico,,ðŸ‡µðŸ‡·,PRI.name,country,PRI.demonym,country,2023-03-21 16:55:18.402,2023-05-18 17:03:22.857,t,,geod_01H5QJ10YR748TWZYAQQY2VV8D,
