oloc_01GVH3WF3M7ZVVPTX78P222NEQ,oweb_01GW2HV40JSQJS0QZVYBT0M207,2024-06-10 02:01:47.668,t
oloc_01J022MAT6156G85D5Z9AK3VFW,oweb_01HZQD0X5D58C6SJFJTZE62P3P,2024-06-10 22:06:59.955,t
oloc_01J02394AWWP4MDRM6E8P274BF,oweb_01HZWD3THHA8CRN9BZRSFDQ5SA,2024-06-10 22:11:19.465,t
oloc_01J029TW7QHMJEMTM68Z6GTWZY,oweb_01J029W1ZQGRR64SCKDSZMY6TP,2024-06-11 00:06:39.899,t
oloc_01GVH3WM8R4TYWDQTVYVEZYZX1,oweb_01GW2HV7HAKSFXRRWTHEXAKT92,2024-06-18 00:51:21.716,t
oloc_01GVH3WK1JQWF7MDH5EYC6BVG5,oweb_01J7D370XF0DTJP4Y5V8HFE32D,2024-09-24 03:14:07.268,t
oloc_01GVH3WK1JQWF7MDH5EYC6BVG5,oweb_01GW2HV6PKZAG4PNBC9N193EQS,2024-09-24 03:14:10.522,t
oloc_01GVH3VK12KX8CA1MNG44C3EYD,oweb_01GW2HTD9EAJ9EQ3QGGPFSXDDZ,2024-10-02 14:57:29.939,t
oloc_01GVH3VMGRY3G4YQ7FB5FXSEWX,oweb_01GW2HTE9407GTEVE7ACGTH3K1,2024-10-15 11:48:01.728,t
oloc_01GVH3VMGRK26JRYDC42V46M99,oweb_01GW2HTE9407GTEVE7ACGTH3K1,2024-10-15 11:55:17.868,t
oloc_01GVH3VMGRK26JRYDC42V46M99,oweb_01JA80DVHEDW6EQSN36SB3C49C,2024-10-15 11:55:38.035,t
oloc_01JAD1FE9WW46F3W8P3PY2V55J,oweb_01JA80DVHEDW6EQSN36SB3C49C,2024-10-17 10:48:40.476,t
oloc_01JAT1K77KDXSMWS49V3860C5Q,oweb_01GW2HV5TTYH900ECRWXVA3Y06,2024-10-22 12:00:55.609,t
oloc_01GVH3WHN0D3BV4036KQWCBQBS,oweb_01GW2HV5TTYH900ECRWXVA3Y06,2024-10-22 12:01:25.011,t
oloc_01GVH3WHTVYT4WECESYYGTT9GJ,oweb_01GW2HV5YS95FAPD97DK0W37YS,2024-10-22 12:25:03.852,t
oloc_01JD30WHWHJRSNWYZDXXCWACY2,oweb_01GW2HTDHCMF9YQVYNWN54Z2S8,2024-11-19 20:16:31.538,t
oloc_01JD30TCS7BQ12M89VHP1773CQ,oweb_01GW2HTDHCMF9YQVYNWN54Z2S8,2024-11-19 20:19:00.316,t
oloc_01GVH3VK8MEEWG7167S1W8KG9X,oweb_01GW2HTDHCMF9YQVYNWN54Z2S8,2024-11-19 20:27:32.593,t
oloc_01GVH3WJEAMBSPSHPQXT01ZKJP,oweb_01GW2HV6BHDGRVPHPHT5Y954PZ,2024-11-26 21:45:44.82,t
oloc_01GVH3WJEAAYYYRR9Z464669KZ,oweb_01GW2HV6BHDGRVPHPHT5Y954PZ,2024-11-26 21:48:48.755,t
oloc_01GVH3WJEAYRHBMX83PK3W5JG9,oweb_01GW2HV6BHDGRVPHPHT5Y954PZ,2024-11-26 21:50:16.81,t
oloc_01GVH3WJCN32BZJ74X99ZVN8YD,oweb_01GW2HV6AGXPYYGH1P1F7HRWPM,2024-12-11 21:48:02.45,t
oloc_01JEXNJ4Q3SQAG0CC1DXJQCMAC,oweb_01JEXN1R77RHP7Q1865N6EVABZ,2024-12-12 14:54:19.131,t
oloc_01JEXNFX569PFPE693V9MZWVMK,oweb_01JEXN1R77RHP7Q1865N6EVABZ,2024-12-12 14:56:40.388,t
oloc_01JFDSMFHMXZYB7BP9TGZ9VV1Q,oweb_01JFDSCTVASABAA60Z37X7T0H3,2024-12-18 21:09:17.084,t
oloc_01GVH3WGW48VDEWDRY2CZ7873H,oweb_01GW2HV58ADWX6A2C77D3EETVY,2024-12-20 19:02:03.188,t
oloc_01JGPFF3PVKJSPZKJJH2TN9CQW,oweb_01JGPFJ6C7V5BCHC20W3RWHQER,2025-01-03 16:21:31.964,t
oloc_01JGPGJ4K74R3G33RGBQSZ1Q0S,oweb_01JGPGEHT2Y766XJN1W1E8N58K,2025-01-03 16:41:41.011,t
oloc_01GVH3W2ZTJK1B4E5W3668JY1S,oweb_01GW2HTTGW2D36KX3EZ5YMVPFJ,2025-01-06 19:54:36.599,t
