oloc_01GVH3VGSSS87DV7GDDPFT8XH5,osmd_01J7CF7SCCZ7EH93XQC99K0N6T,2024-09-09 22:49:14.67,t
oloc_01GVH3WK1JQWF7MDH5EYC6BVG5,osmd_01GVH3WK1JV6K1XSWM20KGBV4X,2024-09-24 03:14:15.952,t
oloc_01GVH3WK1JQWF7MDH5EYC6BVG5,osmd_01GVH3WK1JSN3W5ZNEE6VQ46SP,2024-09-24 03:14:18.608,t
oloc_01GVH3VK12KX8CA1MNG44C3EYD,osmd_01GVH3VK13MAJHJ94P86BR5KYF,2024-10-02 14:57:40.371,t
oloc_01GVH3VK12KX8CA1MNG44C3EYD,osmd_01GVH3VK13ZTP4XEE8MTDR7E4E,2024-10-02 14:57:45.559,t
oloc_01GVH3VMGRY3G4YQ7FB5FXSEWX,osmd_01GVH3VMGSMSCBHGBW3Q6H1Z11,2024-10-15 11:50:26.921,t
oloc_01GVH3VMGRK26JRYDC42V46M99,osmd_01GVH3VMGSMSCBHGBW3Q6H1Z11,2024-10-15 11:57:04.72,t
oloc_01GVH3VMGRK26JRYDC42V46M99,osmd_01JA80ACEDMC67B0XC0KRYKJBE,2024-10-15 11:57:07.147,t
oloc_01GVH3VMGRK26JRYDC42V46M99,osmd_01JA807XJNX2TJ7NSG8J4MBWM2,2024-10-15 11:57:09.764,t
oloc_01GVH3VMGRK26JRYDC42V46M99,osmd_01JA80BBYJGZ1WKF1CCXGMYEMX,2024-10-15 11:57:11.842,t
oloc_01GVH3VMGRK26JRYDC42V46M99,osmd_01JA80AW2HES0XA5WWKNAE99JH,2024-10-15 11:57:14.282,t
oloc_01JAD1FE9WW46F3W8P3PY2V55J,osmd_01GVH3VMGSMSCBHGBW3Q6H1Z11,2024-10-17 10:48:56.353,t
oloc_01JAD1FE9WW46F3W8P3PY2V55J,osmd_01JA807XJNX2TJ7NSG8J4MBWM2,2024-10-17 10:49:03.157,t
oloc_01JAD1FE9WW46F3W8P3PY2V55J,osmd_01JA80ACEDMC67B0XC0KRYKJBE,2024-10-17 10:49:05.179,t
oloc_01JAD1FE9WW46F3W8P3PY2V55J,osmd_01JA80AW2HES0XA5WWKNAE99JH,2024-10-17 10:49:07.071,t
oloc_01JAD1FE9WW46F3W8P3PY2V55J,osmd_01JA80BBYJGZ1WKF1CCXGMYEMX,2024-10-17 10:49:09.434,t
oloc_01JAT1K77KDXSMWS49V3860C5Q,osmd_01GVH3WHN18G536ZSASQT9EDMK,2024-10-22 12:01:02.426,t
oloc_01JAT1K77KDXSMWS49V3860C5Q,osmd_01GVH3WHN174K5RZR71HYH3QX9,2024-10-22 12:01:08.123,t
oloc_01JAT1K77KDXSMWS49V3860C5Q,osmd_01JAT13X8TAPT187T31TAQZMMT,2024-10-22 12:01:10.397,t
oloc_01JAT1K77KDXSMWS49V3860C5Q,osmd_01JAT15WRM4KHDFS6CT8RYJMAS,2024-10-22 12:01:12.535,t
oloc_01GVH3WHN0D3BV4036KQWCBQBS,osmd_01JAT15WRM4KHDFS6CT8RYJMAS,2024-10-22 12:01:28.721,t
oloc_01GVH3WHN0D3BV4036KQWCBQBS,osmd_01GVH3WHN174K5RZR71HYH3QX9,2024-10-22 12:01:32.289,t
oloc_01GVH3WHN0D3BV4036KQWCBQBS,osmd_01JAT13X8TAPT187T31TAQZMMT,2024-10-22 12:01:34.309,t
oloc_01JD30WHWHJRSNWYZDXXCWACY2,osmd_01GVH3VK8N31R4WD7W383T5XM8,2024-11-19 20:16:46.138,t
oloc_01JD30WHWHJRSNWYZDXXCWACY2,osmd_01GVH3VK8NVFSZKRESP7X6FSJT,2024-11-19 20:16:48.426,t
oloc_01JD30WHWHJRSNWYZDXXCWACY2,osmd_01GVH3VK8N9F3KEZK4ACJ20HAX,2024-11-19 20:16:50.057,t
oloc_01JD30TCS7BQ12M89VHP1773CQ,osmd_01GVH3VK8N31R4WD7W383T5XM8,2024-11-19 20:20:03.093,t
oloc_01JD30TCS7BQ12M89VHP1773CQ,osmd_01GVH3VK8NVFSZKRESP7X6FSJT,2024-11-19 20:20:05.146,t
oloc_01JD30TCS7BQ12M89VHP1773CQ,osmd_01GVH3VK8N9F3KEZK4ACJ20HAX,2024-11-19 20:20:07.06,t
oloc_01GVH3VK8MEEWG7167S1W8KG9X,osmd_01GVH3VK8N31R4WD7W383T5XM8,2024-11-19 20:27:54.444,t
oloc_01GVH3VK8MEEWG7167S1W8KG9X,osmd_01GVH3VK8N9F3KEZK4ACJ20HAX,2024-11-19 20:27:57.419,t
oloc_01GVH3VK8MEEWG7167S1W8KG9X,osmd_01GVH3VK8NVFSZKRESP7X6FSJT,2024-11-19 20:27:59.45,t
oloc_01JEXNJ4Q3SQAG0CC1DXJQCMAC,osmd_01JEXNG42582A7XA3MM5E73V96,2024-12-12 14:54:23.656,t
oloc_01JEXNJ4Q3SQAG0CC1DXJQCMAC,osmd_01JEXNMRMDJR3H8HXDGXJZBRXW,2024-12-12 14:54:25.2,t
oloc_01JEXNJ4Q3SQAG0CC1DXJQCMAC,osmd_01JEXNP59HKS8ZTWVVW2RNW48X,2024-12-12 14:54:27.014,t
oloc_01JEXNFX569PFPE693V9MZWVMK,osmd_01JEXNG42582A7XA3MM5E73V96,2024-12-12 14:56:45.779,t
oloc_01JEXNFX569PFPE693V9MZWVMK,osmd_01JEXNMRMDJR3H8HXDGXJZBRXW,2024-12-12 14:56:49.778,t
oloc_01JEXNFX569PFPE693V9MZWVMK,osmd_01JEXNP59HKS8ZTWVVW2RNW48X,2024-12-12 14:56:53.336,t
oloc_01JFDSMFHMXZYB7BP9TGZ9VV1Q,osmd_01JFDSCTVG0QPNT5YYKJ0H3R3Y,2024-12-18 21:09:19.736,t
oloc_01JGPGJ4K74R3G33RGBQSZ1Q0S,osmd_01JGPH0FN3AK0M27Y9B34372ZC,2025-01-03 16:43:52.839,t
oloc_01JGPGJ4K74R3G33RGBQSZ1Q0S,osmd_01JGPH1R8JZS9ZAAG6Y3TCFN30,2025-01-03 16:43:54.556,t
oloc_01JGPGJ4K74R3G33RGBQSZ1Q0S,osmd_01JGPH2PK49BDF4WNKQ63A5G16,2025-01-03 16:43:58.291,t
oloc_01JGPGJ4K74R3G33RGBQSZ1Q0S,osmd_01JGPH29J9CSY7WJF379T3QTZM,2025-01-03 16:44:00.08,t
