ulst_01H2GVD2SZ3WNGKKQ6H40T53NM,orgn_01GVH3V3SDPYF4MDPTCZDBVPH3,2023-06-09 19:51:15.01
ulst_01H42D3NG9TZ14F7TRMH3DTB7S,orgn_01GVH3V8C8MZ72TCFSE75HPY40,2023-06-29 01:43:28.029
ulst_01H42D3NG9TZ14F7TRMH3DTB7S,orgn_01GVH3V96MGXT735W0GQYN4RVB,2023-06-29 01:43:41.799
ulst_01H42FF2N5BPVRR50KTZEM3WCX,orgn_01GVH3V43VTXXF9FET8M5J2GNA,2023-06-29 02:24:39.08
ulst_01H42H0292C37CNT4X47E66AG3,orgn_01GVH3V9DT3WYTKHNYJW7C3Z53,2023-06-29 02:51:24.325
ulst_01H433E5CDGDQ0Z0YR59VHWQ19,orgn_01H29CX1MMQZ0HHYWWH79TMD5N,2023-06-29 08:13:40.623
ulst_01H44XWARD9HAVQFBC8DAZQ1K8,orgn_01GVH3V3ZDCJJRZYZ1VKZ8W49G,2023-06-30 01:15:02.296
ulst_01H45CACKWB2DRCGCBEPN2W04P,orgn_01GVH3V768HQKRQPWNFSN7Z72R,2023-06-30 05:27:23.007
ulst_01H5WXYK7GNQMYNGFE3H1S627Q,orgn_01GVH3V57G83NTT85BDPQ3CJQN,2023-07-21 19:13:44.691
ulst_01H6BSNSEZ7W1C5PQSE0Q20ZTY,orgn_01GVH3V5QMW2FJRJ1G39NQ6G8K,2023-07-27 13:47:38.338
ulst_01H6BSNSEZ7W1C5PQSE0Q20ZTY,orgn_01GVH3V46VKT56RGY36BGXMNFS,2023-07-27 13:47:52.695
ulst_01H6KB1DPEFX4ZMXGVGJ62KB02,orgn_01GVH3V4YXZ0A0C4FVPSDVCCX8,2023-07-30 12:05:46.326
ulst_01H6XDNHKCQ5H1EFJ14TK7SSR0,orgn_01GVH3V9JEW8DN8HVR64BKHEYA,2023-08-03 10:04:07.149
ulst_01H6XDNHKCQ5H1EFJ14TK7SSR0,orgn_01GVH3V5ZY0G1EQKHT9QRZC65Y,2023-08-03 10:04:35.976
ulst_01H90FPAFEKW8THSN39JV1YYVC,orgn_01GVH3V4YBQYHC60TN4TBPB4S4,2023-08-29 11:08:36.719
ulst_01H92M6QPV9BDM76W88N22FYPT,orgn_01GVH3V5YVGENF28PDEXD5BQFA,2023-08-30 07:05:57.725
ulst_01HBMN2BWVT2MTPNQEMEZYVB16,orgn_01GVH3V4NSN44FD3SDWNSGTRT7,2023-10-01 03:38:46.557
ulst_01HC2TAN8HTNA0NQTZE6XZR1EB,orgn_01GVH3V5YBHDQ2BZHTWJQXA4WS,2023-10-06 15:40:03.218
ulst_01HC2TAN8HTNA0NQTZE6XZR1EB,orgn_01GVH3VAA4ZXBF9YQ006GZ7CTC,2023-10-06 15:40:43.661
ulst_01HC96Y10F04NXKSWMXH0Q3G2Z,orgn_01H29CX1SFK00FN4TQ9R87VPYF,2023-10-09 03:15:47.344
ulst_01HD1J0QZ5R8DKHGMT17AVMP02,orgn_01GVH3V6DXP5JD9ACYT3GQNQ45,2023-10-18 14:11:17.107
ulst_01HD1J0QZ5R8DKHGMT17AVMP02,orgn_01H29CX1RSQV90E4X4P0EZ0DM0,2023-10-18 14:11:31.085
ulst_01HD1J0QZ5R8DKHGMT17AVMP02,orgn_01GVH3V5MYJQQAA2CYTF8ZTHZ5,2023-10-18 14:14:02.475
ulst_01HD1J0QZ5R8DKHGMT17AVMP02,orgn_01GVH3VA866ECHZ57QFAHQTPCA,2023-10-18 14:14:15.664
ulst_01HD1J0QZ5R8DKHGMT17AVMP02,orgn_01GVH3V6EAEFGZNKB5RHM46SB6,2023-10-18 14:14:35.713
ulst_01HD1J0QZ5R8DKHGMT17AVMP02,orgn_01GVH3V4M28ADJ0ATTPNZ9G62R,2023-10-18 14:15:02.813
ulst_01HD1J0QZ5R8DKHGMT17AVMP02,orgn_01GVH3V55SZ2XKX0DMR185KQM1,2023-10-18 14:15:19.79
ulst_01HD1J0QZ5R8DKHGMT17AVMP02,orgn_01GVH3V4MDXD5CHXCA20D1ZAJA,2023-10-18 14:16:06.571
ulst_01HD1J0QZ5R8DKHGMT17AVMP02,orgn_01GVH3V4ZY5YBAYN6Y26Q4SFBX,2023-10-18 14:16:25.854
ulst_01HD1J0QZ5R8DKHGMT17AVMP02,orgn_01GVH3V688XR7P0X3YHH5ZWYKC,2023-10-18 14:17:25.851
ulst_01HD1J0QZ5R8DKHGMT17AVMP02,orgn_01GVH3V453C8SV3WVK68VZEZCZ,2023-10-18 14:17:58.437
ulst_01HD1J0QZ5R8DKHGMT17AVMP02,orgn_01GVH3VA9G6YQTFP42RRCC74NK,2023-10-18 14:18:03.205
ulst_01HD1J0QZ5R8DKHGMT17AVMP02,orgn_01GVH3V82CP92N37ADEE845NG6,2023-10-18 14:18:38.496
ulst_01HD1J0QZ5R8DKHGMT17AVMP02,orgn_01GVH3V45H36YKRADXXVXTECRD,2023-10-18 14:19:06.399
ulst_01HD1J0QZ5R8DKHGMT17AVMP02,orgn_01GVH3V7XD6PMWRCRMT8XNTG5T,2023-10-18 14:19:12.279
ulst_01HD1J0QZ5R8DKHGMT17AVMP02,orgn_01GVH3V7JJYYWDPM8KSRT5H8GT,2023-10-18 14:20:03.126
ulst_01HD1J0QZ5R8DKHGMT17AVMP02,orgn_01HAQH1AQX1XYKJNXYNYNBASDR,2023-10-18 14:20:47.749
ulst_01HD1J0QZ5R8DKHGMT17AVMP02,orgn_01HAQH1AQZ85938ZV56HW8882A,2023-10-18 14:20:53.372
ulst_01HD1J0QZ5R8DKHGMT17AVMP02,orgn_01HAQH1AR2WV8Z9WMPVW4ZPAVP,2023-10-18 14:20:57.26
ulst_01HDS1FH5DZW9RHXGS14AWYJFW,orgn_01GVH3V4869MBWH8BRBB3KCT35,2023-10-27 17:04:02.222
ulst_01HDS1FH5DZW9RHXGS14AWYJFW,orgn_01GVH3V5WGRBHYTHXT9YWEEKB4,2023-10-27 17:04:09.46
ulst_01HFJK43JQQGHG02M9WG8QD9XW,orgn_01GVH3V4J08HX7QJJF4GZTGF51,2023-11-19 01:29:04.856
ulst_01HFJK43JQQGHG02M9WG8QD9XW,orgn_01HC19KKMJM9Y0KF1WPWCZ5G07,2023-11-19 01:29:09.175
ulst_01HFJK43JQQGHG02M9WG8QD9XW,orgn_01GVXXKS73WB9VSCNCBNZMTNAZ,2023-11-19 01:29:28.674
ulst_01HFJK43JQQGHG02M9WG8QD9XW,orgn_01GVH3V7XHDH38H6R3GB196SNC,2023-11-19 01:29:35.06
ulst_01HH2V6V1VY8QCNX4A1872XF6H,orgn_01GVH3V4KBTWXQ61TRMT5H33TA,2023-12-07 19:13:55.772
ulst_01HH2V6V1VY8QCNX4A1872XF6H,orgn_01GVH3V812S174V64W763F76X7,2023-12-07 19:14:07.567
ulst_01HHAKS3NZE6PWA26XMMVGNB03,orgn_01GVH3V4NH7NY35FQMES3Z77VN,2023-12-10 19:38:01.28
ulst_01HHAKS3NZE6PWA26XMMVGNB03,orgn_01GVH3V5YVGENF28PDEXD5BQFA,2023-12-10 19:38:15.734
ulst_01HHAKS3NZE6PWA26XMMVGNB03,orgn_01GVXXKS6AVW5BJBT9VAJGK1XZ,2023-12-10 19:38:34.922
ulst_01HHAKS3NZE6PWA26XMMVGNB03,orgn_01GVH3V3SS03A0DCF2NJG6HEC9,2023-12-10 19:38:48.139
ulst_01HHAKS3NZE6PWA26XMMVGNB03,orgn_01GVH3V5TTYD0S47P465DKDFK2,2023-12-10 19:38:59.308
ulst_01HMYEABP834YD6JWNDK6E193K,orgn_01GVH3V4GW3GWZC419ZAZXEXRC,2024-01-24 19:14:29.193
ulst_01HNH2NH9W7MGQ4H7RFN0DCY63,orgn_01GVH3VAM3KP5CYFYVR64JY3DV,2024-02-01 00:56:26.686
ulst_01HNNFNW8FRJJB626TQ0WZ5VBD,orgn_01GVH3V7G1NRS49RYP64HDHRGB,2024-02-02 18:00:47.121
ulst_01HNWZETJ7P9HBSSRGK9SJ0YQK,orgn_01GVH3V74ADXKN0SBA2WHAK36Q,2024-02-05 15:51:14.249
ulst_01HNXRBTY3ZR1GKDMGSR3MFESQ,orgn_01GVH3V4CQ4Y235VCSN94HXA7T,2024-02-05 23:06:30.725
ulst_01HNXRBTY3ZR1GKDMGSR3MFESQ,orgn_01GVH3V86YFFG773G8MSSCM7XS,2024-02-05 23:07:08.418
ulst_01HC7XKMC4GMMVZS8TVGJFVWB5,orgn_01GVH3VA37RHXGKEQYJ8REG64C,2024-02-06 04:02:04.752
ulst_01HP2CGVTG1R37GVQ7VA6408QR,orgn_01HC7ZP7N0RQJ6J65MFKKXTE04,2024-02-07 18:15:44.722
ulst_01HPMKM9E99PNABM125RHAP0YZ,orgn_01HFF97406SQ6ZV96KCHSZFTEN,2024-02-14 20:06:16.778
ulst_01HZNH0T87Q4F96SK5EN1SEEGD,orgn_01GVH3VB7HE69SR4GM82T795DM,2024-06-06 01:01:15.762
ulst_01J07TSPNGFH1WT35QTS5S243C,orgn_01GVH3V620X4EZ5MJ9N04TEXQN,2024-06-13 03:38:32.193
ulst_01J07TSPNGFH1WT35QTS5S243C,orgn_01GVXXKS7ZJVDWAMGNPFA3VQ09,2024-06-13 03:40:59.158
ulst_01J07TSPNGFH1WT35QTS5S243C,orgn_01GVH3V48NCZG4HP9D83D9A8GP,2024-06-13 03:42:53.924
ulst_01J07TSPNGFH1WT35QTS5S243C,orgn_01GVH3VA2Z5F9V1RGW0ZR8FEEN,2024-06-13 03:48:22.627
ulst_01J07TSPNGFH1WT35QTS5S243C,orgn_01GVH3V4869MBWH8BRBB3KCT35,2024-06-13 03:54:33.17
ulst_01J07TSPNGFH1WT35QTS5S243C,orgn_01GVH3VA07GV39CQXBV77VYBVW,2024-06-13 03:55:05.822
ulst_01J07TSPNGFH1WT35QTS5S243C,orgn_01GVH3V48H69AVTA4CZ7F321NC,2024-06-13 03:56:37.24
ulst_01J07TSPNGFH1WT35QTS5S243C,orgn_01HQBG00P4R98M12T0N9DZS4ST,2024-06-13 03:59:42.186
ulst_01J07TSPNGFH1WT35QTS5S243C,orgn_01GVH3V4AD0J6CGD4JQTWYCF9X,2024-06-14 04:32:16.221
ulst_01J07TSPNGFH1WT35QTS5S243C,orgn_01GVH3V5Q99G7TGF76TFP2YPRC,2024-06-14 04:35:56.504
ulst_01J07TSPNGFH1WT35QTS5S243C,orgn_01GVH3V5KND9VGYXWCZWMSMM0T,2024-06-14 04:41:38.947
ulst_01J07TSPNGFH1WT35QTS5S243C,orgn_01GVH3V4D2PRFP5SKGBGEYR8WN,2024-06-14 04:43:16.095
ulst_01J07TSPNGFH1WT35QTS5S243C,orgn_01GVH3V4F7DT94F4B90DB94GEW,2024-06-14 04:45:51.901
ulst_01J07TSPNGFH1WT35QTS5S243C,orgn_01GVH3V46ZHA605X88B8RBTBVA,2024-06-14 04:47:28.986
ulst_01J07TSPNGFH1WT35QTS5S243C,orgn_01GVH3V460JRPNX9DMVBPYWFNV,2024-06-14 04:48:45.431
ulst_01J07TSPNGFH1WT35QTS5S243C,orgn_01GVH3V494X67V1T7YQFHJRFXJ,2024-06-14 04:49:04.106
ulst_01J07TSPNGFH1WT35QTS5S243C,orgn_01HY74AY5C94SDFS5QADA53B3A,2024-06-14 04:52:57.805
ulst_01J07TSPNGFH1WT35QTS5S243C,orgn_01HZMZ6G1GR7W4VFRQAEMBT7ZE,2024-06-14 04:53:26.044
ulst_01J0V1HMGWEQHTK4TEAERKDRH9,orgn_01GVH3V453C8SV3WVK68VZEZCZ,2024-06-20 14:41:59.021
ulst_01J0V1HMGWEQHTK4TEAERKDRH9,orgn_01GVH3V65TE0J38BECK69FBJAR,2024-06-20 14:42:15.544
ulst_01J0V1HMGWEQHTK4TEAERKDRH9,orgn_01HQBG0157MQEBG3B5DEZX1WQ4,2024-06-20 14:43:24.44
ulst_01J0V1HMGWEQHTK4TEAERKDRH9,orgn_01GVH3V82CP92N37ADEE845NG6,2024-06-20 14:43:29.45
ulst_01J1N3RGD2PFR8PMY7B66NDKYB,orgn_01GVH3V81GTH9656FC6ASXKXRF,2024-06-30 17:40:57.682
ulst_01J1N4VE7DKCFRVBWYZ7B1Y33A,orgn_01H9ERZ8VPPC8TQ1BC8XH7MBC2,2024-06-30 18:00:02.122
ulst_01J1N4VE7DKCFRVBWYZ7B1Y33A,orgn_01GVH3V45EVN5KH3S6H0K65HDQ,2024-06-30 18:00:49.541
ulst_01J1N4VE7DKCFRVBWYZ7B1Y33A,orgn_01GVH3V3Y4DTWRSXT0G4JWVKSA,2024-06-30 18:01:25.313
ulst_01J1N4VE7DKCFRVBWYZ7B1Y33A,orgn_01GVH3V3ZXT2BDRDDBYH30GDDX,2024-06-30 18:01:32.035
ulst_01J1N4VE7DKCFRVBWYZ7B1Y33A,orgn_01GVH3V46G68KQ2MYMGZBJMBZC,2024-06-30 18:01:37.34
ulst_01J1N4VE7DKCFRVBWYZ7B1Y33A,orgn_01GVH3V3Y0WXSNDVK0H83T957V,2024-06-30 18:01:48.952
ulst_01J1TJ1RYQ3DFM2WGB0YKJN07W,orgn_01GVH3V4907W8WXZ3DZBZ5D1G3,2024-07-02 20:27:56.897
ulst_01J1TJ1RYQ3DFM2WGB0YKJN07W,orgn_01GVH3V4KYPFNVQZKNTBKW5CP9,2024-07-02 20:28:12.38
ulst_01J1TJ1RYQ3DFM2WGB0YKJN07W,orgn_01HQBG012CF9J4SCP95J687734,2024-07-02 20:28:24.815
ulst_01J1TJ1RYQ3DFM2WGB0YKJN07W,orgn_01GVH3VB7DADDNQJ2FKDQY756D,2024-07-02 20:28:36.88
ulst_01J1TJ1RYQ3DFM2WGB0YKJN07W,orgn_01GVH3V40BD8DYPDG81EKBMCB7,2024-07-02 20:28:57.087
ulst_01J1TJ1RYQ3DFM2WGB0YKJN07W,orgn_01HQBG00R8XPV08XV7ENA0ES7J,2024-07-02 20:29:21.651
ulst_01J29YNG6RZD9B592KCNRGEFJT,orgn_01GVH3V5QDP50C98R6MG2NPHEJ,2024-07-08 19:55:57.279
ulst_01J29YNG6RZD9B592KCNRGEFJT,orgn_01GVH3VAHSTPKXHD8EZ7R9VRPJ,2024-07-08 19:56:02.137
ulst_01J29YNG6RZD9B592KCNRGEFJT,orgn_01GVH3V43M2WBQ1RHDVT4CF58M,2024-07-08 19:56:29.951
ulst_01J29YNG6RZD9B592KCNRGEFJT,orgn_01GVH3V5TFQW8CKKWDBH0D97WK,2024-07-08 19:56:52.426
ulst_01J29YNG6RZD9B592KCNRGEFJT,orgn_01GVH3VA2Z5F9V1RGW0ZR8FEEN,2024-07-08 20:00:10.942
ulst_01J29YNG6RZD9B592KCNRGEFJT,orgn_01GVH3VADVPPP5FRG5X3NABNVB,2024-07-08 20:00:41.922
ulst_01J29YNG6RZD9B592KCNRGEFJT,orgn_01GVH3V9X9P1RVP950CVF4V07C,2024-07-08 20:02:28.618
ulst_01J29YNG6RZD9B592KCNRGEFJT,orgn_01H29CX1TWEZ4VTT317R3P26WR,2024-07-08 20:05:40.443
ulst_01J2CNZYMAMVDQ0XK0QP2A75XP,orgn_01GVH3V7SQ78NG69CZHZAD8XEP,2024-07-09 21:22:07.223
ulst_01J2D6SNCMA8CPK72FG6DM13YA,orgn_01GVH3V6VFZGGN1X62RX70AZ5F,2024-07-10 02:15:47.083
ulst_01J2D99DP6B7N5T6MPMEAR3X2H,orgn_01GVH3V9S5TT8H2Y2YE05QA1TQ,2024-07-10 02:59:22.238
ulst_01J2D99DP6B7N5T6MPMEAR3X2H,orgn_01GVH3V76CXSA6M570J5657ZR6,2024-07-10 02:59:38.082
ulst_01J2D99DP6B7N5T6MPMEAR3X2H,orgn_01GVH3VBKY4BAAE46QHHVSQ4MN,2024-07-10 03:01:23.441
ulst_01J2D99DP6B7N5T6MPMEAR3X2H,orgn_01GVXXKS4P27F1F2C9N10ZMY05,2024-07-10 03:01:25.872
ulst_01J2D99DP6B7N5T6MPMEAR3X2H,orgn_01GVH3V4AHNHVCPWYCD6QJG21T,2024-07-10 03:01:31.787
ulst_01J2D99DP6B7N5T6MPMEAR3X2H,orgn_01GVH3V79KB614GVCBN2MPDDMT,2024-07-10 03:01:42.822
ulst_01J2D99DP6B7N5T6MPMEAR3X2H,orgn_01GVH3VBMKHEH5C83VW6293CV1,2024-07-10 03:01:48.239
ulst_01J4B33YTS7CDRKMV9KKVG139X,orgn_01GVH3V4CK4MZDTCHD1WAT93J2,2024-08-03 03:04:23.84
ulst_01J4B33YTS7CDRKMV9KKVG139X,orgn_01GVH3V7F3PX4K57Q8S4F58901,2024-08-03 03:04:49.302
ulst_01J4B33YTS7CDRKMV9KKVG139X,orgn_01GVH3V44VP1GF1T5RE55G0B0X,2024-08-03 03:06:07.85
ulst_01J4SJ7QJZM3A5STMDP3755JSS,orgn_01HZ8PZF5P8583M2W6955WHPGD,2024-08-08 17:57:58.258
ulst_01J4SNPW9ZN05DKBVXZ3D2SPHN,orgn_01GVXXKS0G7Q7E5E2JJA6WYB26,2024-08-09 02:38:42.142
ulst_01J4SNPW9ZN05DKBVXZ3D2SPHN,orgn_01J4DF4G704JDE368S0B27E0E0,2024-08-09 16:11:34.076
ulst_01J58RGW2N8FZ1J6PW0GS6ZE0G,orgn_01GVH3V4B01GVEDJZ82K1EV1S6,2024-08-14 15:37:28.141
ulst_01J58RGW2N8FZ1J6PW0GS6ZE0G,orgn_01GVH3V54DSWXKXP2C1DZMS4VA,2024-08-14 15:37:32.544
ulst_01J58RGW2N8FZ1J6PW0GS6ZE0G,orgn_01GVH3V835GSX9FRHPFRTPE40C,2024-08-14 15:37:49.666
ulst_01J5C7A23TE6V40RYAF8D5FAJG,orgn_01GVH3V5SDNA39W04P86PE2HR8,2024-08-15 23:53:55.553
ulst_01J5C7A23TE6V40RYAF8D5FAJG,orgn_01GVH3V5G66F0F4ACEEJG5DTTT,2024-08-15 23:54:10.439
ulst_01J5C7A23TE6V40RYAF8D5FAJG,orgn_01GVH3V44AQG32G6119BCJDTX0,2024-08-15 23:54:13.741
ulst_01J5C7A23TE6V40RYAF8D5FAJG,orgn_01GVH3V636H4X5981H27S37039,2024-08-15 23:54:22.445
ulst_01J5C7A23TE6V40RYAF8D5FAJG,orgn_01GVH3V3SHC630JFFMNKJY8KM1,2024-08-15 23:54:53.327
ulst_01J5C7A23TE6V40RYAF8D5FAJG,orgn_01GVH3V44VP1GF1T5RE55G0B0X,2024-08-15 23:55:09.222
ulst_01J5C7A23TE6V40RYAF8D5FAJG,orgn_01HFF978Y8RBZM5ATQGFGCH5J4,2024-08-16 00:33:36.666
ulst_01J4SNPW9ZN05DKBVXZ3D2SPHN,orgn_01GVH3V4MDXD5CHXCA20D1ZAJA,2024-08-16 02:17:48.467
ulst_01J5F6KWXE4YQ0XA1HFB4GBWNG,orgn_01HC8ZCNWDXPTH89JPSFSMK2WE,2024-08-17 03:38:20.257
ulst_01J5F6KWXE4YQ0XA1HFB4GBWNG,orgn_01HVZ2EZTJTGF9K0G144DR47YC,2024-08-17 03:38:31.246
ulst_01J5F6KWXE4YQ0XA1HFB4GBWNG,orgn_01H6SKCZFCF3AFZY74JGN1JHS3,2024-08-17 03:38:46.729
ulst_01J5F6KWXE4YQ0XA1HFB4GBWNG,orgn_01GVH3V6RJHDW1QRSVDA6NB3D0,2024-08-17 03:38:53.026
ulst_01J5F6KWXE4YQ0XA1HFB4GBWNG,orgn_01J2Y5VKAYQG3K7G4DJKVZQ6P0,2024-08-17 03:39:12.321
ulst_01J5F6KWXE4YQ0XA1HFB4GBWNG,orgn_01J4AXK2YAW1ENW8185KMS6M0S,2024-08-17 03:39:22.783
ulst_01J5F6KWXE4YQ0XA1HFB4GBWNG,orgn_01GVH3V40BD8DYPDG81EKBMCB7,2024-08-17 03:39:34.668
ulst_01J5F6KWXE4YQ0XA1HFB4GBWNG,orgn_01H6ERAXSAQ0WPXFX5B49Q28FS,2024-08-17 03:39:43.56
ulst_01J5F6KWXE4YQ0XA1HFB4GBWNG,orgn_01GVH3V6NQ8GAYFWNFHWB6JWRE,2024-08-17 03:39:50.455
ulst_01J5F6KWXE4YQ0XA1HFB4GBWNG,orgn_01HC3XBMH0EHQ8636ND716AHQR,2024-08-17 03:40:33.992
ulst_01J5F6KWXE4YQ0XA1HFB4GBWNG,orgn_01HYPNH5RV56PCXJR0F7FTZB14,2024-08-17 03:41:12.2
ulst_01J5M26X5AYQXTB10P4Y5YS5EH,orgn_01GVH3V7A8PY52GPSBJMDQHQ5E,2024-08-19 00:57:22.617
ulst_01J5M26X5AYQXTB10P4Y5YS5EH,orgn_01HQBFZZ5C3AH8W0SM991EWC6S,2024-08-19 00:57:28.424
ulst_01J5M26X5AYQXTB10P4Y5YS5EH,orgn_01HC817A7816T43MQ8DFXB11YH,2024-08-19 00:58:13.349
ulst_01J5NXTNRBVMZW44RHJMXN8RG2,orgn_01GVH3V6WPVC38DM2KFE76YW9J,2024-08-19 18:19:32.833
ulst_01J5P5XDEKFHRKJRS768XMS9Y0,orgn_01HQBG00P4R98M12T0N9DZS4ST,2024-08-19 20:40:49.339
ulst_01J5P5XDEKFHRKJRS768XMS9Y0,orgn_01HQBG00JKFNN9MJ4B7Y0FQDMT,2024-08-19 20:40:57.854
ulst_01J5P5XDEKFHRKJRS768XMS9Y0,orgn_01GVH3V3RVWFKVMDFW8X3V3M9Q,2024-08-19 20:41:02.84
ulst_01J5P5XDEKFHRKJRS768XMS9Y0,orgn_01GVH3V473G4RT7T33SA04T7JV,2024-08-19 20:41:14.937
ulst_01J5P5XDEKFHRKJRS768XMS9Y0,orgn_01GVH3V5FXQWXKJVZXJRDZZNF5,2024-08-19 20:41:24.814
ulst_01J5P5XDEKFHRKJRS768XMS9Y0,orgn_01GVH3V52MY7AECM2BMFTGEAWF,2024-08-19 20:41:30.936
ulst_01J5P5XDEKFHRKJRS768XMS9Y0,orgn_01GVH3V46VKT56RGY36BGXMNFS,2024-08-19 20:41:39.162
ulst_01J5P5XDEKFHRKJRS768XMS9Y0,orgn_01GVH3V5W1QCFYXFVJWVP7Q7C4,2024-08-19 20:41:47.263
ulst_01J5P5XDEKFHRKJRS768XMS9Y0,orgn_01GVH3V7V6AYGNMRKTH2JFHEN2,2024-08-19 20:41:50.436
ulst_01J5P5XDEKFHRKJRS768XMS9Y0,orgn_01GVH3V3R6MHVYTXFE1KYDZR1Q,2024-08-19 20:41:54.536
ulst_01J5P5XDEKFHRKJRS768XMS9Y0,orgn_01GVH3V4H0FMKPYMGBHQF28V6R,2024-08-19 20:41:58.044
ulst_01J5P5XDEKFHRKJRS768XMS9Y0,orgn_01HC82FHT25KAEYY24WXD2PQ2V,2024-08-19 20:42:06.936
ulst_01J6AQB12QCJM6F1HJN021WQ0W,orgn_01GVH3V4A96F9QTY5S930SH59J,2024-08-27 20:09:56.608
ulst_01J6AQB12QCJM6F1HJN021WQ0W,orgn_01GVH3V7B42NZAN11PJX949S0V,2024-08-27 20:10:43.721
ulst_01J6AQB12QCJM6F1HJN021WQ0W,orgn_01GVH3V4YBQYHC60TN4TBPB4S4,2024-08-27 20:11:02.155
ulst_01J6AQB12QCJM6F1HJN021WQ0W,orgn_01GVH3VA0XX5JNYC8Q2Z57SQD3,2024-08-27 20:11:08.833
ulst_01J7E6HCPDT2B4FQBGB26R7AJG,orgn_01GVH3V7HNVMHEQ1WJVQ6AZR2T,2024-09-10 14:50:17.653
ulst_01J7E6HCPDT2B4FQBGB26R7AJG,orgn_01GVH3V9WK978WW5HPC18EGDTE,2024-09-10 14:52:06.573
ulst_01J7E6HCPDT2B4FQBGB26R7AJG,orgn_01H6WK4KA925H3DK13HYVRPCF3,2024-09-10 15:00:33.372
ulst_01J7E6HCPDT2B4FQBGB26R7AJG,orgn_01GVH3V47ZMQJNHHJK65538XN9,2024-09-10 15:00:37.809
ulst_01J7E6HCPDT2B4FQBGB26R7AJG,orgn_01GVH3V4HE3YJJ7TMRJBA75CGX,2024-09-12 04:47:53.301
ulst_01J7E6HCPDT2B4FQBGB26R7AJG,orgn_01GVH3V4J8EMV4BF7KQ467SJVH,2024-09-12 16:45:24.36
ulst_01J81DXK50ANE8W8M5CWPWYN2C,orgn_01GVH3V7TNBZ4YANTNGFEKEWE9,2024-09-18 02:05:54.674
ulst_01J81DXK50ANE8W8M5CWPWYN2C,orgn_01GVH3V7NKQSKMBTWHEAYXY9ME,2024-09-18 02:05:57.396
ulst_01J81DXK50ANE8W8M5CWPWYN2C,orgn_01GVH3V76CXSA6M570J5657ZR6,2024-09-18 02:06:00.542
ulst_01J81DXK50ANE8W8M5CWPWYN2C,orgn_01GVH3V7KDYJRFEM38GD47M89H,2024-09-18 02:06:06.107
ulst_01J81DXK50ANE8W8M5CWPWYN2C,orgn_01GVH3VA37RHXGKEQYJ8REG64C,2024-09-18 02:06:09.19
ulst_01J81DXK50ANE8W8M5CWPWYN2C,orgn_01GVH3VBMKHEH5C83VW6293CV1,2024-09-18 02:06:14.257
ulst_01J81EBT97D3H7PG4Z8FTZWH3C,orgn_01GVH3V4AHNHVCPWYCD6QJG21T,2024-09-18 02:11:57.572
ulst_01J81EBT97D3H7PG4Z8FTZWH3C,orgn_01GVXXKRZYESF9JE224SR5TQB3,2024-09-18 02:12:03.35
ulst_01J81EBT97D3H7PG4Z8FTZWH3C,orgn_01GVH3V78D4DDF6ZHRE3YF2G48,2024-09-18 02:12:08.178
ulst_01J9W0BKKAFGYM9KWKRW3RAQ35,orgn_01GVH3V5TTYD0S47P465DKDFK2,2024-10-10 20:02:34.893
ulst_01J9W0BKKAFGYM9KWKRW3RAQ35,orgn_01GVH3V6HJWXSAXAJ57NYDTRR5,2024-10-10 20:06:27.64
ulst_01J9W0BKKAFGYM9KWKRW3RAQ35,orgn_01GVH3V47EV1Q0VNET6VJZJNN5,2024-10-10 20:06:47.721
ulst_01J9W0BKKAFGYM9KWKRW3RAQ35,orgn_01GVH3V460JRPNX9DMVBPYWFNV,2024-10-10 20:06:52.221
ulst_01J9W0BKKAFGYM9KWKRW3RAQ35,orgn_01GVH3V494X67V1T7YQFHJRFXJ,2024-10-10 20:07:12.601
ulst_01JAA4E9SKYJ85FHCS3AAFKFTM,orgn_01GVH3VBB12BFN8QA62E1EJGTY,2024-10-16 07:42:29.35
ulst_01JAA4E9SKYJ85FHCS3AAFKFTM,orgn_01GVH3V4869MBWH8BRBB3KCT35,2024-10-16 07:42:50.784
ulst_01JAA4GSDT1TJ1V4W4AZY8CPY7,orgn_01H29CX231BW9V5A2AKWM1KEGN,2024-10-16 07:43:50.236
ulst_01JAA4GSDT1TJ1V4W4AZY8CPY7,orgn_01GVXXKS14QW4346CHFM87NDHV,2024-10-16 07:44:13.186
ulst_01JAA4E9SKYJ85FHCS3AAFKFTM,orgn_01GVH3V43M2WBQ1RHDVT4CF58M,2024-10-16 07:44:42.574
ulst_01JAA4NNDC83AFERJJGD9SSKWJ,orgn_01GVH3V435BYRM6D3PKTW1AKK7,2024-10-16 07:46:28.254
ulst_01JAA4E9SKYJ85FHCS3AAFKFTM,orgn_01GVH3V460JRPNX9DMVBPYWFNV,2024-10-16 07:46:43.471
ulst_01JAA4E9SKYJ85FHCS3AAFKFTM,orgn_01GVH3V494X67V1T7YQFHJRFXJ,2024-10-16 07:47:37.032
ulst_01JAA4NNDC83AFERJJGD9SSKWJ,orgn_01GVH3V6EH8J95HVX0J651671J,2024-10-16 07:47:49.154
ulst_01JAA4E9SKYJ85FHCS3AAFKFTM,orgn_01GVH3V3SHC630JFFMNKJY8KM1,2024-10-16 07:48:19.115
ulst_01JAA4NNDC83AFERJJGD9SSKWJ,orgn_01HAQH1AR2WV8Z9WMPVW4ZPAVP,2024-10-16 07:48:32.241
ulst_01JAA4Y3GN68Y22H4R51X7V60C,orgn_01GVH3V3S8ZFWWNVC4V5J71PAZ,2024-10-16 07:51:05.575
ulst_01JAA4NNDC83AFERJJGD9SSKWJ,orgn_01HQBFZZ4C5D8P9KN8JHTTJ9N8,2024-10-16 07:52:20.343
ulst_01JAA4Y3GN68Y22H4R51X7V60C,orgn_01HY74AY5C94SDFS5QADA53B3A,2024-10-16 07:53:03.73
ulst_01JAA4GSDT1TJ1V4W4AZY8CPY7,orgn_01HAQH1AQQY0WZC8YFDG64ERT5,2024-10-16 07:53:16.739
ulst_01JAA4GSDT1TJ1V4W4AZY8CPY7,orgn_01HAQH1AQVVX5YY2T30HH1JH9M,2024-10-16 07:53:28.049
ulst_01JAA4NNDC83AFERJJGD9SSKWJ,orgn_01HAQH1AQX1XYKJNXYNYNBASDR,2024-10-16 07:53:54.554
ulst_01JAA4NNDC83AFERJJGD9SSKWJ,orgn_01GVH3V5TTYD0S47P465DKDFK2,2024-10-16 07:54:54.031
ulst_01JAA4NNDC83AFERJJGD9SSKWJ,orgn_01GVH3V48W8YMZQVYDP8EY81PM,2024-10-16 07:55:22.333
ulst_01JAA4GSDT1TJ1V4W4AZY8CPY7,orgn_01J0KSGTE8BFC3CWTG3FMCSJ69,2024-10-16 07:55:53.636
ulst_01JC1AV0C20MPPCYDAZNTVDVM2,orgn_01GVH3VA2PFQK3CHQ71D9WMCVX,2024-11-06 18:14:40.049
ulst_01JC1AX1G51C0V15NSGPZ5XH8R,orgn_01GVH3VABSTMFWTM40J8XTYEPX,2024-11-06 18:14:48.776
ulst_01JC1GPAMH9QD52N6BDNYW3N7J,orgn_01GVH3V6RJHDW1QRSVDA6NB3D0,2024-11-06 19:57:55.899
ulst_01JC1GPAMH9QD52N6BDNYW3N7J,orgn_01GVH3V408N0YS7CDYAH3F2BMH,2024-11-06 19:58:04.786
ulst_01JC1GPAMH9QD52N6BDNYW3N7J,orgn_01GVH3V442E4QSM849J47CJWDJ,2024-11-06 19:58:34.065
ulst_01JC1GPAMH9QD52N6BDNYW3N7J,orgn_01HZ8PZF5P8583M2W6955WHPGD,2024-11-06 19:58:57.005
ulst_01JC1GPAMH9QD52N6BDNYW3N7J,orgn_01J4QW28RK6YP1PH4MCZZ1QKQS,2024-11-06 19:59:04.292
ulst_01JC1GPAMH9QD52N6BDNYW3N7J,orgn_01JARJ8DJRV6SSKC2QRWCNQ0NW,2024-11-06 19:59:07.926
ulst_01JC1GPAMH9QD52N6BDNYW3N7J,orgn_01J4AXK2YAW1ENW8185KMS6M0S,2024-11-06 19:59:14.861
ulst_01JC1GPAMH9QD52N6BDNYW3N7J,orgn_01J4AXM51PEHZHFXEPBERKGDS0,2024-11-06 20:05:05.485
ulst_01JC1GPAMH9QD52N6BDNYW3N7J,orgn_01GVH3V98G0QFYD0N78BSJ4NQ3,2024-11-06 20:05:52.209
ulst_01JC1GPAMH9QD52N6BDNYW3N7J,orgn_01GVH3V6YHFGE11PTJGTP5W2H7,2024-11-06 20:11:38.07
ulst_01JC1J9G7ZM5J8WCTJ24D6MGBE,orgn_01JBHVWBDACEBFMZ4S6WRWW7EH,2024-11-06 20:22:59.836
ulst_01JC1J9G7ZM5J8WCTJ24D6MGBE,orgn_01JBGDSE8F1NMYPEZDJN2T7PSW,2024-11-06 20:24:36.749
ulst_01JC1J9G7ZM5J8WCTJ24D6MGBE,orgn_01GVXXKRPJ4F4HKRV9QYHTPPQZ,2024-11-06 20:24:57.816
ulst_01JC1J9G7ZM5J8WCTJ24D6MGBE,orgn_01H29CX1TKVEXVE4YE7H74K03R,2024-11-06 20:25:06.276
ulst_01JC1J9G7ZM5J8WCTJ24D6MGBE,orgn_01GVH3V457R21Z64WZTHEX19XW,2024-11-06 20:25:22.531
ulst_01JC1J9G7ZM5J8WCTJ24D6MGBE,orgn_01GVH3V3Y4DTWRSXT0G4JWVKSA,2024-11-06 20:25:28.29
ulst_01JC1J9G7ZM5J8WCTJ24D6MGBE,orgn_01H9ERWYK401NPK8MJFRGH47R4,2024-11-06 20:29:47.758
ulst_01JC1J9G7ZM5J8WCTJ24D6MGBE,orgn_01H9ES4SJA09NGTBDJ3TGW7G4F,2024-11-06 20:29:50.249
ulst_01JC1J9G7ZM5J8WCTJ24D6MGBE,orgn_01H9ES0SM4TT072EDZS6ZK9ZEH,2024-11-06 20:31:19.509
ulst_01JC1J9G7ZM5J8WCTJ24D6MGBE,orgn_01GVH3V3YB3SRXHHE0EEVCVT89,2024-11-06 20:32:26.431
ulst_01JC1J9G7ZM5J8WCTJ24D6MGBE,orgn_01GVH3V3ZXT2BDRDDBYH30GDDX,2024-11-06 20:33:30.237
ulst_01JC1J9G7ZM5J8WCTJ24D6MGBE,orgn_01H29CX1TFS8QECPPXB0HZD93R,2024-11-06 20:33:43.087
ulst_01JC1J9G7ZM5J8WCTJ24D6MGBE,orgn_01GVH3V3Y0WXSNDVK0H83T957V,2024-11-06 20:36:00.562
ulst_01JC1J9G7ZM5J8WCTJ24D6MGBE,orgn_01GVXXKRPQPADDM7CB8ZS1909A,2024-11-06 20:36:21.3
ulst_01JC1J9G7ZM5J8WCTJ24D6MGBE,orgn_01H9ERV625NEJEKZERXJDX9W5H,2024-11-06 20:37:50.982
ulst_01JC1J9G7ZM5J8WCTJ24D6MGBE,orgn_01GVH3V41W6A3GVMTZK4FB5EXX,2024-11-06 20:37:56.75
ulst_01JC1J9G7ZM5J8WCTJ24D6MGBE,orgn_01GVH3V405Q2Z6SSZP3XGVS0ZP,2024-11-06 20:38:02.231
ulst_01JC49CEDV3KX0PV0R0F26B0EZ,orgn_01GVH3V3S06WAB2NRJ8KKSK49P,2024-11-07 21:44:47.51
ulst_01JC49CEDV3KX0PV0R0F26B0EZ,orgn_01GVH3V3SDPYF4MDPTCZDBVPH3,2024-11-07 21:44:51.183
ulst_01JC4EW8A6MR3JV6CYN0NVF7P1,orgn_01HQBFZZK2KQ7AKH2Q7QJ67V9K,2024-11-07 23:20:56.649
ulst_01JC4EW8A6MR3JV6CYN0NVF7P1,orgn_01GVH3V8C8MZ72TCFSE75HPY40,2024-11-07 23:21:20.808
ulst_01JCVD3WYJ1SZWEEK69WW4R4C2,orgn_01GVH3V4YS1H7KYJQHETXH285V,2024-11-16 21:12:33.198
ulst_01JCVD3WYJ1SZWEEK69WW4R4C2,orgn_01HC3Y57GM228CA02CTY3VW7WN,2024-11-16 21:12:40.331
ulst_01JCVD3WYJ1SZWEEK69WW4R4C2,orgn_01H5XNENVR30T0MDJW5TJVG6SN,2024-11-16 21:12:46.093
ulst_01JCVD3WYJ1SZWEEK69WW4R4C2,orgn_01H29CX1XZ2FP0GKJGY5YF2DNC,2024-11-16 21:12:51.5
ulst_01JCVD3WYJ1SZWEEK69WW4R4C2,orgn_01GVH3V3SS03A0DCF2NJG6HEC9,2024-11-16 21:12:55.331
ulst_01JCVD3WYJ1SZWEEK69WW4R4C2,orgn_01GVH3V65CMB9V63QNTQ4JZ7MR,2024-11-16 21:13:01.22
ulst_01JCVD3WYJ1SZWEEK69WW4R4C2,orgn_01J1G91G1X4A3AYMZWDP2YQSQZ,2024-11-16 21:13:10.325
ulst_01JCVD3WYJ1SZWEEK69WW4R4C2,orgn_01GVH3VAGTVR03Y3E1R6CDCVAG,2024-11-16 21:13:24.751
ulst_01JCVD3WYJ1SZWEEK69WW4R4C2,orgn_01GVH3V49THGR5K0CVQ5M2AGAX,2024-11-16 21:13:28.871
ulst_01JCVD3WYJ1SZWEEK69WW4R4C2,orgn_01GVH3V4AW9BWF8KFC9D8JM5YG,2024-11-16 21:13:37.516
ulst_01JCVD3WYJ1SZWEEK69WW4R4C2,orgn_01H29CX1VSPZPEK1JYEE7XNENT,2024-11-16 21:20:08.111
ulst_01JCVD3WYJ1SZWEEK69WW4R4C2,orgn_01J0KSGTE8BFC3CWTG3FMCSJ69,2024-11-16 21:20:16.463
ulst_01JD525FV1QDG60QJD73QGN7G8,orgn_01H29CX1SBTB1E4VHP425GKB3V,2024-11-20 15:13:37.076
ulst_01JD525FV1QDG60QJD73QGN7G8,orgn_01GVH3VBA20VKA2ZAR3BDZ6EQP,2024-11-20 15:14:14.099
ulst_01JE7TZYEN1A4VT1X6VR74TB2C,orgn_01GVH3V7XHDH38H6R3GB196SNC,2024-12-04 03:21:38.451
ulst_01JE7TZYEN1A4VT1X6VR74TB2C,orgn_01GVH3V3T2111TY4MR1HW6WS22,2024-12-04 03:21:45.704
ulst_01JE7TZYEN1A4VT1X6VR74TB2C,orgn_01GVXXKS6RM5GRPH13V3G808SS,2024-12-04 03:22:49.299
ulst_01JE7TZYEN1A4VT1X6VR74TB2C,orgn_01GVH3V4HXQME3K04YF5RBH7M4,2024-12-04 03:24:34.128
ulst_01JE7TZYEN1A4VT1X6VR74TB2C,orgn_01H7WWNF9DJT1HSRCXBRP3ZF14,2024-12-04 03:24:40.174
ulst_01JE7TZYEN1A4VT1X6VR74TB2C,orgn_01GVH3V6081WGDE3MEN0N7RMB6,2024-12-04 03:24:44.153
ulst_01JE7TZYEN1A4VT1X6VR74TB2C,orgn_01GVH3V4ENE33NAGT3J7YB0XC3,2024-12-04 03:26:30.119
ulst_01JEX877H0S5GFHH6Q6KW6A1Z0,orgn_01H29CX20ZS8MH9E3DCWAD7JBX,2024-12-12 10:56:51.532
ulst_01JFMV5C1DR46WXNKMKX7KGH05,orgn_01GVH3V4YXZ0A0C4FVPSDVCCX8,2024-12-21 14:50:27.397
ulst_01JFMV5C1DR46WXNKMKX7KGH05,orgn_01HQBFZZ4T4XHBWX1QZQWVZD24,2024-12-21 14:50:35.231
ulst_01JFMV5C1DR46WXNKMKX7KGH05,orgn_01J0KSYG8GAVM586B92PN9CAPX,2024-12-21 14:50:44.064
ulst_01JFMV5C1DR46WXNKMKX7KGH05,orgn_01HC3VC24CHSEY8TXBA5JQD6B3,2024-12-21 14:50:53.661
ulst_01JFMV5C1DR46WXNKMKX7KGH05,orgn_01GVH3VA1QT2QRQ5MS92MW4QZF,2024-12-21 14:51:03.856
ulst_01JFMV5C1DR46WXNKMKX7KGH05,orgn_01GVH3V8SSW07MDK1P89NEMWNG,2024-12-21 14:51:10.142
ulst_01JFMV5C1DR46WXNKMKX7KGH05,orgn_01HC8Z0ATDSKKSB2D2327GDGBE,2024-12-21 14:51:13.884
ulst_01JGE997D10X748W0C79A7TGMS,orgn_01GVXXKRRYFG1CWK1E5MSJP0J6,2025-01-07 06:22:01.934
ulst_01JGE997D10X748W0C79A7TGMS,orgn_01GVH3V7DX112ZMST9N2RNZGAY,2025-01-07 06:22:11.244
ulst_01JAA4GSDT1TJ1V4W4AZY8CPY7,orgn_01GVH3VBDF8EEPN9WKXT1MZZH9,2025-01-10 19:36:58.581
