ulst_01J1WR7HGADWZ2ZBCQMQ0GY1J9,osvc_01HQBFZYQ8V5PY4GT1TR2DX7J9,2024-07-03 16:53:22.459
ulst_01J58RGW2N8FZ1J6PW0GS6ZE0G,osvc_01GVH3VHDHZZH1HNPQWCTG2VEH,2024-08-14 15:36:42.702
ulst_01J58RGW2N8FZ1J6PW0GS6ZE0G,osvc_01GVH3VM0GHZWEGK3DQ2QW2JP5,2024-08-14 15:37:17.339
ulst_01J58RGW2N8FZ1J6PW0GS6ZE0G,osvc_01GVH3VMWBN132QPMTP5QBRVX1,2024-08-14 15:38:02.948
ulst_01J5NXTNRBVMZW44RHJMXN8RG2,osvc_01GVH3VGEWKA1A3D31RBDDR1P7,2024-08-19 18:49:20.021
ulst_01J5P5XDEKFHRKJRS768XMS9Y0,osvc_01HQBG00PN06XVBFTVZ5WXWS26,2024-08-19 20:42:41.283
ulst_01J5P5XDEKFHRKJRS768XMS9Y0,osvc_01HQBG00K22H594TGX6H8MPT85,2024-08-19 20:42:51.542
ulst_01J5P5XDEKFHRKJRS768XMS9Y0,osvc_01GVH3VDSP6Z4TDQDGD00FV5B8,2024-08-19 20:43:07.609
ulst_01J5P5XDEKFHRKJRS768XMS9Y0,osvc_01GVH3VKSJZGD08DYNS2VT1HVB,2024-08-19 20:43:19.639
ulst_01J5P5XDEKFHRKJRS768XMS9Y0,osvc_01GVH3VNJDAQZPBQD8G4VKQJVZ,2024-08-19 20:45:32.733
ulst_01J5NXTNRBVMZW44RHJMXN8RG2,osvc_01HDQ1X5A7N4Z7T4BF2MFCQ7A8,2024-08-20 00:01:35.467
ulst_01J81DXK50ANE8W8M5CWPWYN2C,osvc_01GVH3VZP1KA7WGARB306P7K63,2024-09-18 02:04:22.824
ulst_01J81DXK50ANE8W8M5CWPWYN2C,osvc_01GVH3W2HW86R8EAKHCR94XK24,2024-09-18 02:08:07.118
ulst_01J81DXK50ANE8W8M5CWPWYN2C,osvc_01GVH3WGV4082NKNA6DVPHVFAC,2024-09-18 02:09:15.056
ulst_01J81DXK50ANE8W8M5CWPWYN2C,osvc_01GVH3WNN57AFQZKK51D5ZZH4B,2024-09-18 02:09:53.231
ulst_01JAA4E9SKYJ85FHCS3AAFKFTM,osvc_01GVH3VG4EYAVP7EB4RFD6PQ24,2024-10-16 08:15:26.085
ulst_01JC49CEDV3KX0PV0R0F26B0EZ,osvc_01GVXX0X65W8VYJPFJG2KRGV9B,2024-11-07 22:06:43.317
ulst_01JC49CEDV3KX0PV0R0F26B0EZ,osvc_01H56ER1VAX4HZ85BM6WJ59HG6,2024-11-07 22:07:07.836
ulst_01JC49CEDV3KX0PV0R0F26B0EZ,osvc_01GVH3VDWJ1JT9DE373BBPJJ6Z,2024-11-07 22:09:56.227
ulst_01JC49CEDV3KX0PV0R0F26B0EZ,osvc_01GVH3VDWG05A0E2SB3KV9J1K6,2024-11-07 22:10:08.869
ulst_01JC49CEDV3KX0PV0R0F26B0EZ,osvc_01GVH3VQXBSHDNCMR7GR5RREHT,2024-11-07 22:11:51.44
ulst_01JC49CEDV3KX0PV0R0F26B0EZ,osvc_01GVH3VQXACTTFDDBY4KXEBDQZ,2024-11-07 22:12:13.771
ulst_01JDQ7SG7GQFEXXE2X3G8TFCGW,osvc_01GVXX0XC0DYQCBVMERMSM4YY3,2024-11-27 16:40:30.627
