slgr_01H56E3WH2X0K3BSRTN2570G4B,feminist-womens-health-center,feminist-womens-health-center-2,orgn_01GVH3V5YZV706TDMQ5KTKP388,2023-07-15 04:45:25.181,2023-07-15 04:45:25.181
slgr_01H56E8GXX3MKHSHW3Y6BWPZ77,circle-health-services,the-centers,orgn_01GVH3V79VSBVEJV0SH5CPSXX9,2023-07-15 04:45:25.181,2023-07-15 04:45:25.181
slgr_01H56E9QQXCJKDJB26NQQYA20H,south-side-roots,mid-ohio-kitchen,orgn_01GVH3V7M5Z7Y4Y0SEJRDEP4WY,2023-07-15 04:45:25.181,2023-07-15 04:45:25.181
slgr_01H56EGGBM9WZ602R2CEYH9JZD,identi-t,lgbtqia-community-center-of-southern-nevada-sag7,orgn_01GVH3V9AKFEAEQPX7YTPNSAG7,2023-07-15 04:45:25.181,2023-07-15 04:45:25.181
slgr_01H56EKJS1JQ4FB0HER0M8FN4Z,aba-immigrant-justice-project,aba-immigration-justice-project,orgn_01GVH3VAEATP3HMK9B7DJ3DPME,2023-07-15 04:45:25.181,2023-07-15 04:45:25.181
slgr_01H56EKMZWQZ5NKRX8Y2KDK37H,justice-neighbors,just-neighbors-n0x1,orgn_01GVH3VAFY3EF3NZDMZDZJN0X1,2023-07-15 04:45:25.181,2023-07-15 04:45:25.181
slgr_01H56EKTYA611B66BWV0DMGKPA,tidewater-womens-and-lgbt-primary-care-center,a-tidewater-womens-health-clinic,orgn_01GVH3VAHC6TKK4ZE716B6BHP2,2023-07-15 04:45:25.181,2023-07-15 04:45:25.181
slgr_01H56EKV9JBMYEPSQR55RPX3ZP,chicanos-por-la-causa-family-immigration-services,chicanos-por-la-causa,orgn_01GVH3VAHNDMSTGM0031FSWQ5Q,2023-07-15 04:45:25.181,2023-07-15 04:45:25.181
slgr_01H56EM5PWH82CPNY3MP3HHGKC,feminist-womens-health-center-trans-health-initiative,feminist-womens-health-center-0xtc,orgn_01GVH3VAPFH7NVA6Y49M8Q0XTC,2023-07-15 04:45:25.181,2023-07-15 04:45:25.181
slgr_01H56ENJQQ22XKQDMGMTZ07XWG,aids-foundation-houston,aids-foundation-houston-inc-afh,orgn_01GVH3VBAYJA6VW5EF5DD5RNF0,2023-07-15 04:45:25.181,2023-07-15 04:45:25.181
slgr_01H56EPAKBA1N3YZYAVSS48Q3E,information-center-for-hivaids,centro-de-orientacion-e-informacion-de-vihsida-ac,orgn_01GVH3VBHA9KJ4CH4MZ1TV8J0X,2023-07-15 04:45:25.181,2023-07-15 04:45:25.181
slgr_01H56EQE90VG138MXSHNASZ3F8,live-moves-new-haven-inn,lifemoves-new-haven-inn,orgn_01GVXXKRXA4JES6CVTE0DK8ZT3,2023-07-15 04:45:25.181,2023-07-15 04:45:25.181
slgr_01H56ER1XGE5GBPFEFWGW2QAPG,austin-outpost-qwell,qwell-community-foundation,orgn_01GVXXKS3GH6FQVVG0J477YCZS,2023-07-15 04:45:25.181,2023-07-15 04:45:25.181
slgr_01H56ER2CVW38RTHCYHEFKDEP9,nebraska-medicine-university-health-center-transgender-clinic,nebraska-medical-centers-gender-care-clinic,orgn_01GVXXKS3QVCVN6D50D8F3BT31,2023-07-15 04:45:25.181,2023-07-15 04:45:25.181
slgr_01H56ER2ZQW3QRBSVAWQMPHJ4Y,hot-mess-sports,hotmess-sports,orgn_01GVXXKS3VCKN8SK8EZ6KMYG6D,2023-07-15 04:45:25.181,2023-07-15 04:45:25.181
slgr_01H56ER3N4MANGD8XNJ81Z4HEK,transform-health,transform-health-at-uk-healthcare,orgn_01GVXXKS46QKR5RV2Z6G826A1F,2023-07-15 04:45:25.181,2023-07-15 04:45:25.181
slgr_01H56ER5FZF5CX4GY9GP4ZEBGF,providence-youth-student-movement,providence-youth-student-movement-prysm,orgn_01GVXXKS4KPYRMR77062D6YBNV,2023-07-15 04:45:25.181,2023-07-15 04:45:25.181
slgr_01H56ER66RPT4Q033826EGZJTX,exodus-refugee,exodus-refugee-immigration,orgn_01GVXXKS4TXV426RXBFYPZ7T4E,2023-07-15 04:45:25.181,2023-07-15 04:45:25.181
slgr_01H56ER7BVC2T7FD0QBV0RR52S,norton-healthcare-lgbtq-inclusion,norton-healthcare,orgn_01GVXXKS59J28BDWNTHGH4E1D6,2023-07-15 04:45:25.181,2023-07-15 04:45:25.181
slgr_01HFW6SDXKZSVJECE7QNPBXM3Q,varsity-gay-league,outloud-sports,orgn_01GVH3V5YBHDQ2BZHTWJQXA4WS,2023-11-27 19:27:17.075,2023-11-27 19:27:17.075
slgr_01HFW6W7TAFJ53CCF20A47AKSH,the-center-mohawk-valley,the-center-utica,orgn_01GVH3V5MP81H48MB0TRN9B2YB,2023-11-27 19:27:17.075,2023-11-27 19:27:17.075
slgr_01HFW6Y8XE6N8Q6D264E1XDW20,womens-center-of-greater-danbury,the-center-for-empowerment-and-education,orgn_01GVH3V7ZSRQZWZ51ME5BEJRW8,2023-11-27 19:27:17.075,2023-11-27 19:27:17.075
slgr_01HR7KEPZ4KH0GTQFN85CZ1QY5,family-equality-council,family-equality,orgn_01GVH3V54272V3V6GJYK4X5391,2024-03-05 15:24:30.121,2024-03-05 15:24:30.121
slgr_01HR7KER0SHJ66ASHKC4NRQ2C2,family-equality,family-equality-5391,orgn_01GVH3V54272V3V6GJYK4X5391,2024-03-05 15:24:31.146,2024-03-05 15:24:31.146
slgr_01HRFRFTEN1CFX241A94WHNXP7,rusa-lgbt,rusa-lgbtq-jnn5,orgn_01GVH3V47EV1Q0VNET6VJZJNN5,2024-03-08 19:26:24.729,2024-03-08 19:26:24.729
slgr_01HRG2HXKNGFJST19SFNYNY6CK,centre-lgbtqa-support-network,centre-lgbt,orgn_01GVH3VAVVBSFXE3BHTCM9W6VG,2024-03-08 22:22:18.863,2024-03-08 22:22:18.863
slgr_01HRG2HY0JFFBRRWY0MNKDAQY1,the-lgbtq-center-of-bay-county,gulf-coast-lgbtq-center,orgn_01GVH3V8N4Q744M03RNM5HMHV5,2024-03-08 22:22:18.863,2024-03-08 22:22:18.863
slgr_01HRG2HY5SAT9CQ3AR09M8Q0MZ,pflag-blue-ridge,pflag-greater-charlottesville,orgn_01GVH3V4C05TR0Y456H6P2QQCW,2024-03-08 22:22:18.863,2024-03-08 22:22:18.863
slgr_01HRG2HYATHYDMEPBNAF4TWDMC,riverside-language-program,riverside-immigrant-services-and-empowerment,orgn_01GVH3V5M2ZYXS27ZVNN20J5AX,2024-03-08 22:22:18.863,2024-03-08 22:22:18.863
slgr_01HRG2HYF9TEMREDCRXRW5C7BE,world-relief-chicago,world-relief-chicagoland,orgn_01GVH3V4G5T67JV2HCDZQMH7KN,2024-03-08 22:22:18.863,2024-03-08 22:22:18.863
slgr_01HRG2HYM0767XJCPMFCE084Y4,world-relief-seattle,world-relief-western-wa,orgn_01GVH3V4BX7J6YJACW195T5D1J,2024-03-08 22:22:18.863,2024-03-08 22:22:18.863
slgr_01HRQQJZMAS0FH60X9NV5XW987,trans-women-of-color-collective,trans-women-of-color-collective-twocc,orgn_01GVH3V6YNQANYQ80YS96PF0MM,2024-03-11 21:44:35.228,2024-03-11 21:44:35.228
slgr_01HRQQKA052C59YM9ZR0ZZ2722,trans-women-of-color-collective-twocc,trans-women-of-color-collective-twocc-f0mm,orgn_01GVH3V6YNQANYQ80YS96PF0MM,2024-03-11 21:44:45.833,2024-03-11 21:44:45.833
slgr_01HRTHZ7AHH6CE5VQT7494E0YC,the-alliance-for-glbtq-youth,the-alliance-for-lgbtq-youth,orgn_01GVH3V50V9A5C2WWMT69XQSA3,2024-03-13 00:04:08.149,2024-03-13 00:04:08.149
slgr_01HRTHZ7T6WJRW0BAB7KDCRRKC,the-alliance-for-lgbtq-youth,the-alliance-for-lgbtq-youth-qsa3,orgn_01GVH3V50V9A5C2WWMT69XQSA3,2024-03-13 00:04:08.648,2024-03-13 00:04:08.648
slgr_01HRWVCZ9H2J2GW2PWP4JS571J,sidley-policial-asylum-and-immigrants-rights-project,sidley-political-asylum-and-immigrants-rights-project,orgn_01GVH3VBMRPS9NQJY056DN1TV0,2024-03-13 21:27:24.725,2024-03-13 21:27:24.725
slgr_01HRWVDB3S3338245AG29XYX9F,sidley-political-asylum-and-immigrants-rights-project,sidley-political-asylum-and-immigrants-rights-project-1tv0,orgn_01GVH3VBMRPS9NQJY056DN1TV0,2024-03-13 21:27:36.829,2024-03-13 21:27:36.829
slgr_01HRZX2B7QQ4ZN70ZNTXWTVDRR,planned-parenthood-missouri,planned-parenthood-of-the-st-louis-region-and-southwest-missouri,orgn_01GVH3V7KX3E6W9FVR84JHCHXB,2024-03-15 01:54:17.021,2024-03-15 01:54:17.021
slgr_01HRZX2BM4ZQPGTNBN8QT81107,planned-parenthood-of-the-st-louis-region-and-southwest-missouri,planned-parenthood-of-the-st-louis-region-and-southwest-missouri-chxb,orgn_01GVH3V7KX3E6W9FVR84JHCHXB,2024-03-15 01:54:17.351,2024-03-15 01:54:17.351
slgr_01HS1YQ7GYYD3E7PNJZX624SE3,aids-ministries,health-plus-indiana,orgn_01GVH3V6FFKAY2WX6FTMZS2S9F,2024-03-15 21:01:34.227,2024-03-15 21:01:34.227
slgr_01HS1YQ8J7FM2VFJS0NDB6ZJMB,boulder-valley-womens-health-center,boulder-valley-health-center,orgn_01GVH3V50CQT80NKEAMZQPFZXA,2024-03-15 21:01:34.227,2024-03-15 21:01:34.227
slgr_01HS1YQ8WB6S0V654Z7QZFWYAX,nyc-health-hospitals-brooklyn-services,nyc-health-and-hospitals,orgn_01GVH3V5V2Y73FAFXDQE6668HK,2024-03-15 21:01:34.227,2024-03-15 21:01:34.227
slgr_01HS1YQ942MCAHYABSGK8WWQ64,the-lgbt-center-orlando,the-center-orlando,orgn_01GVH3V8JGYWWDT9H6VHAG89Q0,2024-03-15 21:01:34.227,2024-03-15 21:01:34.227
slgr_01HS1YQ98C921XB3MB7JGV3W4Y,utah-aids-foundation,uaf-legacy-health,orgn_01GVH3V9DZCNPZ9STH77MY4MED,2024-03-15 21:01:34.227,2024-03-15 21:01:34.227
slgr_01HSCRF17FXZ3ET01K38C1WE8V,umn-health,unm-health,orgn_01HQBFZZPPX0K7FQR212W51KBB,2024-03-20 01:43:57.428,2024-03-20 01:43:57.428
slgr_01HSCRFW31XFDJ9PS3AG0WZVCS,unm-health,unm-health-1kbb,orgn_01HQBFZZPPX0K7FQR212W51KBB,2024-03-20 01:44:24.932,2024-03-20 01:44:24.932
slgr_01HSPTNFB5DKRNVZK8K9RP6FY8,zebra-coalition,zebra-youth-cysh,orgn_01GVH3V5V6XRDSYTKMBKY2CYSH,2024-03-23 23:34:49.961,2024-03-23 23:34:49.961
slgr_01HYPRBY7NB76HFEAJG3NY9K9X,protect-your-piece-psychiatry-pllc,protect-your-peace-psychiatry-pllc,orgn_01HYPRAQGF0CGTBHPDQT5GAWQ0,2024-05-25 02:13:09.496,2024-05-25 02:13:09.496
slgr_01HZQCVV35S5XB2984TS06A14G,trikone-chicago,trikone-chicago-txa8,orgn_01HZPXA0VEBDWYTV5YAHJYTXA8,2024-06-06 18:27:05.133,2024-06-06 18:27:05.133
slgr_01HZQD3ZXHEQ7C26Q1ME04GPVR,refuge-america,refuge-america-t7ze,orgn_01HZMZ6G1GR7W4VFRQAEMBT7ZE,2024-06-06 18:31:32.462,2024-06-06 18:31:32.462
slgr_01HZR4PBGPFCVTEV4ZZJB85Y0J,sakhi-for-south-asian-women,sakhi-for-south-asian-women-2zpj,orgn_01GVH3VAG20PYYJH900R442ZPJ,2024-06-07 01:23:31.57,2024-06-07 01:23:31.57
slgr_01HZR4VNTR5MWMA99EMPH7CX7H,sakhi-for-south-asian-women-2zpj,sakhi-for-south-asian-survivors,orgn_01GVH3VAG20PYYJH900R442ZPJ,2024-06-07 01:26:25.78,2024-06-07 01:26:25.78
slgr_01HZR5AMATVF9VJKQ5PXVC116E,rainbow-youth-project,rainbow-youth-project-usa,orgn_01HQCE4BY1C88FTN9ETJEVC68A,2024-06-07 01:34:35.444,2024-06-07 01:34:35.444
slgr_01HZT73ETE9G802SPAN8EDETJ8,baltimore-safe-haven,baltimore-safe-haven-kams,orgn_01GVH3VB9XBAQDTM9949YRKAMS,2024-06-07 20:44:07.108,2024-06-07 20:44:07.108
slgr_01HZTHWTANE8HQETK6VSAJ3NGG,girls-in-the-game,girls-in-the-game-7vsw,orgn_01HZTDRG0F3ZBVED5ZKAH27VSW,2024-06-07 23:52:43.123,2024-06-07 23:52:43.123
slgr_01HZTKJ55GVYHDYWJ5E2Q37A5J,new-pride-agenda-npa,new-pride-agenda-npa-hz17,orgn_01HZMYP8ESSFDD9P2C7ECRHZ17,2024-06-08 00:21:51.149,2024-06-08 00:21:51.149
slgr_01HZTKV14J2KAEVGA4WD96N54T,queercare,queercare-cp49,orgn_01HZ8PBGSAKPXNJY5GZP3SCP49,2024-06-08 00:26:41.61,2024-06-08 00:26:41.61
slgr_01HZTME747G6C892K2C9PXC0DN,asian-and-pacific-islander-queers-united-for-action-aqua,asian-and-pacific-islander-queers-united-for-action-aqua-hpgd,orgn_01HZ8PZF5P8583M2W6955WHPGD,2024-06-08 00:37:10.509,2024-06-08 00:37:10.509
slgr_01HZWCW9MPCM8MX3MZDKDD4HKP,equality-new-york,equality-new-york-eqny,orgn_01HZMY2VRDHJZCXTRF2PXAZY9D,2024-06-08 17:03:30.976,2024-06-08 17:03:30.976
slgr_01HZZXTHDXCCTF8S3S0J44WRMS,glad-answers,glad-glbtq-legal-advocates-and-defenders-np5j,orgn_01GVH3V9JZS2912DJS1R2WNP5J,2024-06-10 01:57:23.747,2024-06-10 01:57:23.747
slgr_01HZZYZ5AYBXDT1AR03YABZCJX,carbon-health,carbon-health-massachusetts,orgn_01HQ9F4DRCB2YYEQ6HJ8E3VMJE,2024-06-10 02:17:22.529,2024-06-10 02:17:22.529
slgr_01J0238HNHYEGP087QGE5TSJAD,pink-haven-coalition,pink-haven-coalition-5tja,orgn_01HYVMTZ2YV67A59E5084G5TJA,2024-06-10 22:10:54.43,2024-06-10 22:10:54.43
slgr_01J0281R21CEVQB35X05HXMMXC,uva-health-gender-health-services,uva-health,orgn_01HYPNH5RV56PCXJR0F7FTZB14,2024-06-10 23:34:34.269,2024-06-10 23:34:34.269
slgr_01J0284G4BKCXVGB9H5KD0XA8N,uva-health,uva-health-zb14,orgn_01HYPNH5RV56PCXJR0F7FTZB14,2024-06-10 23:36:04.876,2024-06-10 23:36:04.876
slgr_01J0285F397QZ389DBRCJ2NZZW,uva-health-zb14,uva-health-lgbtq-healthcare-services,orgn_01HYPNH5RV56PCXJR0F7FTZB14,2024-06-10 23:36:36.314,2024-06-10 23:36:36.314
slgr_01J0286AK1THX89DYE1V48VQ6J,uva-health-lgbtq-healthcare-services,uva-health-lgbtq-healthcare-services-zb14,orgn_01HYPNH5RV56PCXJR0F7FTZB14,2024-06-10 23:37:04.661,2024-06-10 23:37:04.661
slgr_01J0291ZMR2P4A5MHRNPHQ19F6,transtech-social,transtech-social-enterprises,orgn_01J025AVQG1S92B61DY06Q44SR,2024-06-10 23:52:10.848,2024-06-10 23:52:10.848
slgr_01J03TYAY15WX9K6F5FSP915P9,james-river-transgender-society,james-river-transgender-society-jrts,orgn_01HYPN6TP0A00P84CFD0FT9VA3,2024-06-11 14:24:01,2024-06-11 14:24:01
slgr_01J03XPY9M8EYRRFQWBD37PJ73,the-heartwood-program-gender-wellness-clinic,the-heartwood-program-gender-wellness-clinic-7k3e,orgn_01HYPRYH9NFWW82FK75CVA7K3E,2024-06-11 15:12:24.333,2024-06-11 15:12:24.333
slgr_01J03Z1V12RVF3SS57QYBA0FF0,dulles-triangles,dulles-triangles-jfwr,orgn_01HYPMRYMKR8QA018DVE7TJFWR,2024-06-11 15:35:50.246,2024-06-11 15:35:50.246
slgr_01J0402GKWZX27HRN31RSJA3MF,capital-tea,capital-tea-fbka,orgn_01HS17448KFP1T5XXRF4CGFBKA,2024-06-11 15:53:40.52,2024-06-11 15:53:40.52
slgr_01J041GSDSADR7GMK2V6D27R3Y,out-in-tech,out-in-tech-3b3a,orgn_01HY74AY5C94SDFS5QADA53B3A,2024-06-11 16:18:56.614,2024-06-11 16:18:56.614
slgr_01J048PB6K660E3TQG9C3DCP2K,leslie-lohman-museum-of-art,leslie-lohman-museum-of-art-qzds,orgn_01HZMYECWZV4YS42DX8HW2QZDS,2024-06-11 18:24:19.939,2024-06-11 18:24:19.939
slgr_01J04EX0RSTAMX14R5GR54YM8N,360healthx,360healthx-5srx,orgn_01J04EQG9DXVTA529Y32P05SRX,2024-06-11 20:12:48.765,2024-06-11 20:12:48.765
slgr_01J04S8XG3JK57FDM4C17KA70Y,somos-familia,somos-familia-myjr,orgn_01J04RDTMBE7D1J2DDJZ31MYJR,2024-06-11 23:14:04.067,2024-06-11 23:14:04.067
slgr_01J04TFY9TM0ZC6ETYNMZZ5VGF,minnesota-transgender-health-coalition,minnesota-transgender-health-coalition-r3q4,orgn_01J04MFGRWXM2ADR6DH9TWR3Q4,2024-06-11 23:35:22.861,2024-06-11 23:35:22.861
slgr_01J04THDAHKVXWDNH0MTK6DT1M,minnesota-transgender-health-coalition-r3q4,minnesota-transgender-health-coalition-mtpc,orgn_01J04MFGRWXM2ADR6DH9TWR3Q4,2024-06-11 23:36:10.949,2024-06-11 23:36:10.949
slgr_01J054PZMRZPYSJXWQT3KSZQ0G,alphabet-alliance-of-color-aaoc,alphabet-alliance-of-color-aaoc-9w5h,orgn_01H9ERV625NEJEKZERXJDX9W5H,2024-06-12 02:33:59.579,2024-06-12 02:33:59.579
slgr_01J06YPGFWNDDCH3JKS6C15YCS,lgbt-tech,lgbt-tech-rncw,orgn_01J04HYMF1PE7NMAWG84G7RNCW,2024-06-12 19:27:21.632,2024-06-12 19:27:21.632
slgr_01J07HG9HH983YEEWM17B5AD2E,outcare-health,outcare-health-m3m7,orgn_01J06NXV6RYE730Y4FBXKPM3M7,2024-06-13 00:56:00.548,2024-06-13 00:56:00.548
slgr_01J07NB6X3S79YTDF81AM4Y651,trans-youth-equality-foundation,trans-youth-equality-foundation-tyef,orgn_01HNKD0S49MBC649TPK8S3NF2J,2024-06-13 02:03:08.016,2024-06-13 02:03:08.016
slgr_01J07NDS5EVN9TQGMGF80DENR5,trans-youth-equality-foundation-tyef,trans-youth-equality-foundation-tyef-nf2j,orgn_01HNKD0S49MBC649TPK8S3NF2J,2024-06-13 02:04:32.57,2024-06-13 02:04:32.57
slgr_01J07PGAJ4SGHNANWPCX85SRC7,pride-basketball-nyc,pride-basketball-nyc-a2xy,orgn_01HY74E7ZFW6NKMZXQB0ZZA2XY,2024-06-13 02:23:24.173,2024-06-13 02:23:24.173
slgr_01J07PN1895G2KDK6CRPYB3FV4,pride-basketball-nyc-a2xy,pride-basketball-nyc-pblnyc,orgn_01HY74E7ZFW6NKMZXQB0ZZA2XY,2024-06-13 02:25:58.812,2024-06-13 02:25:58.812
slgr_01J07Q6BADG7GM6KEKM2VGX94R,pride-basketball-nyc-pblnyc,pride-basketball-nyc-pblnyc-a2xy,orgn_01HY74E7ZFW6NKMZXQB0ZZA2XY,2024-06-13 02:35:26.281,2024-06-13 02:35:26.281
slgr_01J09VNPPX2KPDA5QKGJ83TF00,advocates-for-trans-equality-a4te,advocates-for-trans-equality-a4te-a66g,orgn_01J09TRHNYXKFA5VXG6GY5A66G,2024-06-13 22:32:12.221,2024-06-13 22:32:12.221
slgr_01J09Z35Z2GWQE2J1G4S3A9WZE,minnesota-freedom-band,minnesota-freedom-band-agwx,orgn_01J06QA805RR0R4XTZ482WAGWX,2024-06-13 23:31:59.731,2024-06-13 23:31:59.731
slgr_01J0CNF0198ZZKVB0YCJX7T6XR,prism-health-north-texas-phntx,prism-health-north-texas-phntx-hk8y,orgn_01J0A3NMY4Q8NM781K0EASHK8Y,2024-06-15 00:41:24.22,2024-06-15 00:41:24.22
slgr_01J0CNK3YQPE5AT11Q26ZJT5HN,american-lgbtq-museum,american-lgbtq-museum-vcmc,orgn_01HZMXA8WD889TRXQ1FSYYVCMC,2024-06-15 00:43:39.469,2024-06-15 00:43:39.469
slgr_01J0CNRQYXK6SPARQJYSPMQXEV,stonewall-sports-norfolk,stonewall-sports-norfolk-fqm7,orgn_01HYPNR72ZSXE0ZCWFTHB7FQM7,2024-06-15 00:46:43.639,2024-06-15 00:46:43.639
slgr_01J0MAZKCH4DYWN8SJV2MZ92HG,trans-continental-pipeline,trans-continental-pipeline-tcp,orgn_01J0KSYG8GAVM586B92PN9CAPX,2024-06-18 00:12:09.756,2024-06-18 00:12:09.756
slgr_01J0MD9T571YK0RPH4SJDPR29H,take-resource-center,take-resource-center-6eqp,orgn_01GVH3VBA20VKA2ZAR3BDZ6EQP,2024-06-18 00:52:41.719,2024-06-18 00:52:41.719
slgr_01J0P8EC8V3HXWSAR9WVCM3AD0,out-my-closet,out-my-closet-rj0j,orgn_01J0P824DFZH0C4Q7GYMEKRJ0J,2024-06-18 18:06:17.736,2024-06-18 18:06:17.736
slgr_01J0P8VAJFAPCAEN9NC2JACA9M,out-my-closet-rj0j,out-my-closet-omc,orgn_01J0P824DFZH0C4Q7GYMEKRJ0J,2024-06-18 18:13:22.142,2024-06-18 18:13:22.142
slgr_01J0P8VF0GMWMAQQMMN0JRVB5X,out-my-closet-omc,out-my-closet-omc-rj0j,orgn_01J0P824DFZH0C4Q7GYMEKRJ0J,2024-06-18 18:13:26.184,2024-06-18 18:13:26.184
slgr_01J0PAF6KDXXZ3D2GYKJ6ZHF9D,texas-pride-realty-group,texas-pride-realty-group-sj69,orgn_01J0KSGTE8BFC3CWTG3FMCSJ69,2024-06-18 18:41:41.24,2024-06-18 18:41:41.24
slgr_01J1951KV2DFTTSSW3E22FVRQ8,rainbow-youth-project-usa,rainbow-youth-project-usa-c68a,orgn_01HQCE4BY1C88FTN9ETJEVC68A,2024-06-26 02:12:27.542,2024-06-26 02:12:27.542
slgr_01J1BQ378CATJWG0FJK1QRX7C6,lgbt-network,lgbt-network-1khd,orgn_01HY73SXG833VZXEWWEBVT1KHD,2024-06-27 02:06:23.404,2024-06-27 02:06:23.404
slgr_01J1BV7TG9QW3RN5BRK0H5674Q,saint-francis-memorial-hospital-sfmh-gender-institute,dignity-health,orgn_01J1BV29HH8C8V9004WGV6E578,2024-06-27 03:18:47.052,2024-06-27 03:18:47.052
slgr_01J1DQEG5FXMV3MZAMQHZHCRA9,dignity-health,dignity-health-e578,orgn_01J1BV29HH8C8V9004WGV6E578,2024-06-27 20:51:02.25,2024-06-27 20:51:02.25
slgr_01J1FW47RRM6RKXZDS46G61F4A,black-transwomen-inc,black-trans-women-inc-btwi,orgn_01J0PC2DPC5DZV75QDQZZ8KP2A,2024-06-28 16:51:18.321,2024-06-28 16:51:18.321
slgr_01J1FW4B2MT5DVS5W1517H709G,black-trans-women-inc-btwi,black-trans-women-inc-btwi-kp2a,orgn_01J0PC2DPC5DZV75QDQZZ8KP2A,2024-06-28 16:51:20.651,2024-06-28 16:51:20.651
slgr_01J1FWDHA446Z288KQ99HSXVRW,the-brown-boi-project,the-brown-boi-project-q5vk,orgn_01J0NT0W6YHP384KZRM4P2Q5VK,2024-06-28 16:56:21.717,2024-06-28 16:56:21.717
slgr_01J1FX89P7AFGDPTJKV1F16HW9,capital-bears,capital-bears-4v3f,orgn_01J0722HBSDRA8NET8C23P4V3F,2024-06-28 17:10:58.486,2024-06-28 17:10:58.486
slgr_01J1FY0C02RSKAM07BHJ7ED17P,equality-new-york-eqny,equality-new-york-eqny-zy9d,orgn_01HZMY2VRDHJZCXTRF2PXAZY9D,2024-06-28 17:24:07.29,2024-06-28 17:24:07.29
slgr_01J1FZ42GEBNTFHS22MF43HJCW,nu-trans-movement,nu-transgender-movement-inc-ntmi,orgn_01J0KWZHZFSND1VJBX5NS90NWP,2024-06-28 17:43:37.301,2024-06-28 17:43:37.301
slgr_01J1GTAWVSJHKYFC23WWCB1A09,boston-lesbigay-urban-foundation,boston-lesbigay-urban-foundation-73xa,orgn_01J1G4WZ3BFQ5CDJ6HDGER73XA,2024-06-29 01:39:12.641,2024-06-29 01:39:12.641
slgr_01J1X1J74KXK8ZG77CTHZA90E1,transgender-law-center-tlc,transgender-law-center-tlc-8km1,orgn_01GVH3V3SHC630JFFMNKJY8KM1,2024-07-03 19:36:26.044,2024-07-03 19:36:26.044
slgr_01J1X3KJ0P7F3RXRP8TP1N0S46,united-we-dream,united-we-dream-85xa,orgn_01GVH3V3TA2786KK72KB1685XA,2024-07-03 20:12:07.873,2024-07-03 20:12:07.873
slgr_01J1XANW3M54KFK37Z11C51S6S,philadelphia-human-rights-clinic,philadelphia-human-rights-clinic-phrc,orgn_01GVH3V3YYN2JJZP59RP1CH0N0,2024-07-03 22:15:42.783,2024-07-03 22:15:42.783
slgr_01J1XANXXHB1EYPQ6A9J32K9EA,philadelphia-human-rights-clinic-phrc,philadelphia-human-rights-clinic-phrc-h0n0,orgn_01GVH3V3YYN2JJZP59RP1CH0N0,2024-07-03 22:15:44.597,2024-07-03 22:15:44.597
slgr_01J1XCAKZZ0T3DC31Z792T63A2,rif-asylum-support,rif-asylum-support-30cm,orgn_01GVH3V47HGS4GDE12DKGF30CM,2024-07-03 22:44:31.561,2024-07-03 22:44:31.561
slgr_01J1XDAKH51QCDSBFJG7915403,tgi-network-of-rhode-island,tgi-network-of-rhode-island-ecx5,orgn_01GVXXKS1Q1716W074CGBKECX5,2024-07-03 23:01:59.733,2024-07-03 23:01:59.733
slgr_01J1XK6S0VKZDGB78GSAK5DXRB,tranyouniting,tranyouniting-9h26,orgn_01H29CX1RXMCT079TWQEJY9H26,2024-07-04 00:44:45.341,2024-07-04 00:44:45.341
slgr_01J1XMZ1WT24P5K02BAFGE9S79,trans-spectrum-of-arizona,trans-spectrum-of-arizona-8kba,orgn_01GVH3V5JJEW664Y605F5Q8KBA,2024-07-04 01:15:29.183,2024-07-04 01:15:29.183
slgr_01J1XP221SWW7SGF41R5GE0ESQ,trans-queer-pueblo,trans-queer-pueblo-665y,orgn_01GVH3V5HVJ2GYWBB2A2TQ665Y,2024-07-04 01:34:36.157,2024-07-04 01:34:36.157
slgr_01J1XPW8G45YRSD0TZMK3DHRJ0,camp-lost-boys,camp-lost-boys-kw44,orgn_01H29CX1YYKFRBESVKQBEZKW44,2024-07-04 01:48:55.098,2024-07-04 01:48:55.098
slgr_01J1XVFAB9P0SED5YYG13Z3MDR,new-americans-hotline,new-york-state-office-for-new-americans,orgn_01GVH3V5XBXEDK2CK0E4PSRG6G,2024-07-04 03:09:13.693,2024-07-04 03:09:13.693
slgr_01J1XVFHMGZND5VA5R32A1KRN6,new-york-state-office-for-new-americans,new-york-state-office-for-new-americans-rg6g,orgn_01GVH3V5XBXEDK2CK0E4PSRG6G,2024-07-04 03:09:21.144,2024-07-04 03:09:21.144
slgr_01J1XVYS1R6ZF4E9XQKAF8RM8M,gender-expansive-kids-and-company,gender-expansive-kids-and-company-gekco,orgn_01GVH3V68KWNBXN27QPQC06NG8,2024-07-04 03:17:40.19,2024-07-04 03:17:40.19
slgr_01J1XWTJJQ662Q2EZV9F39XRV3,transgender-assistance-program-of-virginia-tap-va,transgender-assistance-program-of-virginia-tap-va-t4k6,orgn_01H29CX23AAZT8DCYHADCET4K6,2024-07-04 03:32:51.02,2024-07-04 03:32:51.02
slgr_01J1XXS1THZ9PX0FMPEM5JE39T,louisville-transmasculine-alliance-ltma,louisville-transmasculine-alliance-ltma-wf0w,orgn_01GVXXKS66P8XXBWH6236CWF0W,2024-07-04 03:49:29.566,2024-07-04 03:49:29.566
slgr_01J1Z5B2W80JNZ7T0W12PN0YK1,arkansas-justice-collective,arkansas-justice-collective-wgs1,orgn_01GVH3V60ZAN7VFTNMWXCMWGS1,2024-07-04 15:20:56.713,2024-07-04 15:20:56.713
slgr_01J1Z5C0X9AEMNS4AC62CEFS6B,arkansas-justice-collective-wgs1,arkansas-justice-collective-ajc,orgn_01GVH3V60ZAN7VFTNMWXCMWGS1,2024-07-04 15:21:27.894,2024-07-04 15:21:27.894
slgr_01J1Z5Q61HNYA614Q4ZME08JX0,lgbt-switchboard-of-new-york,lgbt-national-help-center-7039,orgn_01GVH3V636H4X5981H27S37039,2024-07-04 15:27:32.42,2024-07-04 15:27:32.42
slgr_01J1Z995GXQ9FQH1M220HR477X,namesake,namesake-ajmc,orgn_01GVXXKS8S3RW6WEFF9167AJMC,2024-07-04 16:29:47.013,2024-07-04 16:29:47.013
slgr_01J1Z9AP4HCNPSFM7EFMBG6WV0,namesake-ajmc,namesake-collaborative,orgn_01GVXXKS8S3RW6WEFF9167AJMC,2024-07-04 16:30:37.128,2024-07-04 16:30:37.128
slgr_01J1Z9XRPDWX34HFDATJ9JJMGS,national-network-of-abortion-funds,national-network-of-abortion-funds-nnaf,orgn_01GVH3VAXMVFAT4JAKXAMKHKRT,2024-07-04 16:41:01.711,2024-07-04 16:41:01.711
slgr_01J1Z9Z0YT2B9NHJ0Z0D97S59H,national-network-of-abortion-funds-nnaf,national-network-of-abortion-funds-nnaf-hkrt,orgn_01GVH3VAXMVFAT4JAKXAMKHKRT,2024-07-04 16:41:44.119,2024-07-04 16:41:44.119
slgr_01J1ZNBJ6TGXN1E9ABK8YZ4T4T,trikone-northwest,trikone-northwest-mhm8,orgn_01GVH3V4GD83Y9SWQG03BJMHM8,2024-07-04 20:00:48.705,2024-07-04 20:00:48.705
slgr_01J1ZPMGR1S91GKYFF4HD59HGM,house-of-rebirth,house-of-rebirth-4eht,orgn_01H29CX1Q673J1SM05SG9W4EHT,2024-07-04 20:23:10.521,2024-07-04 20:23:10.521
slgr_01J1ZSRXZKEYP4MEVKWQN8VZG8,moco-pride-center,moco-pride-center-vzaz,orgn_01H29CX1RHS2R8ASYH50MSVZAZ,2024-07-04 21:18:00.626,2024-07-04 21:18:00.626
slgr_01J2033B55SR1DKHC39FJRJCAY,lifemoves-new-haven-inn,lifemoves-new-haven-inn-8zt3,orgn_01GVXXKRXA4JES6CVTE0DK8ZT3,2024-07-05 00:00:58.963,2024-07-05 00:00:58.963
slgr_01J2048QVJGFY85NF3VYPM2NMG,outside-in,outside-in-md5n,orgn_01H29CX1MMQZ0HHYWWH79TMD5N,2024-07-05 00:21:24.619,2024-07-05 00:21:24.619
slgr_01J204MRHJNSA9RRKA0DEPH7XG,nice-jewish-boys-dc,njb-dc,orgn_01GVH3V6QY1100DJ9MPG6X0FMP,2024-07-05 00:27:58.037,2024-07-05 00:27:58.037
slgr_01J205AFK89BWBN5A5J7MEQSXE,dc-front-runners,dc-front-runners-b3d0,orgn_01GVH3V6RJHDW1QRSVDA6NB3D0,2024-07-05 00:39:49.971,2024-07-05 00:39:49.971
slgr_01J2071G3FPYK13NRCKTE09C7J,respond-crisis-translation,respond-crisis-translation-8901,orgn_01GVH3V7F3PX4K57Q8S4F58901,2024-07-05 01:09:52.843,2024-07-05 01:09:52.843
slgr_01J207KW2J8T5ZHH5AZ06JA2PC,the-okra-project,the-okra-project-w0vs,orgn_01H29CX204PSPW935VT6S7W0VS,2024-07-05 01:19:54.727,2024-07-05 01:19:54.727
slgr_01J2110J3M4DP5FZ18DAZWJBDQ,dc-public-library,dc-public-library-cjh4,orgn_01J210NHZ1WZQ0VE08VC05CJH4,2024-07-05 08:43:45.558,2024-07-05 08:43:45.558
slgr_01J244HH8V16VB2ATA5P1AXKXF,baltimore-county-public-library,baltimore-county-public-library-bcpl,orgn_01J21P14V8Y9R335GMHS0SD91W,2024-07-06 13:43:09.829,2024-07-06 13:43:09.829
slgr_01J244HM1ZF2KKDAEQSXS2XH75,baltimore-county-public-library-bcpl,baltimore-county-public-library-bcpl-d91w,orgn_01J21P14V8Y9R335GMHS0SD91W,2024-07-06 13:43:12.744,2024-07-06 13:43:12.744
slgr_01J24697YQQDWQQJ4Q9GCK0W80,arlington-public-library,arlington-public-library-6bhs,orgn_01HV9PBCHE3WBT2QYG7Q6H6BHS,2024-07-06 14:13:35.232,2024-07-06 14:13:35.232
slgr_01J24858AV55VNS7JJ44JBN6D9,mcc-of-northern-virginia,metropolitan-community-church-of-northern-virginia-mcc-nova,orgn_01HVZ2EZTJTGF9K0G144DR47YC,2024-07-06 14:46:21.793,2024-07-06 14:46:21.793
slgr_01J24CG0Z6XBV7CCRTXKH0QRNW,boston-immigration-justice-accompaniment-network,boston-immigration-justice-accompaniment-network-bijan,orgn_01GVH3V7GV7Y8MG4BST5QHK020,2024-07-06 16:02:09.28,2024-07-06 16:02:09.28
slgr_01J275SWK0CZ360DRRW38G7HRG,outventures,outventures-vt89,orgn_01GVH3V3YB3SRXHHE0EEVCVT89,2024-07-07 18:02:55.747,2024-07-07 18:02:55.747
slgr_01J276RXJERXTM70V3V6KTZ109,balsam-pine-birthing,balsam-pine-birthing-services,orgn_01H29CX1WNNKBRNQA4GZ289WWP,2024-07-07 18:19:52.407,2024-07-07 18:19:52.407
slgr_01J276VY157767Y5KYNBDRX4P3,trans-asylum-seeker-support-network,trans-asylum-seeker-support-network-671j,orgn_01GVH3V6EH8J95HVX0J651671J,2024-07-07 18:21:31.918,2024-07-07 18:21:31.918
slgr_01J279SCH2JTF4VPKQT9PNAF13,al-otro-lado,al-otro-lado-1maa,orgn_01GVH3V6MWZCZ2BEN6C3RK1MAA,2024-07-07 19:12:33.727,2024-07-07 19:12:33.727
slgr_01J27YVQ2YRP3FXPE82ZSV0N7T,save-our-sisters-united-inc-sosu,save-our-sisters-united-inc-sosu-5ytc,orgn_01H29CX1Y3X4SQC2J1JMZC5YTC,2024-07-08 01:20:51.364,2024-07-08 01:20:51.364
slgr_01J27ZB4MZYW49509QJXWZP4JC,the-masculine-identified-lesbians-of-color-collective-milcc,the-masculine-identified-lesbians-of-color-collective-milcc-ndyk,orgn_01H29CX1Z5P78MA22DZJCKNDYK,2024-07-08 01:29:15.13,2024-07-08 01:29:15.13
slgr_01J29GB2QFZW77H4ERCYK1XNT9,university-of-texas-medical-branch-utmb,university-of-texas-medical-branch-utmb-pcae,orgn_01J29D38QR7HD1GKS6W9HKPCAE,2024-07-08 15:45:33.583,2024-07-08 15:45:33.583
slgr_01J29GBDADFG0KTQTKQ31ZV4R9,university-of-texas-medical-branch-utmb-pcae,university-of-texas-medical-branch-utmb-health,orgn_01J29D38QR7HD1GKS6W9HKPCAE,2024-07-08 15:45:44.607,2024-07-08 15:45:44.607
slgr_01J29GBGBHKQ8TW67MQWYEEHBJ,university-of-texas-medical-branch-utmb-health,university-of-texas-medical-branch-utmb-health-pcae,orgn_01J29D38QR7HD1GKS6W9HKPCAE,2024-07-08 15:45:47.684,2024-07-08 15:45:47.684
slgr_01J2AP2N43F616H9NDMPNN65NN,indiana-undocumented-youth-alliance,indiana-undocumented-youth-alliance-iuya,orgn_01GVH3V7EM2KGHPXSNENYPNQAJ,2024-07-09 02:45:03.346,2024-07-09 02:45:03.346
slgr_01J2ES9KJJBJ0RRGPT8212MEB5,trans-stitchin,trans-stitchin-mfph,orgn_01J2CQVBSGH9VFJG48KCXDMFPH,2024-07-10 16:58:14.876,2024-07-10 16:58:14.876
slgr_01J2H3RH30NP54YQ7GNP52YQHV,transponder,transponder-k12n,orgn_01J2H3PA1A893Z0X8N71WRK12N,2024-07-11 14:39:38.506,2024-07-11 14:39:38.506
slgr_01J2HATJRNMZAA3YTCRJE8CYSZ,pregnanttogether,pregnanttogether-4ek5,orgn_01J2H7VCW21JCWZVVZM6TS4EK5,2024-07-11 16:43:05.493,2024-07-11 16:43:05.493
slgr_01J2HB2KQH69DSK3HJG0MH27NC,southerners-on-new-groundsong,southerners-on-new-ground-song,orgn_01J2CCKC8NQDKTGNRVKQKWV8HX,2024-07-11 16:47:27.476,2024-07-11 16:47:27.476
slgr_01J2HBEW6Q5KG1PPQBB59ZX8E3,mama-bears,mama-bears-gktk,orgn_01HSC7AB7GCFPVG4CYH28SGKTK,2024-07-11 16:54:10.54,2024-07-11 16:54:10.54
slgr_01J2HBVX4J268MSER9Y3RPYQW4,conversion-therapy-dropout-network,conversion-therapy-dropout-network-ctdn,orgn_01GVXXKS0209AYANWME3S3HB4A,2024-07-11 17:01:17.578,2024-07-11 17:01:17.578
slgr_01J2M02PN9MB8S6YB7VPEQR468,my-sistahs-house,my-sistahs-house-msh,orgn_01J2CQBGE1F8N36HP4936CYZQT,2024-07-12 17:33:00.633,2024-07-12 17:33:00.633
slgr_01J2RYE1XC74KWK50NZD740BVN,carbon-health-massachusetts,carbon-health-vmje,orgn_01HQ9F4DRCB2YYEQ6HJ8E3VMJE,2024-07-14 15:40:27.363,2024-07-14 15:40:27.363
slgr_01J2RYYFT887X4Y4TD8JAX2A1A,the-naming-project,the-naming-project-bz2d,orgn_01J2HB6TVMV8RHY3FE8465BZ2D,2024-07-14 15:49:25.923,2024-07-14 15:49:25.923
slgr_01J31HZW5HPTHEEBMZXBZS0ZEH,beyond-binary-legal,beyond-binary-legal-gkb5,orgn_01J2YVCE3ZA21H3R1M1RE4GKB5,2024-07-17 23:56:09.77,2024-07-17 23:56:09.77
slgr_01J31JNXAKK4AENT278TD1QBCS,national-lgbtq-taskforce,national-lgbtq-task-force,orgn_01J2Y5VKAYQG3K7G4DJKVZQ6P0,2024-07-18 00:08:11.825,2024-07-18 00:08:11.825
slgr_01J36GTDYD6SSJP2FFXGAPWECF,black-queer-and-intersectional-collective,black-queer-and-intersectional-collective-bqic-feh6,orgn_01J0PBEVVXVJYJWDDET5BRFEH6,2024-07-19 22:11:55.22,2024-07-19 22:11:55.22
slgr_01J36S0BMV9FAWHCP0S0WW48F3,olas,olas-lgbtq-sanctuary-project,orgn_01GVH3V4ETK4KGXEJB3RR4AKK8,2024-07-20 00:34:58.138,2024-07-20 00:34:58.138
slgr_01J38ZSHQQX21DWG3YWXA3WBQE,the-welcome-project-pa,the-welcome-project-pa-6954,orgn_01J365TJ3J9T0TX89VGXZ36954,2024-07-20 21:12:03.464,2024-07-20 21:12:03.464
slgr_01J391H2WFYP1QDEGH2EEDACN2,affirm-endocrinology,affirm-endocrinology-xysw,orgn_01HZ8P4SP311V4DWRMMYGPXYSW,2024-07-20 21:42:23.264,2024-07-20 21:42:23.264
slgr_01J392EHKGXA0FG4CKW9R2NEYB,rainbow-alliance-of-the-deaf,rainbow-alliance-of-the-deaf-rad,orgn_01J2W4N8896TCZKX6VY3D9HXKG,2024-07-20 21:58:28.723,2024-07-20 21:58:28.723
slgr_01J39CC74KH9GKBZW342FF96XX,access-and-information-network-ain,access-and-information-network-ain-qsqz,orgn_01J1G91G1X4A3AYMZWDP2YQSQZ,2024-07-21 00:51:58.135,2024-07-21 00:51:58.135
slgr_01J39E6969NWJFGJDFZC4ZK8S4,tacoma-older-lgbt,tacoma-older-lgbt-g1nk,orgn_01J0MMC71HE3HQS32SRCJ7G1NK,2024-07-21 01:23:40.828,2024-07-21 01:23:40.828
slgr_01J3BY7AWX63QJA3Y4E47WTF6X,capitol-area-reentry-program-inc-out-of-the-box-lgbtq-center,capitol-area-reentry-program-inc-carp,orgn_01J3BN7VQJ2A4WF8JB6XCP6CZJ,2024-07-22 00:42:21.453,2024-07-22 00:42:21.453
slgr_01J3EJSSK02E289G03YHG25WC1,kentucky-refugee-ministries,kentucky-refugee-ministries-krm,orgn_01J3ECMFX0XYTG0PR0C4PQH8EH,2024-07-23 01:20:26.737,2024-07-23 01:20:26.737
slgr_01J3EK240D1BKBQE4TQNSDK9Y3,capital-rainbow-refuge,capital-rainbow-refuge-5f02,orgn_01J3ECCAYK1NDSAFAP3C7B5F02,2024-07-23 01:24:59.7,2024-07-23 01:24:59.7
slgr_01J3G7C7M8HYNBYHR747CTB50C,the-lgbt-community-center-of-greater-cleveland,the-lgbt-community-center-of-greater-cleveland-a5rn,orgn_01GVH3V8EQ3R27CHVMMRC0A5RN,2024-07-23 16:39:17.661,2024-07-23 16:39:17.661
slgr_01J3RH7FV7SMS574X5JMF8DT2P,gender-justice-la,gender-justice-la-gjla,orgn_01J2VWJNF29S5XQ7BEB29YF44K,2024-07-26 22:05:22.652,2024-07-26 22:05:22.652
slgr_01J3RHVMZN7990VW9P3NKRN2HR,iowa-trans-mutual-aid-fund,iowa-trans-mutual-aid-fund-m7vv,orgn_01J0K3DFMXPCDMH7EX3MF5M7VV,2024-07-26 22:16:23.353,2024-07-26 22:16:23.353
slgr_01J3RJ85KT75SZ62NW0XGY2Z6A,iowa-trans-mutual-aid-fund-m7vv,iowa-trans-mutual-aid-fund-itmaf,orgn_01J0K3DFMXPCDMH7EX3MF5M7VV,2024-07-26 22:23:13.762,2024-07-26 22:23:13.762
slgr_01J40H4RP2E021PTSHDZGXBBJW,human-rights-campaign,human-rights-campaign-hrc,orgn_01HNKFGQY514XSRW9VSNCJNVAT,2024-07-30 00:37:48.755,2024-07-30 00:37:48.755
slgr_01J40JYMT88039BSZ583JN5FE1,glaad,glaad-sr6v,orgn_01J2YNASCGBZB7FSDXYBQMSR6V,2024-07-30 01:09:25.452,2024-07-30 01:09:25.452
slgr_01J40KG25C74WNKVHZ8JDG3T8Y,drag-story-hour-nyc,drag-story-hour-nyc-vawq,orgn_01HY735AC0H4Q5FGSRABKTVAWQ,2024-07-30 01:18:56.066,2024-07-30 01:18:56.066
slgr_01J42ZRT7W68XXY7MV5ADF41XW,community-counseling-center-of-southern-nevada,community-counseling-center-of-southern-nevada-ex6x,orgn_01GVH3V9CAXRSMZEQJDR75EX6X,2024-07-30 23:31:55.222,2024-07-30 23:31:55.222
slgr_01J433377EZA75AAGTSKX5A9Y2,a-betor-way,a-betor-way-97qn,orgn_01J2CQ43TGW7FGC5P2VHN697QN,2024-07-31 00:30:01.371,2024-07-31 00:30:01.371
slgr_01J433V1AM5N9K2HRN1JK6EBWH,abounding-prosperity,abounding-prosperity-hf60,orgn_01HRV1VCCKRW48YBK9MQMNHF60,2024-07-31 00:43:01.892,2024-07-31 00:43:01.892
slgr_01J437DF1TAHZYF3PJZP7WDKJF,massachusetts-advocates-standing-strong,massachusetts-advocates-standing-strong-mass,orgn_01J3C3Y99JNVPWSPH6SZB2QFMH,2024-07-31 01:45:31.38,2024-07-31 01:45:31.38
slgr_01J48GG9Q91KZM7588H341TJ28,boundless,boundless-dk5n,orgn_01J48GBZVQPAPGN06DK7SQDK5N,2024-08-02 03:00:33.708,2024-08-02 03:00:33.708
slgr_01J4ABNB7FD8K89NEYB5KK5VT6,the-massachusetts-bail-fund,the-massachusetts-bail-fund-g2a2,orgn_01HC8YE7TWR9JGDC5S9RP0G2A2,2024-08-02 20:14:25.122,2024-08-02 20:14:25.122
slgr_01J4AGJ89ZETAB8G5Q40CH8671,out2enroll,out2enroll-trb8,orgn_01HRZDYQFMWK6K6QTDTD6ETRB8,2024-08-02 21:40:06.574,2024-08-02 21:40:06.574
slgr_01J4AHQJAKEZY1AR9K33C400G7,community-justice-exchange,community-justice-exchange-cje,orgn_01J4AHM2GJNZC4YTH5ZM20GR7V,2024-08-02 22:00:29.2,2024-08-02 22:00:29.2
slgr_01J4ANCQDHC7JPBXZQKK3VC2KH,black-immigrants-bail-fund,black-immigrants-bail-fund-x182,orgn_01J4AJ33PJQHCX8ERYKA0JX182,2024-08-02 23:04:28.328,2024-08-02 23:04:28.328
slgr_01J4ANVG458WTSVZHX46HJAYE5,national-bail-out,national-bail-out-nbo,orgn_01J4ANSYS0VYGZ190CDFD8TRCX,2024-08-02 23:12:32.422,2024-08-02 23:12:32.422
slgr_01J4AXSZ3JC0J1JPKYDFSRJ94F,genderqueer-dc,genderqueer-dc-gq-dc,orgn_01J4AXK2YAW1ENW8185KMS6M0S,2024-08-03 01:31:30.771,2024-08-03 01:31:30.771
slgr_01J4AYFJ2XJ17M1XSB5D6PWEH0,all-souls-episcopal-church,all-souls-episcopal-church-kaxc,orgn_01J4AXAN4HNRASGVQP0GTQKAXC,2024-08-03 01:43:18.222,2024-08-03 01:43:18.222
slgr_01J4AYZJ38J5F1BVQDE7SYVMHK,metropolitan-community-church-of-washington-dc-mccdc,metropolitan-community-church-of-washington-dc-mccdc-nxmw,orgn_01J4AXPFCX138N2AM16VHRNXMW,2024-08-03 01:52:02.721,2024-08-03 01:52:02.721
slgr_01J4B0089MWZPWWEKS1WTT10HH,first-ucc-dc,first-congregational-united-church-of-christ-first-ucc-dc,orgn_01J4AXGHWX1ZDH327PB3Z37Y8J,2024-08-03 02:09:53.819,2024-08-03 02:09:53.819
slgr_01J4B0MC7BKM879KG8P719NK12,sasha-bruce-youthwork,sasha-bruce-youthwork-zgpz,orgn_01J4B0F7VSPHWNNJ4VBZY3ZGPZ,2024-08-03 02:20:53.362,2024-08-03 02:20:53.362
slgr_01J4B0MKC0ACZREAXVC7FBHRQM,sasha-bruce-youthwork-zgpz,sasha-bruce-youthwork-sby,orgn_01J4B0F7VSPHWNNJ4VBZY3ZGPZ,2024-08-03 02:21:00.795,2024-08-03 02:21:00.795
slgr_01J4CD6CXVEKY11YZVSVWCY8E2,dcs-different-drummers,dcs-different-drummers-fjam,orgn_01J4AXFDJ9VRX1D5RRF6MJFJAM,2024-08-03 15:19:41.318,2024-08-03 15:19:41.318
slgr_01J4CDNYTXCZWH19JJ3DSA9H69,lambda-links,lambda-links-gds0,orgn_01J4AXM51PEHZHFXEPBERKGDS0,2024-08-03 15:28:11.109,2024-08-03 15:28:11.109
slgr_01J4D9FWRRFBEFJY53JCNHGFW0,marys-house-for-older-adults,marys-house-for-older-adults-yp90,orgn_01J4AXNJMMNJZ29ADAD3JMYP90,2024-08-03 23:34:12.538,2024-08-03 23:34:12.538
slgr_01J4DBXT5T7J03FRBNQQ25RBRX,bluestockings-cooperative,bluestockings-cooperative-50v5,orgn_01J4DBJMMG2MEVVAXSTEWV50V5,2024-08-04 00:16:45.82,2024-08-04 00:16:45.82
slgr_01J4DDARZ1A6CG2W5HRR2VR16B,queer-anga,queer-anga-p52c,orgn_01J4DD73T69XAWX4Y5PX2MP52C,2024-08-04 00:41:18.982,2024-08-04 00:41:18.982
slgr_01J4DDXZEBGT0NKKHVB0YJV2PS,q-clinic,q-clinic-v8h8,orgn_01HY74HCPG3Q2VMT5RW6YDV8H8,2024-08-04 00:51:48.29,2024-08-04 00:51:48.29
slgr_01J4DESQ904MJS1F3ZA869BC9M,trans-needle-exchange,trans-needle-exchange-tne,orgn_01J4DERBPVDP01JDC7THSWPNMJ,2024-08-04 01:06:57.283,2024-08-04 01:06:57.283
slgr_01J4DF879KHZ6CP9BRJPMZ1CAV,the-new-york-abortion-access-fund-nyaaf,the-new-york-abortion-access-fund-nyaaf-e0e0,orgn_01J4DF4G704JDE368S0B27E0E0,2024-08-04 01:14:52.418,2024-08-04 01:14:52.418
slgr_01J4DG7HRRNBJZ2G3E7HQ2T1JK,chosen-family-law-center,chosen-family-law-center-tjtf,orgn_01J4DG5P8WR9H1RQ0BWQM0TJTF,2024-08-04 01:31:59.112,2024-08-04 01:31:59.112
slgr_01J4DHQPCXMYSB7J9NNXVARBWW,the-bronx-defenders,the-bronx-defenders-hmbz,orgn_01J4DHJMJGZ9YF0VCP2M7GHMBZ,2024-08-04 01:58:16.548,2024-08-04 01:58:16.548
slgr_01J4DKQAZHQ56JY7WHFDCMR72N,the-free-to-be-youth-project,the-free-to-be-youth-project-fyp,orgn_01J4DKKHTVNFQ1N6V1GVS2BJ35,2024-08-04 02:33:02.154,2024-08-04 02:33:02.154
slgr_01J4DQ73VJADG6QR5TVZDZFD8H,blackline,call-blackline-71sh,orgn_01GVH3VAZZ9QX30X2MYM5R71SH,2024-08-04 03:34:05.068,2024-08-04 03:34:05.068
slgr_01J4FWKZJFC69VHSV0EYVG5A1Y,thrive-lifeline,thrive-lifeline-hcsw,orgn_01J4FWHNTGYBHZZ7NA0DXNHCSW,2024-08-04 23:46:58.087,2024-08-04 23:46:58.087
slgr_01J4FXJCMGVRR6JPZ5YWYD401F,trans-chorus-of-los-angeles-tcla,trans-chorus-of-los-angeles-tcla-rw63,orgn_01J4FXG7JT6N99X6CCEEKJRW63,2024-08-05 00:03:34.52,2024-08-05 00:03:34.52
slgr_01J4G8GSA0G4F1GD4WFH4AFEFK,missouri-office-of-refugee-administration,missouri-office-of-refugee-administration-mo-ora,orgn_01J4G8DQSQ70RSJAJH3CTE8NSW,2024-08-05 03:14:55.429,2024-08-05 03:14:55.429
slgr_01J4G8NR7CQWY3VFGJYEQT61KE,colorado-asylum-center,colorado-asylum-center-32zn,orgn_01J4G182GHCKZ0AXQ5S57M32ZN,2024-08-05 03:17:39.134,2024-08-05 03:17:39.134
slgr_01J4G9CSBPF31W62CG0BQACK11,immigrant-families-together,immigrant-families-together-my25,orgn_01J4G99495B487VPM12452MY25,2024-08-05 03:30:13.782,2024-08-05 03:30:13.782
slgr_01J4HJD1H2Y34S9FFP27H1Y3E4,black-and-indigenous-transgender-safehaus-casa-bits,black-and-indigenous-transgender-safehaus-casa-bits-b7e1,orgn_01J4HHT0E4VVAG32T7SGZRB7E1,2024-08-05 15:26:54.019,2024-08-05 15:26:54.019
slgr_01J4HK5MYHK6KFY0H5KW3R6FDR,theythem-collective,theythem-collective-35b0,orgn_01J4HK285VVY1M85T4FWMS35B0,2024-08-05 15:40:20.507,2024-08-05 15:40:20.507
slgr_01J4MQJEMKSF312ZYVDM7MC3RX,capital-area-immigrants-rights-cair-coalition,amica-center-for-immigrant-rights,orgn_01GVH3V446G607JE4V8YJQ2XEE,2024-08-06 20:54:57.742,2024-08-06 20:54:57.742
slgr_01J4Q8E7JWC6F474TG4HPCFB2S,queer-keys,queer-keys-4e0h,orgn_01HSVP8ETYHS53JJKCDA6X4E0H,2024-08-07 20:28:14.032,2024-08-07 20:28:14.032
slgr_01J4QND2XDE7ZBDRRRMFT1ZA0H,pflag-california,pflag-los-angeles,orgn_01J3C5SYXBPYTEHGVAN27E8TH5,2024-08-08 00:14:47.872,2024-08-08 00:14:47.872
slgr_01J4QP2WKK20GHD0Y9QT5TK7C2,pflag-oakland-east-bay,pflag-oakland-east-bay-2424,orgn_01J4QP1N1A1QBF16HJXHX42424,2024-08-08 00:26:42.1,2024-08-08 00:26:42.1
slgr_01J4QQ0PQMAYNGZ9TW513ZE8DS,trans-justice-funding-project,trans-justice-funding-project-tjfp,orgn_01J2CCWEKHBBWPTK8ADHMJ5YQ0,2024-08-08 00:42:59.082,2024-08-08 00:42:59.082
slgr_01J4QQ4D2G0D67FZS6N0EV8YYQ,lgbtq-caregiver-center,lgbtq-caregiver-center-9f0q,orgn_01J2BWN5TYCPYJWCC03CJC9F0Q,2024-08-08 00:45:00.32,2024-08-08 00:45:00.32
slgr_01J4QV6F29GSF9BXDREQ1MAGQR,boston-lgbtq-museum-of-art-history-and-culture,boston-lgbtq-museum-of-art-history-and-culture-qan9,orgn_01J1X4EST16FQMRSVS0WQGQAN9,2024-08-08 01:56:02.15,2024-08-08 01:56:02.15
slgr_01J4QW3RFXHPJTEEYX5FZKVQ3X,kqt-dc-korean-queer-and-transgender,kqt-dc-korean-queer-and-transgender-qkqs,orgn_01J4QW28RK6YP1PH4MCZZ1QKQS,2024-08-08 02:12:02.221,2024-08-08 02:12:02.221
slgr_01J4W992CY697KK4EH699JD83Y,onenten,onenten-d3jc,orgn_01GVH3V62JKPPPXDMJCVWTD3JC,2024-08-09 19:19:05.555,2024-08-09 19:19:05.555
slgr_01J4YEKX1CJ4ZACX0TENBP94K0,immigration-equality,immigration-equality-wfnv,orgn_01GVH3V460JRPNX9DMVBPYWFNV,2024-08-10 15:30:52.219,2024-08-10 15:30:52.219
slgr_01J4YFHAY3VQ6W060XN3PBPQQ5,colors-lgbtq-youth-counseling-services,colors-lgbtq-youth-counseling-services-wx4s,orgn_01J4WA06N8AB2XMKYTR8VTWX4S,2024-08-10 15:46:56.663,2024-08-10 15:46:56.663
slgr_01J4YFW4AV1HV5Z10CY7R2ZQ2H,gay-therapy-center,gay-therapy-center-gtc,orgn_01J4W2SD24EEBGYN6A67P5JS46,2024-08-10 15:52:50.337,2024-08-10 15:52:50.337
slgr_01J544V404QVT6DM77BC0F4J85,river-city-gender-alliance,river-city-gender-alliance-qrcv,orgn_01GVH3V9YBH6WJGN4GT946QRCV,2024-08-12 20:35:29.749,2024-08-12 20:35:29.749
slgr_01J568XBGGDFH56WZW6PK7EZCY,bridgercare,bridgercare-nwtk,orgn_01GVH3V91ATEDWFT3QC9YENWTK,2024-08-13 16:25:07.168,2024-08-13 16:25:07.168
slgr_01J56KQHRHHEXQMVZ31J35YN5J,inside-out-youth-services,inside-out-youth-services-sr70,orgn_01GVH3V528BDGGG440DGHJSR70,2024-08-13 19:34:10.232,2024-08-13 19:34:10.232
slgr_01J5DZBT7TG12D9EPQ1898F43W,mistr,mistr-94xj,orgn_01J5DZ49E121VXSVAFVEM694XJ,2024-08-16 16:12:09.978,2024-08-16 16:12:09.978
slgr_01J5PGE3AKPDKVT8ZB3VM8BJA7,ella-para-translatinas,ella-para-translatinas-dttt,orgn_01GVH3V5G66F0F4ACEEJG5DTTT,2024-08-19 23:44:25.706,2024-08-19 23:44:25.706
slgr_01J5QYWE3PFA10ZAAZN9BNYK4R,tanager-place,tanager-place-apdp,orgn_01J56PFA6W9XCAWAXJAEE2APDP,2024-08-20 13:16:10.852,2024-08-20 13:16:10.852
slgr_01J6J5F0YFHRNBSZ2Z2PH2PXNF,planned-parenthood-of-the-st-louis-region-and-southwest-missouri-chxb,planned-parenthood-great-rivers,orgn_01GVH3V7KX3E6W9FVR84JHCHXB,2024-08-30 17:31:26.21,2024-08-30 17:31:26.21
slgr_01J6TW63EBZX6TNBMGQAHP69QS,south-texas-equality-project-step,south-texas-equality-project-step-gn2k,orgn_01J53Y4DTEHMXJE4KQ3ZZHGN2K,2024-09-03 02:42:26.109,2024-09-03 02:42:26.109
slgr_01J7CF5PC6HE3FNKC1KRS4Z716,lambda-legal,lambda-legal-r8wn,orgn_01GVH3V4D2PRFP5SKGBGEYR8WN,2024-09-09 22:41:21.317,2024-09-09 22:41:21.317
slgr_01J7EV5DBNBNA4CQP0TZ16NTHD,queens-pride-house,queens-pride-house-tg5t,orgn_01GVH3V7XD6PMWRCRMT8XNTG5T,2024-09-10 20:49:23.808,2024-09-10 20:49:23.808
slgr_01J8DX64XT0X0RGR5TANB9NR2E,hispanic-aids-forum-haf,hispanic-aids-forum-haf-2rz7,orgn_01GVH3V6M85Q22SMD6SPCP2RZ7,2024-09-22 22:21:12.287,2024-09-22 22:21:12.287
slgr_01J8JBGY37BHZCNG7V8S2TB28X,transyouth-family-allies-tyfa,transyouth-family-allies-tyfa-j6bt,orgn_01J8JBE48QBMNV3H85RYDBJ6BT,2024-09-24 15:48:43.229,2024-09-24 15:48:43.229
slgr_01J8JCBZP16PMYJAH7FGNGCPY2,the-university-of-illinois-hospital-and-health-sciences-system-ui-health,the-university-of-illinois-hospital-and-health-sciences-system-ui-health-63tr,orgn_01J8JC6S9DPV9XNC73DGD563TR,2024-09-24 16:03:29.629,2024-09-24 16:03:29.629
slgr_01J8JDNTVVT2WDNZJPM97BNV4K,the-university-of-illinois-hospital-and-health-sciences-system-ui-health-63tr,the-university-of-illinois-hospital-and-health-sciences-system-ui-health-gender-affirming-surgery-program,orgn_01J8JC6S9DPV9XNC73DGD563TR,2024-09-24 16:26:21.024,2024-09-24 16:26:21.024
slgr_01J97AK9NDJ0WKMW8A27F8ANGS,destination-tomorrow,destination-tomorrow-tnvf,orgn_01GVH3V4ZCDDHQFBQS5XMBTNVF,2024-10-02 19:16:35.792,2024-10-02 19:16:35.792
slgr_01J9W2Y6SJC4ZRGJ95SDR2HKN4,national-queer-and-trans-therapist-of-color-network,national-queer-and-trans-therapist-of-color-network-958r,orgn_01HPHSZCQ4XXDQ6C5GMW2R958R,2024-10-10 20:46:47.22,2024-10-10 20:46:47.22
slgr_01J9W2YTP9RAJW250BBBRY53GD,national-queer-and-trans-therapists-of-color-network,national-queer-and-trans-therapists-of-color-network-3m3z,orgn_01HNKAG963BMR7TME6F7FS3M3Z,2024-10-10 20:47:07.461,2024-10-10 20:47:07.461
slgr_01J9W5MRRYGWYZSEACZK0HVA6X,transohio,transohio-8fpd,orgn_01HFST3CEBAY5CB873MRPJ8FPD,2024-10-10 21:34:03.52,2024-10-10 21:34:03.52
slgr_01J9Z6DMRZ952ZAJEQFGHNWKYB,gender-education-network-gen,gender-education-network-gen-pqfm,orgn_01HQBFZZRR1JY2R7YQGKPBPQFM,2024-10-12 01:45:22.431,2024-10-12 01:45:22.431
slgr_01JA0T7VSRKGKE857AR3WJ114F,ayuda-district-of-columbia,ayuda-e9gx,orgn_01GVH3V5SZ3ED8Q5VQ1XV0E9GX,2024-10-12 16:50:58.852,2024-10-12 16:50:58.852
slgr_01JA0VTW3FATNKAFJJDGJH9G0K,lgbtq-awareness-group-of-az,lgbtq-awareness-group-of-az-c3m0,orgn_01H9RRY3VXQJ2KR0047YRHC3M0,2024-10-12 17:18:49.906,2024-10-12 17:18:49.906
slgr_01JA0WKREGWDS3HJ49N9GXVMJK,maine-trans-net,maine-trans-net-8hdq,orgn_01HNE6PB4SXK1EFEFZJ3SE8HDQ,2024-10-12 17:32:25.205,2024-10-12 17:32:25.205
slgr_01JA0WNMYG9F5W99DAJJ3TMB7R,annex-teen-clinic,annex-teen-clinic-ykyr,orgn_01J06PSR88S3XBVBP991YHYKYR,2024-10-12 17:33:27.296,2024-10-12 17:33:27.296
slgr_01JA5VAQZ3G3EWV8DN9NJFMVHE,translatin-coalition,familia-trans-queer-liberation-movement-familiatqlm,orgn_01J868JEE2ERGJPP2GW6NSQ3QE,2024-10-14 15:46:14.041,2024-10-14 15:46:14.041
slgr_01JA5W4NKEAA58ZGBRJ0QWHREB,san-diego-black-pride,san-diego-black-pride-79m7,orgn_01J9ZA2GPJB37M9MRPG02S79M7,2024-10-14 16:00:23.008,2024-10-14 16:00:23.008
slgr_01JA5WRDNAZ2NGYX580X6TAQ18,childrens-national-youth-pride-clinic,childrens-national,orgn_01HC18PM8GHK5K316SSJY4FHP0,2024-10-14 16:11:10.558,2024-10-14 16:11:10.558
slgr_01JA5XQ7FXW82JYCAPHDRG4MPK,childrens-national,childrens-national-fhp0,orgn_01HC18PM8GHK5K316SSJY4FHP0,2024-10-14 16:28:00.22,2024-10-14 16:28:00.22
slgr_01JA5Y041CXJG49RX0TKTZ7QSQ,impacto-lgbt,impacto-lgbt-mrv2,orgn_01HYPQBS6TARXE82BTZJVNMRV2,2024-10-14 16:32:51.12,2024-10-14 16:32:51.12
slgr_01JA5YGY1CJC4ZC4A54XZATG23,luther-place,luther-place-t416,orgn_01JA5Y83S0E9ZWNM7N6MCQT416,2024-10-14 16:42:02.166,2024-10-14 16:42:02.166
slgr_01JA5YXF70MVQ8WSAA8CYP0PKZ,georgetown-lutheran-church,georgetown-lutheran-church-nvpt,orgn_01JA5Y6DMBXG5K9HWA8YY4NVPT,2024-10-14 16:48:52.725,2024-10-14 16:48:52.725
slgr_01JA5Z7GX19AVEDWDTJ7S3ZDZ6,georgetown-lutheran-church-nvpt,georgetown-lutheran-church-glc,orgn_01JA5Y6DMBXG5K9HWA8YY4NVPT,2024-10-14 16:54:22.686,2024-10-14 16:54:22.686
slgr_01JAAR751D1EMGTDTG273XWQCF,the-equi-institute,the-marie-equi-center,orgn_01HFF972A4J8BXJJKXZR7CNTNZ,2024-10-16 13:28:03.784,2024-10-16 13:28:03.784
slgr_01JADWW57R2Q0R0RB0RZ1ATVHS,deqh,deqh-4gew,orgn_01GVH3V4F7DT94F4B90DB94GEW,2024-10-17 18:47:08.501,2024-10-17 18:47:08.501
slgr_01JAEPDPW2AW2CJBCA3YJMHHRE,the-maryland-center-for-gender-and-intimacy,the-maryland-center-for-gender-and-intimacy-an36,orgn_01JAEGQ424BAY5TVP98212AN36,2024-10-18 02:13:37.533,2024-10-18 02:13:37.533
slgr_01JAR7XZSX8RSYJD13V449JSCB,covenant-presbyterian-church,covenant-presbyterian-church-4m7v,orgn_01GVH3V3VAN50PVBWPVBRM4M7V,2024-10-21 19:12:47.52,2024-10-21 19:12:47.52
slgr_01JARJ3AG46H6HDE3TGENXGCK9,the-ace-and-aro-advocacy-project-taaap-1,the-ace-and-aro-advocacy-project-taaap-p7x8,orgn_01JAR6E5JZ1SR9XQY7M8BWP7X8,2024-10-21 22:10:27.483,2024-10-21 22:10:27.483
slgr_01JARJB9A48K5NDEYDZRR87TBX,aces-and-aros-of-the-mid-atlantic,asexuals-and-aromantics-of-the-mid-atlantic-washington-dc,orgn_01JARJ8DJRV6SSKC2QRWCNQ0NW,2024-10-21 22:14:48.236,2024-10-21 22:14:48.236
slgr_01JARJRZ8CTHR7NMNPCKDBM46S,asexuals-and-aromantics-of-the-mid-atlantic-baltimore,asexuals-and-aromantics-of-the-mid-atlantic-baltimore-bpbe,orgn_01JARJP0A5ZCG1CWWN3XS4BPBE,2024-10-21 22:22:16.77,2024-10-21 22:22:16.77
slgr_01JARK0AWJF4AN8PKHXBFTGYT8,asexuals-and-aromantics-of-the-mid-atlantic-central-virginia,asexuals-and-aromantics-of-the-mid-atlantic-central-virginia-kfnm,orgn_01JARJQ26FQBJEKPRJVKA3KFNM,2024-10-21 22:26:18.091,2024-10-21 22:26:18.091
slgr_01JARZ4F1TZZZ9Q057P4HT7227,ct-survivors-connect,ct-survivors-connect-ctsc,orgn_01J2HB9DC582GNKHTWDT7FFM3H,2024-10-22 01:58:16.301,2024-10-22 01:58:16.301
slgr_01JASZJJBARCQNQNZ74CS5720Y,legal-aid-justice-center,legal-aid-justice-center-yepx,orgn_01GVH3VABSTMFWTM40J8XTYEPX,2024-10-22 11:25:13.883,2024-10-22 11:25:13.883
slgr_01JAT7FWRXV7AWG60JV07KHVVZ,gray-ducks,gray-ducks-zvr3,orgn_01J06RPZ1CRP2CM343D0ZCZVR3,2024-10-22 13:43:33.948,2024-10-22 13:43:33.948
slgr_01JATRB8F5TXSQ1PY5310V430R,wana-community-resource-center,wana-community-resource-center-npt2,orgn_01GVH3V4B5AR9PNP80SQYANPT2,2024-10-22 18:38:08.107,2024-10-22 18:38:08.107
slgr_01JAY3BCR177HNAB5AY2P97DT1,allegheny-reproductive-health-center,allegheny-reproductive-health-center-arhc,orgn_01JAY31Z30762FTN78GMB6A73V,2024-10-24 01:48:09.73,2024-10-24 01:48:09.73
slgr_01JAY57VDCXBHT19BK9M6RMXPP,queer-northshore,queer-northshore-9pvd,orgn_01HSPW904NB2BFM75D71FX9PVD,2024-10-24 02:21:10.995,2024-10-24 02:21:10.995
slgr_01JB1YDFB88Q339SXG3931GJCX,louisiana-abortion-fund,louisiana-abortion-fund-99rn,orgn_01HT3PTZ3A6ZKXPBAVRYR499RN,2024-10-25 13:38:53.136,2024-10-25 13:38:53.136
slgr_01JB1YWWGXWE93WA08JTGVYJM8,louisiana-abortion-fund-99rn,louisiana-abortion-fund-laaf,orgn_01HT3PTZ3A6ZKXPBAVRYR499RN,2024-10-25 13:47:18.309,2024-10-25 13:47:18.309
slgr_01JB1YXRWYJYESMHVX6EABCXH4,louisiana-abortion-fund-laaf,louisiana-abortion-fund-laaf-99rn,orgn_01HT3PTZ3A6ZKXPBAVRYR499RN,2024-10-25 13:47:47.452,2024-10-25 13:47:47.452
slgr_01JB1ZMK5944PB3BCSMSH1Y1N4,access-health-louisiana,access-health-louisiana-ahl,orgn_01HRAPTW5DQ6GVY7798HKXMMCE,2024-10-25 14:00:14.807,2024-10-25 14:00:14.807
slgr_01JB2JFFZ6406KBDX8P8ZD49ZN,side-by-side,side-by-side-t3gw,orgn_01GVH3V4THJ6VFPZD3FE1FT3GW,2024-10-25 19:29:31.008,2024-10-25 19:29:31.008
slgr_01JB52KRSX3YAP5H7KBYQKRZCN,belle-reve-new-orleans,belle-reve-new-orleans-nola,orgn_01JB1ZX3EDBPPNQ12G238CN4AB,2024-10-26 18:49:56.571,2024-10-26 18:49:56.571
slgr_01JB5R0YXJN0RP3Y705TJG97HC,some-so-others-might-eat,some-so-others-might-eat-8p97,orgn_01JAEHRZPAPK1MPSN8R3Q28P97,2024-10-27 01:04:08.931,2024-10-27 01:04:08.931
slgr_01JBB99Q5CBJ71TM26GKJX3DPS,equality-connecticut,equality-connecticut-hccz,orgn_01J37BS9R27FR3C6MYB8R9HCCZ,2024-10-29 04:42:14.04,2024-10-29 04:42:14.04
slgr_01JBB9B68PKBQRRK60N3ZWCPYD,equality-connecticut-hccz,equality-connecticut-eqct,orgn_01J37BS9R27FR3C6MYB8R9HCCZ,2024-10-29 04:43:02.381,2024-10-29 04:43:02.381
slgr_01JBB9B8ACX78SZT5868F41EG7,equality-connecticut-eqct,equality-connecticut-eqct-hccz,orgn_01J37BS9R27FR3C6MYB8R9HCCZ,2024-10-29 04:43:04.458,2024-10-29 04:43:04.458
slgr_01JBCXZHJR1DFR9BY8FP39AN8B,trans-asylum-seeker-support-network-671j,trans-asylum-seeker-support-network-tassn,orgn_01GVH3V6EH8J95HVX0J651671J,2024-10-29 20:02:55.592,2024-10-29 20:02:55.592
slgr_01JBDE3RSZGMAHN09R6MZ971BE,canopy-medical-clinic,canopy-medical-clinic-tkex,orgn_01JBB3DZGRMDGKJZQACMBSTKEX,2024-10-30 00:44:50.73,2024-10-30 00:44:50.73
slgr_01JBDHWGWYW7S2H2DCRJFKPN31,unitarian-universalist-church-of-fargo-moorhead,unitarian-universalist-church-of-fargo-moorhead-bj6a,orgn_01GVH3V64G3YV6BTZM6PSZBJ6A,2024-10-30 01:50:48.118,2024-10-30 01:50:48.118
slgr_01JBDNM1JRXHFMVPTHRWWV0A3D,black-trans-liberation,black-trans-liberation-v5cs,orgn_01H855ST5GRVQJH9D7WBBFV5CS,2024-10-30 02:56:04.073,2024-10-30 02:56:04.073
slgr_01JBFY0HBDJTTMS6PE7FQ47FVW,montana-two-spirit-society,montana-two-spirit-society-mrzr,orgn_01JBB3SWR5GXYE7PKR3GMFMRZR,2024-10-31 00:01:10.976,2024-10-31 00:01:10.976
slgr_01JBFY5JYQ86TKHQVG10JK363Q,tristate-transgender,tristate-transgender-hpy5,orgn_01JBB3QK1155KVY8WPFCY5HPY5,2024-10-31 00:03:56.607,2024-10-31 00:03:56.607
slgr_01JBFZ45P7ZZYMY54DCCBP90FM,castro-direct-primary-care,castro-direct-primary-care-mk41,orgn_01J6AN2A0FH78D4TT222HZMK41,2024-10-31 00:20:38.523,2024-10-31 00:20:38.523
slgr_01JBGAZAD3D28SH1RHD24CA780,castro-direct-primary-care-mk41,castro-direct-primary-care-dcp,orgn_01J6AN2A0FH78D4TT222HZMK41,2024-10-31 03:47:42.689,2024-10-31 03:47:42.689
slgr_01JBGBCWRT271XY3E75HNN2E5P,puerto-rico-community-network-for-clinical-research-on-aids,prconcra,orgn_01GVH3VB6SCDZMQK3JFKEQNP4N,2024-10-31 03:55:07.738,2024-10-31 03:55:07.738
slgr_01JBGBNNPM2DHVTW73D1C1067N,ingersoll-gender-center,ingersoll-gender-center-6d1w,orgn_01J6FTXGVM25C01PSGHW6A6D1W,2024-10-31 03:59:54.893,2024-10-31 03:59:54.893
slgr_01JBHJRBXTDYQ6MW64726309PT,high-impacto,high-impacto-7k2k,orgn_01JBHJPGQNVNTZFAPANP337K2K,2024-10-31 15:22:58.62,2024-10-31 15:22:58.62
slgr_01JBHRN3QBGJFM52M2AP6FYJW4,feeding-south-florida,feeding-south-florida-s35z,orgn_01JBHRFD8ZQJG5SF29TW4HS35Z,2024-10-31 17:06:02.448,2024-10-31 17:06:02.448
slgr_01JBHRVPFJ3Z9YDXKZEPAB878F,prisma-health,prisma-health-b67r,orgn_01HGV4J5H7YS8841589QP2B67R,2024-10-31 17:09:38.406,2024-10-31 17:09:38.406
slgr_01JBJETAQBCVW6JPNTGNHAAQS7,crew-health,crew-health-se03,orgn_01JBHJKHJDTS8837VQ7NDXSE03,2024-10-31 23:33:22.231,2024-10-31 23:33:22.231
slgr_01JBMDWWH79146S77F7PQPMH1P,colorado-name-change-project,colorado-name-change-project-cnpc,orgn_01GVH3V4YXZ0A0C4FVPSDVCCX8,2024-11-01 17:55:46.455,2024-11-01 17:55:46.455
slgr_01JBN3696WHS652EBPRCT0T7RJ,metro-inclusive-health,metro-inclusive-health-p51a,orgn_01JBHJC0YPHQGSFD833WVKP51A,2024-11-02 00:07:54.12,2024-11-02 00:07:54.12
slgr_01JBN57BR3EFB34J02MYZCK2FS,traction,traction-w7eh,orgn_01JBHVWBDACEBFMZ4S6WRWW7EH,2024-11-02 00:43:26.568,2024-11-02 00:43:26.568
slgr_01JBN6HR7CBH6QAJ5BNPCCG314,essential-health,essentia-health,orgn_01JBB3HM56SFRKP8JPSD0E5ABR,2024-11-02 01:06:35.748,2024-11-02 01:06:35.748
slgr_01JBN810QH6G6RXWF0QHEKTT83,house-of-prism-inc,house-of-prism-inc-8hdk,orgn_01JBHJHJ6Y1V1ZDGN0NZ6R8HDK,2024-11-02 01:32:24.432,2024-11-02 01:32:24.432
slgr_01JBN8QFJ7WPHPBB3RZ08KKBVW,national-abortion-federation,national-abortion-federation-naf,orgn_01JABWNBRF8XH08FSF9MRZEBP2,2024-11-02 01:44:40.657,2024-11-02 01:44:40.657
slgr_01JBN8SZT94NG6CYCYZHJF65S9,national-abortion-federation-naf,national-abortion-federation-naf-ebp2,orgn_01JABWNBRF8XH08FSF9MRZEBP2,2024-11-02 01:46:03.298,2024-11-02 01:46:03.298
slgr_01JBPKNNHAEGTZSD3Z7QVENX7S,queer-the-land,queer-the-land-7psw,orgn_01JBGDSE8F1NMYPEZDJN2T7PSW,2024-11-02 14:15:10.046,2024-11-02 14:15:10.046
slgr_01JBPM5T9G33F8G69VKNZDSP8N,queer-the-land-7psw,queer-the-land-qtc,orgn_01JBGDSE8F1NMYPEZDJN2T7PSW,2024-11-02 14:23:59.215,2024-11-02 14:23:59.215
slgr_01JBPMAP5AB95ZZBEZENSK6N01,visuality-1,visuality-inc,orgn_01JBHJAX5QE67XH7NFTZTRQN51,2024-11-02 14:26:38.593,2024-11-02 14:26:38.593
slgr_01JBPP7GF25M7HHVJ9ST761B35,voix-noire,voix-noire-g8pk,orgn_01JBPP35QNZSA1HEV8C0XAG8PK,2024-11-02 14:59:51.634,2024-11-02 14:59:51.634
slgr_01JBPQW1XPA8ND7YBQ90K1XBMH,dem-bois-inc,dem-bois-inc-akg9,orgn_01JBPQTHXM057VY8D7JYTTAKG9,2024-11-02 15:28:33.622,2024-11-02 15:28:33.622
slgr_01JBPRP941MV999WRWQKDA2JPT,nicolas-gogan-foundation,nicolas-gogan-foundation-7sgr,orgn_01JBPRM1D0CB60CKJQQ8MH7SGR,2024-11-02 15:42:52.783,2024-11-02 15:42:52.783
slgr_01JBPRRHQQHF6HG4SACYGMKWZN,nicolas-gogan-foundation-7sgr,nicolas-gogan-foundation-ngf,orgn_01JBPRM1D0CB60CKJQQ8MH7SGR,2024-11-02 15:44:07.409,2024-11-02 15:44:07.409
slgr_01JBPVRWKZQBBT19GQQVBKPM28,promo,promo-shbf,orgn_01JBPVQYRRBN4FFJFFCE6FSHBF,2024-11-02 16:36:44.019,2024-11-02 16:36:44.019
slgr_01JBPWNVT5CE4SZW12HEZHKEGX,st-louis-queer-support-hotline,st-louis-queer-support-helpline-sqsh,orgn_01GVH3V7TE0J50CGSWJ0BMB1WY,2024-11-02 16:52:33.836,2024-11-02 16:52:33.836
slgr_01JBQ56Y19X410MKHJRJWCTV69,colage,colage-c7f5,orgn_01HYGRVYQ3ZG2E5BS7W4J0C7F5,2024-11-02 19:21:41.434,2024-11-02 19:21:41.434
slgr_01JBQEXZRA39VW2FKENFJSEKC2,lgbt-family-and-games-lfg,lgbt-family-and-games-lfg-ytg0,orgn_01JBHJDVMCTQTZP87KS2BRYTG0,2024-11-02 22:11:34.042,2024-11-02 22:11:34.042
slgr_01JBQFERE7V3H371WT2NZXZT10,the-womens-collective-twc,the-womens-collective-twc-s2sc,orgn_01JAEHGV6WREN578H9T1JKS2SC,2024-11-02 22:20:43.541,2024-11-02 22:20:43.541
slgr_01JBQM45K63F54DVVCE8Y2HBZZ,peoria-proud,peoria-proud-jn06,orgn_01JBQM2FCSS2X39X5947JBJN06,2024-11-02 23:42:19.616,2024-11-02 23:42:19.616
slgr_01JBQN1YATPM37R0Z446DG0061,central-illinois-friends,central-illinois-friends-bqy5,orgn_01J8JB8TG87VA5DFR6QMV6BQY5,2024-11-02 23:58:35.152,2024-11-02 23:58:35.152
slgr_01JBSJZA043ZMNF0V3WB20SNEA,gays-and-lesbians-living-in-a-transgender-society-glits,gays-and-lesbians-living-in-a-transgender-society-glits-myk9,orgn_01H9VCDG90H0M6T9VDHGPRMYK9,2024-11-03 18:00:41.103,2024-11-03 18:00:41.103
slgr_01JBSKHHNTK7R8TCRR7GCAXK13,transhealth-vck6,transhealth,orgn_01H6WJT5KWHG8SM2WHD5VYVCK6,2024-11-03 18:10:38.64,2024-11-03 18:10:38.64
slgr_01JBSM5K1E6BG77YJPEJG6QAWM,black-liberation-collective,black-liberation-collective-d5h1,orgn_01JBSM0N0Y77XW2NWGQZ07D5H1,2024-11-03 18:21:34.948,2024-11-03 18:21:34.948
slgr_01JBSMSX42Q7QD1P63BBW5YGQV,phoenix-transition-program,phoenix-transition-program-mtc8,orgn_01JBSMR7334S1KYS19ADMFMTC8,2024-11-03 18:32:40.666,2024-11-03 18:32:40.666
slgr_01JBSP1SW6HTJ33CPBQEV9HQQB,thistl-trans-housing-initiative-st-louis,thistl-trans-housing-initiative-st-louis-dp44,orgn_01JBSNZYZV414FXX4NKNR3DP44,2024-11-03 18:54:28.023,2024-11-03 18:54:28.023
slgr_01JBSPPY0ZS66MQXWCEZHNH9XA,st-louis-gender-foundation,st-louis-gender-foundation-stlgf,orgn_01GVH3V7HSG9PB6J24RTW64TY1,2024-11-03 19:06:00.876,2024-11-03 19:06:00.876
slgr_01JBVV9C3FMPF0FF2PH14MFPPB,the-lighthouse-equality-advocacy-project,lighthouse-equality-advocacy-project,orgn_01JBVV6977DWCP3J8HTANNHWB6,2024-11-04 15:04:28.883,2024-11-04 15:04:28.883
slgr_01JBWYJ3T2P8RE2N3V4WHXSWQ8,des-moines-pride-center,des-moines-pride-center-b1sd,orgn_01J073VHP1KHCWAA202R24B1SD,2024-11-05 01:20:54.882,2024-11-05 01:20:54.882
slgr_01JBWZH1NCD7V7YSNRADKMCDEB,dapper-dsm,dapper-dsm-81t5,orgn_01JBWZ99M9WZBAJ6021J8V81T5,2024-11-05 01:37:48.005,2024-11-05 01:37:48.005
slgr_01JBX0H95G8YG4NQ110N73241J,maryland-trans-unity,maryland-transunity,orgn_01HRQCGVCQRGHK4FMZZ65KJRD5,2024-11-05 01:55:24.44,2024-11-05 01:55:24.44
slgr_01JBX197GM7AJ32J0ARDR17Z59,tact-trans-advocacy-and-care-team,tact-trans-advocacy-and-care-team-0phr,orgn_01HQBFZZ3H86JNN8G9M4XE0PHR,2024-11-05 02:08:29.506,2024-11-05 02:08:29.506
slgr_01JBX1XF3T8S13RW3FQ8FCATT6,gender-health-center-gic,gender-health-center-gic-hmv4,orgn_01JBX1WA7WD84CBM01XSSJHMV4,2024-11-05 02:19:32.353,2024-11-05 02:19:32.353
slgr_01JBX2X8PYN5E5J2JSR28WF5GP,river-city-gems,river-city-gems-98ae,orgn_01JBX2VNWZTSM0W6V2HE5N98AE,2024-11-05 02:36:54.298,2024-11-05 02:36:54.298
slgr_01JBYNX287CZG2H1XA9WNF959R,startout,startout-xpag,orgn_01J721X49M0VNC09FQTC6MXPAG,2024-11-05 17:28:05.05,2024-11-05 17:28:05.05
slgr_01JBYPNPKQEK62DY84A8ZZ5YRA,queer-food-foundation,queer-food-foundation-qff,orgn_01J6WMFXWRWVJBFPKRZ01V9H8V,2024-11-05 17:41:32.443,2024-11-05 17:41:32.443
slgr_01JBZ5YY0NX35A8RTTGRF5SB2K,ozone-house,ozone-house-2thy,orgn_01J5BE09S6D6PZ0RH4ZE702THY,2024-11-05 22:08:43.332,2024-11-05 22:08:43.332
slgr_01JBZJPHNQ5PRAS4RY27BEJH9B,trans-closet-of-the-hudson-valley,trans-closet-of-the-hudson-valley-eqa4,orgn_01JBZJN6PB4W4974W8X5B8EQA4,2024-11-06 01:51:19.972,2024-11-06 01:51:19.972
slgr_01JBZKQJX0W7CJ6VXN05D7J0MK,t4t-caregivers,t4t-caregivers-rnwq,orgn_01JBZKBS6RFSBRCV6P9CN1RNWQ,2024-11-06 02:09:22.563,2024-11-06 02:09:22.563
slgr_01JBZMT996Y9JYEFHNZMNPRW7W,maitri,maitri-jw2w,orgn_01JBZMRZSE1WG3WVT16C77JW2W,2024-11-06 02:28:19.635,2024-11-06 02:28:19.635
slgr_01JBZPRPEZF2DENTFPQD9RJRVV,art-surgical,art-surgical-7qv9,orgn_01JBZNC4H0YME0VB1T6XCW7QV9,2024-11-06 03:02:24.915,2024-11-06 03:02:24.915
slgr_01JBZRWP5BMQ86FP59QF2Y3AQ7,penny-lane-center,penny-lane-center-6jj2,orgn_01J4MEBEDQ3WB3066AX0J26JJ2,2024-11-06 03:39:32.693,2024-11-06 03:39:32.693
slgr_01JC8XMNP6SW7MV6456ZV6H1C0,dc-area-transmasculine-society,dc-area-transmasculine-society-dcats,orgn_01GVH3V6NQ8GAYFWNFHWB6JWRE,2024-11-09 16:55:43.71,2024-11-09 16:55:43.71
slgr_01JCHTZ54B7XE2ESY8NNDEYNPQ,lost-n-found-youth,lost-n-found-youth-lnfy,orgn_01GVH3V5H65C6NWZRJ923H4C9V,2024-11-13 04:02:10.921,2024-11-13 04:02:10.921
slgr_01JCKPA3XRS8Q06N27110BZPBZ,skellenger-bender,skellenger-bender-zydd,orgn_01JCKNYFNK6TM35HDCR9RPZYDD,2024-11-13 21:19:16.061,2024-11-13 21:19:16.061
slgr_01JCP1JKEYTX8X97NFZ0P80CH7,nyu-langone-transgender-health,transgender-health-at-nyu-langone-health,orgn_01JCG1Z7B6P41PVFQPVCFETGAY,2024-11-14 19:14:37.13,2024-11-14 19:14:37.13
slgr_01JCP2NX56K211XH7V37VB9P9H,aid-access,aid-access-hrjs,orgn_01JCH4SEMJ4BFEE0SVZV5CHRJS,2024-11-14 19:33:53.795,2024-11-14 19:33:53.795
slgr_01JCP3TZAHDB2FA11B67G4FB8H,midwest-access-coalition,midwest-access-coalition-mac,orgn_01JCP3R02XCY39RHC5HDTDKTMK,2024-11-14 19:54:08.442,2024-11-14 19:54:08.442
slgr_01JCPF9WQCH4QY109NDKVB09TR,jackson-pride-center,jackson-pride,orgn_01JC0F7J6WJJ6VM7M50T0ZH02G,2024-11-14 23:14:31.776,2024-11-14 23:14:31.776
slgr_01JCPFZ2NWA1HQQVJVS81QCJSW,jackson-jack-garner,jackson-jack-garner-lcsw,orgn_01H29CX1R73EW0FNG4T3PHKREV,2024-11-14 23:26:06.241,2024-11-14 23:26:06.241
slgr_01JCPGR2EPKFJJCJA0VBS27967,hudson-pride-center,hudson-pride-center-hpc,orgn_01JCNXRV679GMDD00ZCEYC92NG,2024-11-14 23:39:44.812,2024-11-14 23:39:44.812
slgr_01JCPJKQ3D4DXRF6AC9CEM824D,the-youth-pride-association-ypa,the-youth-pride-association-ypa-rk8t,orgn_01HQKWGKG5CWKPMJ2MB0MQRK8T,2024-11-15 00:12:19.352,2024-11-15 00:12:19.352
slgr_01JCPTS994N8Q4QDH1Z4NGTK5V,new-york-transgender-advocacy-group-nytag,new-york-transgender-advocacy-group-nytag-1r3j,orgn_01HY747XN6W6GVX90ZMM731R3J,2024-11-15 02:35:10.306,2024-11-15 02:35:10.306
slgr_01JCRWZ8S4FSDK9MYYE8V2YEB3,hair-for-humans,hair-for-humans-5w6h,orgn_01JCRWT74MV6WJGMNEPY6W5W6H,2024-11-15 21:51:52.489,2024-11-15 21:51:52.489
slgr_01JCXJ9M24FXC11FVJSXWP5XJA,wave-women-inc,wave-women-inc-hxhd,orgn_01JCXJ5G7JMF2BQZFJKZS7HXHD,2024-11-17 17:21:29.657,2024-11-17 17:21:29.657
slgr_01JCXJVBKKY667EWSAYY2NKA3H,pfund-foundation,pfund-foundation-a9h6,orgn_01HRZCGAPAG3J9S39Q9JYNA9H6,2024-11-17 17:31:10.633,2024-11-17 17:31:10.633
slgr_01JCXMMDHNTWEH1WBMP1CNZXFM,traction-w7eh,traction-project-open-arms,orgn_01JBHVWBDACEBFMZ4S6WRWW7EH,2024-11-17 18:02:20.849,2024-11-17 18:02:20.849
slgr_01JCXNX6EP15FMN02CP5H6V3V5,socialist-trans-initiative-strive,socialist-trans-initiative-strive-awej,orgn_01JCXMWJH7P7SH1DJ2DN8XAWEJ,2024-11-17 18:24:36.767,2024-11-17 18:24:36.767
slgr_01JCY74KE1TRAH5JW9CR0AQK92,southern-legal-counsel,southern-legal-counsel-slc,orgn_01HP0ACXG151FJC8XX50ZMPZHH,2024-11-17 23:25:45.25,2024-11-17 23:25:45.25
slgr_01JCY93F5MZF1H2WG2MQ2729DZ,eastern-pa-trans-equity-project-eptep,eastern-pa-trans-equity-project-eptep-cs8z,orgn_01JCXJ3KSD57SDRFTG862YCS8Z,2024-11-18 00:00:05.228,2024-11-18 00:00:05.228
slgr_01JCYACR5P34WTGPQ3EJ5JT3FT,team-trans-ice-hockey,team-trans-twin-cities-jxk7,orgn_01HT0ERE404ZJVN91VNBY7JXK7,2024-11-18 00:22:37.792,2024-11-18 00:22:37.792
slgr_01JDAEE86J23W0QV0S48D3JS03,ohsu-transgender-health-program,oregon-health-and-science-university-ohsu-transgender-health-program,orgn_01H29CX1VFHENH83QTHFPQF3VB,2024-11-22 17:24:15.651,2024-11-22 17:24:15.651
slgr_01JDN6HPTQ3MQMXNKTK6XJQ48A,positive-impact-health-centers,positive-impact-health-centers-n57w,orgn_01GVH3VAPBKE0QGYYD2E3WN57W,2024-11-26 21:37:59.295,2024-11-26 21:37:59.295
slgr_01JDNA8QBH6P8C5W75WCBB8W1Z,prevention-meets-fashion-inc,prevention-meets-fashion-inc-fnxn,orgn_01JDNA6Y3CN4WEXGZ7CSK6FNXN,2024-11-26 22:42:57.863,2024-11-26 22:42:57.863
slgr_01JDNTKWJXXCTC8VW68AZBGN20,prevention-meets-fashion-inc-fnxn,prevention-meets-fashion-inc-pmf,orgn_01JDNA6Y3CN4WEXGZ7CSK6FNXN,2024-11-27 03:28:41.064,2024-11-27 03:28:41.064
slgr_01JDNTSM3VY3V61AQX9KQAP1Y5,our-space-minnesota,our-space-minnesota-7dh4,orgn_01JCXM37EWHGDYCV71VC7V7DH4,2024-11-27 03:31:48.75,2024-11-27 03:31:48.75
slgr_01JDQ5FXTJCBP45JTK767M09Q3,transsocial,transsocial-hrn9,orgn_01HTDB95D0QHGGPCEW7R90HRN9,2024-11-27 15:58:00.398,2024-11-27 15:58:00.398
slgr_01JDQ5R0R79A9X3H2FN4FAZR9N,trans-legal-aid-clinic-of-tx,trans-legal-aid-clinic-of-tx-6cxk,orgn_01JDQ5Q0PQYQBBCXJE9PYK6CXK,2024-11-27 16:02:25.295,2024-11-27 16:02:25.295
slgr_01JDQ699QFMD0Y1SJC61X3E48B,university-of-texas-school-of-law-gender-affirmation-project,university-of-texas-school-of-law-gender-affirmation-project-mbvc,orgn_01JDQ67RJYG4B77K2G1CHKMBVC,2024-11-27 16:11:51.321,2024-11-27 16:11:51.321
slgr_01JDQ8N3DFB7DB485TGHDDKXP4,university-of-kansas-school-of-law-legal-aid-clinic,university-of-kansas-school-of-law-ku-law-legal-aid-clinic,orgn_01JDQ8GP6F4B0AM360KVVHQ16E,2024-11-27 16:53:15.31,2024-11-27 16:53:15.31
slgr_01JDQ8VBNY92X939V2VKF88VFF,kansas-legal-services,kansas-legal-services-kls,orgn_01JDQ8PV3PCWK6363F3JJH2X50,2024-11-27 16:56:40.422,2024-11-27 16:56:40.422
slgr_01JDQFKXTCW53F3FJ9D1KR31J7,amica-center-for-immigrant-rights,amica-center-for-immigrant-rights-fka-cair-coalition,orgn_01GVH3V446G607JE4V8YJQ2XEE,2024-11-27 18:54:56.983,2024-11-27 18:54:56.983
slgr_01JDSRNTVCTAJ4JV8VXM4HJBP0,lavender-legal-center,lavender-legal-center-qrfz,orgn_01HFWZ43PERCHQVCECPGH6QRFZ,2024-11-28 16:11:45.624,2024-11-28 16:11:45.624
slgr_01JDSS6JWTYDVXPP8JYWNNV16X,transgender-club-of-new-england-tcne,transgender-club-of-new-england-tcne-e4f3,orgn_01HXT0GNW8K6E9EHPZ5P1SE4F3,2024-11-28 16:20:54.354,2024-11-28 16:20:54.354
slgr_01JDSSRTG6PSCZA14N1WRVG2KT,the-aliveness-project,the-aliveness-project-mpx7,orgn_01J04MJE07SH5TAFZ2FENEMPX7,2024-11-28 16:30:51.946,2024-11-28 16:30:51.946
slgr_01JE3S44MFXGMGCNP3MWRV668W,trans-federal-document-project,trans-federal-document-project-9vya,orgn_01JE3RV1CV9TQW3NS43Z939VYA,2024-12-02 13:31:59.118,2024-12-02 13:31:59.118
slgr_01JE5ABP3CTNZ9T2MHSNMHWKJM,parachigo,parachigo-yrqf,orgn_01JCXMEFEKH48HTFWR5V79YRQF,2024-12-03 03:52:25.737,2024-12-03 03:52:25.737
slgr_01JE5AJVYQDZ3Q33NYJ7HVXDEZ,wildflower-alliance,the-wildflower-alliance,orgn_01JE5AG4G5DJNC9T5339V8YHT1,2024-12-03 03:56:21.079,2024-12-03 03:56:21.079
slgr_01JEMED8S30KJS3G5N81S8R2DM,queermunity,queermunity-z5jd,orgn_01JEHJ8C9P4DRHS0KDZ90QZ5JD,2024-12-09 00:51:48.645,2024-12-09 00:51:48.645
slgr_01JEP0DE7N3T30YSCVW3WS11GR,lavender-phoenix,lavender-phoenix-dnxa,orgn_01HYC7YM29Q2221176Y1JFDNXA,2024-12-09 15:25:43.579,2024-12-09 15:25:43.579
slgr_01JEP794EY2WRTS8YN53DBEBF1,lgbtq-connection-2,lgbtq-connection-42k8,orgn_01JEP0M4X7R6J2FE91ZK2342K8,2024-12-09 17:25:42.391,2024-12-09 17:25:42.391
slgr_01JEP7X4JWY95R4PXTWY3JNWRJ,rainbow-community-center,rainbow-community-center-11dp,orgn_01J4G1J6EQ38SXXTEB13MF11DP,2024-12-09 17:36:37.323,2024-12-09 17:36:37.323
slgr_01JEP81Z6068C02MPTBKGYPKWF,residential-youth-services-and-empowerment-ryse,residential-youth-services-and-empowerment-ryse-5217,orgn_01HSCPYP5HP908K7M6JGWB5217,2024-12-09 17:39:15.805,2024-12-09 17:39:15.805
slgr_01JEP86899ED3BFBF3DYQ1RRYW,ryse-center,ryse-center-xs53,orgn_01JEP84PCRC7R3A3GXW6C8XS53,2024-12-09 17:41:36.128,2024-12-09 17:41:36.128
slgr_01JEP8YBSF8T6T75HHNJ6QBWRH,transcamp,transcamp-b3xe,orgn_01JEP8N0W3TENEYBN99H6FB3XE,2024-12-09 17:54:45.997,2024-12-09 17:54:45.997
slgr_01JEP9BVVW5F5K336JKH8NN99K,transcend-retreat,transcend-retreat-qq1s,orgn_01JEP8NN0BG693GAPJP34QQQ1S,2024-12-09 18:02:08.482,2024-12-09 18:02:08.482
slgr_01JEPANV2D9ETNYG046R90E521,theatre-rhinoceros,theatre-rhinoceros-kaan,orgn_01JEP8M36FY6HV5ZCFN7YAKAAN,2024-12-09 18:25:04.055,2024-12-09 18:25:04.055
slgr_01JEPB20S4RGG16VG9A25SH0RH,theatre-rhinoceros-kaan,theatre-rhinoceros-the-rhino,orgn_01JEP8M36FY6HV5ZCFN7YAKAAN,2024-12-09 18:31:43.155,2024-12-09 18:31:43.155
slgr_01JEPB7DPNPJBBSSPQNWQ4GQ0K,diamond-wave,diamond-wave-g5ws,orgn_01JENZZQV7MSB4H8JQRQZCG5WS,2024-12-09 18:34:40.13,2024-12-09 18:34:40.13
slgr_01JEPBQ0DBVPNQDDH0W507RB8D,lesbian-game-changers,lesbian-game-changers-nnzp,orgn_01JEP0FC6VTAMW01X1ZZEXNNZP,2024-12-09 18:43:10.786,2024-12-09 18:43:10.786
slgr_01JEPGC3MJWWDSRE9MQCPJYYV1,the-curve-foundation,the-curve-foundation-0be0,orgn_01JEP8JXJ1QHNS8D07G3PS0BE0,2024-12-09 20:04:36.483,2024-12-09 20:04:36.483
slgr_01JEPH3N5CCFQ84P90CMB8G3NM,the-billy-foundation,the-billy-foundation-the-billys,orgn_01JEP8J5VXN3BVYVCH0C1N57AX,2024-12-09 20:17:28.327,2024-12-09 20:17:28.327
slgr_01JEPHXFTT6PHHQSCF79ER9D6V,prism-foundation,prism-foundation-45zx,orgn_01JEP7TGWH5C5MFM7T1ZAV45ZX,2024-12-09 20:31:34.591,2024-12-09 20:31:34.591
slgr_01JEPJPYR1DNPHWV0JX3ZCV6QR,oakland-lgbtq-center,oakland-lgbtq-community-center-sqj8,orgn_01GVH3V7R5CS3TAH10BE86SQJ8,2024-12-09 20:45:29.364,2024-12-09 20:45:29.364
slgr_01JEPSPDEJ1V4DARQZ9W7JJ03B,horizons-foundation,horizons-foundation-0erw,orgn_01JENZP0VS3X03WEDSGQJA0ERW,2024-12-09 22:47:31.277,2024-12-09 22:47:31.277
slgr_01JEPT6WSN2CA00NVK0FWTF6Y2,wake-up-sonoma,wake-up-sonoma-2993,orgn_01JEP8QM3ZWGHENWACFGCZ2993,2024-12-09 22:56:31.36,2024-12-09 22:56:31.36
slgr_01JEPTQBHRBG8RS2EPHXDJW006,out-and-about-bookshop,out-and-about-bookshop-5tqc,orgn_01JEP7PEJ22Z48FR9D0G4F5TQC,2024-12-09 23:05:30.644,2024-12-09 23:05:30.644
slgr_01JEPV68VYEK7YEKKVSPMVW5J9,frameline,frameline-r20e,orgn_01JEP05BY29K0V2KB2TCJWR20E,2024-12-09 23:13:39.415,2024-12-09 23:13:39.415
slgr_01JERMKYD7TB4YW3E3AR46EFFJ,castro-country-club,castro-country-club-g1pr,orgn_01JENZSF1QYHAZGZXVZM24G1PR,2024-12-10 15:57:16.504,2024-12-10 15:57:16.504
slgr_01JERNM03KSMKZ5CE9R7K8S2SY,castro-country-club-g1pr,castro-country-club-ccc,orgn_01JENZSF1QYHAZGZXVZM24G1PR,2024-12-10 16:14:47.242,2024-12-10 16:14:47.242
slgr_01JERNXC0BV02GS3FBPW615DPB,amor-para-todos-apt,amor-para-todos-apt-0x67,orgn_01JENZPX2M17BW2KYP9GH90X67,2024-12-10 16:19:54.017,2024-12-10 16:19:54.017
slgr_01JERPP1A0Y6KQ68FCTV8AGQ04,bay-area-american-indian-two-spirits-inc-baaits,bay-area-american-indian-two-spirits-inc-baaits-f8f1,orgn_01JENZRQ0EBXBAR7HS48CTF8F1,2024-12-10 16:33:22.178,2024-12-10 16:33:22.178
slgr_01JERQ6AZRMSRJGK7M2N6FEK6N,project-open-hand,project-open-hand-mrm4,orgn_01JEP7V2NVHF7FC3MWFY0MMRM4,2024-12-10 16:42:16.304,2024-12-10 16:42:16.304
slgr_01JERYZ0YWFFVS2GM3WCCCA768,coastpride,coastpride-0tkp,orgn_01JENZV5AC2JCNJQD1KTP50TKP,2024-12-10 18:58:05.295,2024-12-10 18:58:05.295
slgr_01JEVV85WWYR5FG304VTFAWBHR,qlatinx,qlatinx-v900,orgn_01GVH3VANNW4PP0ZZE91E7V900,2024-12-11 21:50:54.745,2024-12-11 21:50:54.745
slgr_01JEWFBV31VA9T569ZJ0WY4183,blue-mountain-clinic,blue-mountain-clinic-8gm5,orgn_01JEWFABZP915RTR6M8PCD8GM5,2024-12-12 03:42:26.033,2024-12-12 03:42:26.033
slgr_01JEXN6K9FE6SA74S1KDTVAB1J,african-ancestral-lesbians-untied-for-societal-change-aalusc,african-ancestral-lesbians-untied-for-societal-change-aalusc-vrpk,orgn_01HY72C4CRD5K9XZAX2092VRPK,2024-12-12 14:43:40.59,2024-12-12 14:43:40.59
slgr_01JEY14DJYRA9EHA92HGN74ZVV,african-ancestral-lesbians-untied-for-societal-change-aalusc-vrpk,african-ancestral-lesbians-united-for-societal-change-aalusc,orgn_01HY72C4CRD5K9XZAX2092VRPK,2024-12-12 18:12:11.64,2024-12-12 18:12:11.64
slgr_01JEY35YE9GVSTSHJ0QSFRQY19,utah-gay-football-league,utah-gay-football-league-7hgr,orgn_01GVH3VAWY48A0J4FRKJ8S7HGR,2024-12-12 18:47:58.947,2024-12-12 18:47:58.947
slgr_01JF0XRWRHCM23NV2RBPJNACQD,youphoria-studios,youphoria-studios-azge,orgn_01JF0XNNK03TFQ0G2W9KYZAZGE,2024-12-13 21:11:11.913,2024-12-13 21:11:11.913
slgr_01JF0YMK9V8NSZ81JWJYREECGV,openhouse,openhouse-7rf2,orgn_01JEP7MFZ6C5Y22BPRDFS47RF2,2024-12-13 21:26:19.076,2024-12-13 21:26:19.076
slgr_01JF0ZYBTXA8ZV79JG6KSGPKXZ,pflag-clayton-concord,pflag-clayton-concord-p53y,orgn_01JEP7S4HTHE8RMKHQYH1VP53Y,2024-12-13 21:49:07.65,2024-12-13 21:49:07.65
slgr_01JF10ETHPAVP82A0FT3DJQFXE,mind-the-gap,mind-the-gap-pd3r,orgn_01JF10D4W0EV5FDW45C5V7PD3R,2024-12-13 21:58:06.875,2024-12-13 21:58:06.875
slgr_01JF113M38ZD4SJ6B2S6H9KDMZ,charlie-health,charlie-health-afbt,orgn_01JF10BQDDGG0VNC0C5NZRAFBT,2024-12-13 22:09:28.419,2024-12-13 22:09:28.419
slgr_01JF3T0P8FVAXPKJMW7HQZXJDH,trans-bloom,trans-bloom-xbep,orgn_01JEP8MHXD74CH30D7MRYHXBEP,2024-12-15 00:03:15.725,2024-12-15 00:03:15.725
slgr_01JF3V3M5ZQYNKQV45J5R9461R,san-francisco-gay-mens-chorus,san-francisco-gay-mens-chorus-sfgmc,orgn_01JEP8AZQVWGD2XS3JG2K267DN,2024-12-15 00:22:20.491,2024-12-15 00:22:20.491
slgr_01JF3VV1ZBFB57FZKYN8TH1JWQ,rainbow-womens-chorus,rainbow-womens-chorus-qg63,orgn_01JEP7YPG47N4S9Y8WNJQFQG63,2024-12-15 00:35:08.272,2024-12-15 00:35:08.272
slgr_01JF3W4D68ZNGXM3SR18YY3DSC,rainbow-womens-chorus-qg63,rainbow-womens-chorus-rwc,orgn_01JEP7YPG47N4S9Y8WNJQFQG63,2024-12-15 00:40:14.753,2024-12-15 00:40:14.753
slgr_01JF3WB4K0CEFM5EVPWR0NE15X,grass-roots-gay-rights-foundation,grass-roots-gay-rights-foundation-8dx5,orgn_01JEP07YGSK02FQSXW9TH08DX5,2024-12-15 00:43:55.125,2024-12-15 00:43:55.125
slgr_01JF3WD7481P59HNK2Q9TSNPAH,grass-roots-gay-rights-foundation-8dx5,grass-roots-gay-rights-foundation-grgrf,orgn_01JEP07YGSK02FQSXW9TH08DX5,2024-12-15 00:45:03.62,2024-12-15 00:45:03.62
slgr_01JF3WVSPJ774D6JNWRXKF344J,queer-lifespace,queer-lifespace-qls,orgn_01JEP7VZX1HH2PW8FM21X1NBJW,2024-12-15 00:53:01.022,2024-12-15 00:53:01.022
slgr_01JF3ZCH5R2CAFYJN1NHDN59TX,moments-cooperative-and-community-space,moments-cooperative-and-community-space-moments-co-op,orgn_01JEP7F8A7VHBJ6465BV3S4JKG,2024-12-15 01:37:06.532,2024-12-15 01:37:06.532
slgr_01JF3ZZVTC64HMBD492CC0K3ZF,moments-cooperative-and-community-space-moments-co-op,moments-cooperative-and-community-space-moments-co-op-4jkg,orgn_01JEP7F8A7VHBJ6465BV3S4JKG,2024-12-15 01:47:40.289,2024-12-15 01:47:40.289
slgr_01JF40B00M9NN2HD77XBG1X2XB,san-francisco-transgender-film-festival-sftff,san-francisco-transgender-film-festival-sftff-g8gj,orgn_01JEP8CE3VMFWYPJQZDM81G8GJ,2024-12-15 01:53:44.822,2024-12-15 01:53:44.822
slgr_01JFAFQWPMYQ8DJNQ9RK9TGBRJ,briarpatch-youth-services,briarpatch-youth-services-tzh0,orgn_01JFAFMAWDNEDNVFBGS1P6TZH0,2024-12-17 14:18:23.588,2024-12-17 14:18:23.588
slgr_01JFDSEQ3GH3PHTSA71F22XNME,acadiana-cares,acadianacares,orgn_01HTWW9312DSE3NSD1G26AR01S,2024-12-18 21:05:51.028,2024-12-18 21:05:51.028
slgr_01JFDSGH7VRYGZ91YCMHC6H3NM,acadianacares,acadianacares-r01s,orgn_01HTWW9312DSE3NSD1G26AR01S,2024-12-18 21:06:52.088,2024-12-18 21:06:52.088
slgr_01JFN8EARS0SEY55ZQ8ZSRWAB8,stonewall-sports-twin-cities,stonewall-sports-twin-cities-wn5f,orgn_01J250F69CE9QD1Y6FRK9QWN5F,2024-12-21 18:42:28.145,2024-12-21 18:42:28.145
slgr_01JFN8ZNYMVZP3N8H1B9ZVXMYG,acadiana-queer-collective,acadiana-queer-collective-rytv,orgn_01HSFFPV1R0XG2E7ZAVAD0RYTV,2024-12-21 18:51:56.604,2024-12-21 18:51:56.604
slgr_01JFN8ZTQP1N9VEY9H3B5XSZ4N,acadiana-queer-collective-rytv,acadiana-queer-collective-aqc,orgn_01HSFFPV1R0XG2E7ZAVAD0RYTV,2024-12-21 18:52:01.72,2024-12-21 18:52:01.72
slgr_01JFN9TBZTT392WGAHVMG2951Q,lafayette-foundation-clinic,lafayette-foundation-clinic-lfc,orgn_01HTWWB8XQWMXY87Y7T95AKCTA,2024-12-21 19:06:31.243,2024-12-21 19:06:31.243
slgr_01JFNAWWCX8TBA2AZ15NXWF824,bloom-therapy-plc,bloom-therapy-plc-4wr5,orgn_01JFNASSVZ0SFVF7AFS79G4WR5,2024-12-21 19:25:22.337,2024-12-21 19:25:22.337
slgr_01JFNBT97Z580K447A5N1K6QPF,una-inc,una-productions,orgn_01JEP8PPJ3WXM6HFKFYJN5NKPB,2024-12-21 19:41:25.525,2024-12-21 19:41:25.525
slgr_01JFNC29VENA7X2QYKF0VAKMPX,the-poverello-center,the-poverello-center-r7tp,orgn_01JEWF9AY14FE79RS96FQGR7TP,2024-12-21 19:45:48.25,2024-12-21 19:45:48.25
slgr_01JFNVD6Q4GARJG48PF9C9K4NT,oakland-gay-mens-chorus,oakland-gay-mens-chorus-jws2,orgn_01JEP7JRA59PN1RFH889ZPJWS2,2024-12-22 00:13:54.376,2024-12-22 00:13:54.376
slgr_01JFNVDVXFRV2Y5274B044YA2H,oakland-gay-mens-chorus-jws2,oakland-gay-mens-chorus-gmc,orgn_01JEP7JRA59PN1RFH889ZPJWS2,2024-12-22 00:14:16.107,2024-12-22 00:14:16.107
slgr_01JFNVY6N2T05WJ1AJY3CQMMRM,dykes-with-drills,dykes-with-drills-nfqz,orgn_01JEP00TVWJCW6GPJX13WJNFQZ,2024-12-22 00:23:11.1,2024-12-22 00:23:11.1
slgr_01JFNX8DJ2YXW0DCX5TPW66N6V,san-francisco-spikes-soccer-club,san-francisco-sf-spikes-soccer-club,orgn_01JEP8E0GCT7GMZB4YY7T8VP09,2024-12-22 00:46:14.451,2024-12-22 00:46:14.451
slgr_01JFNXQ2WDTBWTSABMKSGGH2HY,san-francisco-gay-basketball-association-sfgba,san-francisco-gay-basketball-association-sfgba-jbhp,orgn_01JEP895W0MB7JA95W55PGJBHP,2024-12-22 00:54:15.052,2024-12-22 00:54:15.052
slgr_01JFNY53GVHQJ27532D5JJJYR5,san-francisco-earthquakes-lgbtq-plus-ice-hockey-club,san-francisco-earthquakes-lgbtq-plus-ice-hockey-club-9vcq,orgn_01JEP887SP3KN6N9T298CR9VCQ,2024-12-22 01:01:54.788,2024-12-22 01:01:54.788
slgr_01JFQC4RPP6SA921QQMK2QG99V,new-york-ramblers,new-york-ramblers-hfmh,orgn_01JFNXKRG21SGFVFDZC0XVHFMH,2024-12-22 14:25:37.969,2024-12-22 14:25:37.969
slgr_01JFQC55RHX4NYZ9JS5833G6A4,new-york-ramblers-hfmh,new-york-ny-ramblers,orgn_01JFNXKRG21SGFVFDZC0XVHFMH,2024-12-22 14:25:51.37,2024-12-22 14:25:51.37
slgr_01JFQD0J3Q6SAPD7XNTQTR448Q,san-francisco-gay-flag-football-league-sfgffl,san-francisco-gay-flag-football-league-sfgffl-tfa3,orgn_01JEP8A4VSPPNYN0FQ479NTFA3,2024-12-22 14:40:48.628,2024-12-22 14:40:48.628
slgr_01JFQE5YHHA9JTN0CHQ6XR6PE0,kentucky-health-justice-network-khjn,kentucky-health-justice-network-khjn-6k8q,orgn_01JFQE2GCMWXWMJ13F51S76K8Q,2024-12-22 15:01:14.2,2024-12-22 15:01:14.2
slgr_01JFQFH25WGKX50X0P7EPG9PRY,sweet-evening-breeze,sweet-evening-breeze-1vrm,orgn_01J163WZ3929DMV0BC756Y1VRM,2024-12-22 15:24:46.551,2024-12-22 15:24:46.551
slgr_01JFQGBXNJDXA7HZ4EXT5E0BFD,jewish-family-and-career-services-jfcs-louisville,jewish-family-and-career-services-jfcs-louisville-nfn5,orgn_01JFQG959MBVT63BY54R5XNFN5,2024-12-22 15:39:26.855,2024-12-22 15:39:26.855
slgr_01JFQHGV167C8MMM8QFDRN1C7W,stronger-u,stronger-u-dsy8,orgn_01JFQG60JDQSE0T93X0RRRDSY8,2024-12-22 15:59:36.292,2024-12-22 15:59:36.292
slgr_01JFQJVTC2AGQ5XHZ1V4YRVV6Y,avol,avol-kentucky,orgn_01H29CX1P6A71XYHAXZSC2XQPY,2024-12-22 16:23:04.866,2024-12-22 16:23:04.866
slgr_01JFQJW34HC3YXT1B608SZC3VQ,avol-kentucky,avol-kentucky-xqpy,orgn_01H29CX1P6A71XYHAXZSC2XQPY,2024-12-22 16:23:14.204,2024-12-22 16:23:14.204
slgr_01JFQM1CV0932N10GHFP2GQFKH,resource-center-tx,resource-center-listing-is-archived,orgn_01GVXXKS0PER7YJ2ZRZZ0Y360S,2024-12-22 16:43:36.281,2024-12-22 16:43:36.281
slgr_01JFQMSRD3ZDR50RVKR0H48NK9,in-lakech-dance-academy,in-lakech-dance-academy-b5ef,orgn_01JEP09QG7W2K5V5BSY037B5EF,2024-12-22 16:56:54.521,2024-12-22 16:56:54.521
slgr_01JFQNN5V340HQ1VZJT2N2FW81,the-transformation-project,the-transformation-project-4s92,orgn_01HFWZGRZG6S1KAA7J62QA4S92,2024-12-22 17:11:53.018,2024-12-22 17:11:53.018
slgr_01JFQYAT8X1WE71Y9NPT4XHH32,transgender-education-network-of-texas-tent,transgender-education-network-of-texas-tent-4jb8,orgn_01HFF9765V1KSVKYQ5Z3CD4JB8,2024-12-22 19:43:31.164,2024-12-22 19:43:31.164
slgr_01JFR0VMT59YCQDYRW6866N2CF,pflag-connects-communities-pcc,pflag-connects-communities-pcc-2tcb,orgn_01JFR0RESNEQF0HW2Y0SFG2TCB,2024-12-22 20:27:39.095,2024-12-22 20:27:39.095
slgr_01JFR1AHRTXB7TZ0FQ07R9RSZW,pflag-austin,pflag-austin-gs03,orgn_01HS16AV9WGXYYXRM0RSF6GS03,2024-12-22 20:35:47.481,2024-12-22 20:35:47.481
slgr_01JFR1ZA3JTKA8XJZ91Y5SAS40,pflag-seattle,pflag-seattle-q125,orgn_01HPFMPYR5N6A2XRCRAYQVQ125,2024-12-22 20:47:07.777,2024-12-22 20:47:07.777
slgr_01JFR2K5JHFVFBNMZQ4YVD7NXM,pflag-new-hampshire,pflag-new-hampshire-nh,orgn_01HPHPD7DEMW3RFD37404D8QP2,2024-12-22 20:57:58.675,2024-12-22 20:57:58.675
slgr_01JFR30HJ2HKF6N5Y9K383AGJ0,pflag-new-orleans,pflag-new-orleans-q0ap,orgn_01HSHMP0Q5MHR4VG9NVKY6Q0AP,2024-12-22 21:05:17.022,2024-12-22 21:05:17.022
slgr_01JFR3EKMVV5VDFGEEM3V987WF,pflag-new-orleans-q0ap,pflag-new-orleans-pflagno,orgn_01HSHMP0Q5MHR4VG9NVKY6Q0AP,2024-12-22 21:12:57.811,2024-12-22 21:12:57.811
slgr_01JFRHH3EG0K860PSXVW9Z54KQ,pflag-portland-me,pflag-portland-maine,orgn_01HPHPAVNYRGJ3H9EG3TYA750D,2024-12-23 01:18:59.717,2024-12-23 01:18:59.717
slgr_01JFRJ7PXB256G48DHM45M87AR,pflag-wilmington-delaware,pflag-wilmington-delaware-wqbv,orgn_01HSCPS88AWA0ET0MS7W5FWQBV,2024-12-23 01:31:20.537,2024-12-23 01:31:20.537
slgr_01JFRJJRDM2HH9Z3TWKKYDV68F,ptk-delaware,ptk-delaware-wd8v,orgn_01JFRJH1FPJ0E3869X2NZYWD8V,2024-12-23 01:37:22.469,2024-12-23 01:37:22.469
slgr_01JFRKB8WEF8YBNGJ6KDY5NFMP,christianacare-lgbtq-initiatives,christianacare,orgn_01JFRK36E566THEA1ZWW495NMV,2024-12-23 01:50:45.717,2024-12-23 01:50:45.717
slgr_01JFRKBY30A8ENHQK93B0MF542,christianacare,christianacare-lgbtq-health-initiatives,orgn_01JFRK36E566THEA1ZWW495NMV,2024-12-23 01:51:07.531,2024-12-23 01:51:07.531
slgr_01JFT6AB8TT46FDJSQPE23RPTZ,partners-in-abortion-care,partners-in-abortion-care-c5bw,orgn_01JFT66A445B0WZ960AJA2C5BW,2024-12-23 16:41:32.833,2024-12-23 16:41:32.833
slgr_01JFT8GJCCD0ZV1KW87JQCQYKS,the-mandel-law-firm,the-mandel-law-firm-gktd,orgn_01JFT5KKM2334MTDHRF4E0GKTD,2024-12-23 17:19:53.738,2024-12-23 17:19:53.738
slgr_01JFT97P59KZZJ3VX6NTHV8ZSD,brooklyn-abortion-clinic,brooklyn-abortion-clinic-pmfe,orgn_01JFT6013P9RZDZ8J2PA31PMFE,2024-12-23 17:32:31.32,2024-12-23 17:32:31.32
slgr_01JFTQA1KTRAJNYX8VKM2E4QP7,asylum-pride-house-6vsb,asylum-pride-house,orgn_01H84JYTH7E895XX9192BW6VSB,2024-12-23 21:38:29.049,2024-12-23 21:38:29.049
slgr_01JFTR1N3RXVTP5VK60NAWCJFB,morris-home,resources-for-human-development-rhd-morris-home,orgn_01JFTQXY69E3GXGDNT7WCKN08B,2024-12-23 21:51:22.373,2024-12-23 21:51:22.373
slgr_01JFTRWTQ9TEFHCV06XK0CPKE3,ark-of-safety-lgbtq-safe-haven-aos,ark-of-safety-lgbtq-safe-haven-aos-nyt1,orgn_01JFTRS82R97JKZWB7TCMDNYT1,2024-12-23 22:06:12.881,2024-12-23 22:06:12.881
slgr_01JFV86D8YG48N4HVT860FXPE5,westside-family-medicine,westside-family-medicine-zzkd,orgn_01JFT5XFM906C9PV2BGQCRZZKD,2024-12-24 02:33:35.182,2024-12-24 02:33:35.182
slgr_01JFV9DE7NQ6NF7ATNPMFGP42F,east-bay-getting-to-zero-ebgtz,east-bay-getting-to-zero-ebgtz-9vdm,orgn_01JEPSFA6RCS96S8DGFC619VDM,2024-12-24 02:54:54.126,2024-12-24 02:54:54.126
slgr_01JFWM6AN2JESDRG1KMEVAMC4G,asian-health-services-ahs,asian-health-services-ahs-x2ft,orgn_01JFVABVZSBQAY3BEVC4PKX2FT,2024-12-24 15:22:30.323,2024-12-24 15:22:30.323
slgr_01JFWNFPN5QNMS2ABSR3DMA1JA,sutter-health,sutter-health-lgbtqi-care,orgn_01HC82Z6ZS6847W3886P0FM9WY,2024-12-24 15:45:05.733,2024-12-24 15:45:05.733
slgr_01JFWRJRFJRPSWQSPBTADQTB4Z,south-carolina-legal-services-scls,south-carolina-legal-services-scls-adrr,orgn_01JDQ73YR6CPWXQ2GGC3Q3ADRR,2024-12-24 16:39:11.523,2024-12-24 16:39:11.523
slgr_01JFWVAT87ZBSV4QKKC5P4EGNQ,twin-cities-pride,twin-cities-pride-emr8,orgn_01HT0FRXCF15CM31F5WK0TEMR8,2024-12-24 17:27:16.931,2024-12-24 17:27:16.931
slgr_01JFZ5SS842EG449G0ZT2Z8T8Z,holler-health-justice,holler-health-justice-jj0g,orgn_01JDAEPZ8QRS98K1245MEFJJ0G,2024-12-25 15:08:42.23,2024-12-25 15:08:42.23
slgr_01JG1TQV8YX66BGXV5P138BFKH,wv-health-rights-equahealth-program,west-virginia-wv-health-rights-equahealth-program,orgn_01JFZ57PJXZZ0MB4C89GT7QS9C,2024-12-26 15:53:07.771,2024-12-26 15:53:07.771
slgr_01JG1ZZMMX5JJNZBH0GH3JA3Q7,the-center-for-the-integration-and-advancement-of-new-americans-inc-ciana,center-for-the-integration-and-advancement-of-new-americans-inc-ciana,orgn_01HY72749V7EAEPHV7VV0CYDV0,2024-12-26 17:24:45.935,2024-12-26 17:24:45.935
slgr_01JGM7RMYZG6ASMJBNTPGYDXGF,black-lgbtqia-migrant-project-blmp,black-lgbtqia-migrant-project-blmp-pe62,orgn_01GVH3V6Y9WFR52FHMVKXJPE62,2025-01-02 19:27:06.488,2025-01-02 19:27:06.488
slgr_01JGM85RQ545ZN3DSXSDSB8BTA,qmmunity,qmmunity-p9ga,orgn_01J3EBW4Q880WZ3CX74PM2P9GA,2025-01-02 19:34:15.303,2025-01-02 19:34:15.303
slgr_01JGM8EC8Q448V26R9EHDNTCGM,qmunity-undefined,qmunity-34dt,orgn_01GVH3V7WST5CQW5EGRZ7434DT,2025-01-02 19:38:57.636,2025-01-02 19:38:57.636
slgr_01JGM8QNBV12FNQZXK2KHZR0RA,hivhcv-resource-center,hivhcv-resource-center-j5gt,orgn_01GVH3V7PQH156TM5P3RF5J5GT,2025-01-02 19:44:02.108,2025-01-02 19:44:02.108
slgr_01JGM9336RQT2XPAACD177FSSW,pridecorps,pridecorps-t8d9,orgn_01GVH3V5ZB4FTKZNVMK396T8D9,2025-01-02 19:50:16.454,2025-01-02 19:50:16.454
slgr_01JGM9BWJMCK9DC2QYEMN3YX0D,prism-wellness-solutions-llc,prism-wellness-solutions,orgn_01GVXXKRXS4TZJ0GHVY85KT86J,2025-01-02 19:55:04.241,2025-01-02 19:55:04.241
slgr_01JGM9PAREJ8TTC0509DWN5VZ8,black-and-pink-national,black-and-pink-national-0jqb,orgn_01GVXXKS7SK5K08870G2BK0JQB,2025-01-02 20:00:47.386,2025-01-02 20:00:47.386
slgr_01JGMBZSWFR0PSY8J2Y52T1Z9E,spectrum-northern-nevada,spectrum-northern-nevada-wbab,orgn_01GVH3V95QJMJP09W6JBJCWBAB,2025-01-02 20:40:54.859,2025-01-02 20:40:54.859
slgr_01JGMC24TPBJTPKAAXVXYHSGVY,queens-pride-house-tg5t,queens-pride-house-unpublished-merged-with-haf,orgn_01GVH3V7XD6PMWRCRMT8XNTG5T,2025-01-02 20:42:11.169,2025-01-02 20:42:11.169
slgr_01JGMC28BXEKA7AAN5RCH3A1YD,queens-pride-house-unpublished-merged-with-haf,queens-pride-house-unpublished-merged-with-haf-tg5t,orgn_01GVH3V7XD6PMWRCRMT8XNTG5T,2025-01-02 20:42:14.569,2025-01-02 20:42:14.569
slgr_01JGPEPM9XJR7Z5YCZKM7DJRP4,queer-mountaineers,queer-mountaineers-an73,orgn_01JFZ5D8NCMENF3CR19AZBAN73,2025-01-03 16:06:48.506,2025-01-03 16:06:48.506
slgr_01JGPFQMBK9TRZEWPNZHZ5PCCB,a-couch-for-change,a-couch-for-change-pcse,orgn_01JBB3Y99K7HDRSZ4FJ5JAPCSE,2025-01-03 16:24:49.169,2025-01-03 16:24:49.169
slgr_01JGPGC24RPKG76R82QT35Y1TT,allentown-womens-center,allentown-womens-center-8vb4,orgn_01HC3W5Z5SQBJ34MMW50SQ8VB4,2025-01-03 16:35:58.777,2025-01-03 16:35:58.777
slgr_01JGYMZ17386EQFTGMD00Z5F33,aids-delaware,aids-delaware-hdnw,orgn_01GVH3V7RW200PSQDY9T56HDNW,2025-01-06 20:30:11.049,2025-01-06 20:30:11.049
slgr_01JH1ATGDSGKWQFBTFP159MJYQ,trans-federal-document-project-9vya,trans-federal-document-project-unpublished-not-active-after-jan-2025,orgn_01JE3RV1CV9TQW3NS43Z939VYA,2025-01-07 21:30:39.695,2025-01-07 21:30:39.695
