usvy_01GW2HQV39323NRFEAX42JEF9X,usog_01GW2HHHJ2QDQXKF5NP5RS5Y39
usvy_01GW2HQV39323NRFEAX42JEF9X,usog_01GW2HHHJ3PQQ2XHK0AGDWCFJB
usvy_01GW2HQV39323NRFEAX42JEF9X,usog_01GW2HHHJ3N748VNX751AY4KPE
usvy_01GW2HQV399VDMF6W1EHXACVX9,usog_01GW2HHHJ2B12W0TQJK6C40QVC
usvy_01GW2HQV39YF00EE1AJ8KFC9FD,usog_01GW2HHHJ2B12W0TQJK6C40QVC
usvy_01GW2HQV39YF00EE1AJ8KFC9FD,usog_01GW2HHHJ20BNN1QNFSKCFZJY0
usvy_01GW2HQV39WKHB92GEMTV84FJ9,usog_01GW2HHHJ23WPP795Y15Q870KV
usvy_01GW2HQV3A2NKKC9EJ6XY5HF4J,usog_01GW2HHHJ3N748VNX751AY4KPE
usvy_01GW2HQV3AV9S40MW3WK6Q0QKN,usog_01GW2HHHJ2B12W0TQJK6C40QVC
usvy_01GW2HQV3A8997WDKSXMNZHJES,usog_01GW2HHHJ2QDQXKF5NP5RS5Y39
usvy_01GW2HQV3AW2C0WVC6YDCVZ7D5,usog_01GW2HHHJ37AW3SB0Y8BDGQF8N
usvy_01GW2HQV3A3V527TR1M60BY70Q,usog_01GW2HHHJ20BNN1QNFSKCFZJY0
usvy_01GW2HQV3A1W53YFR713R5137T,usog_01GW2HHHJ2QDQXKF5NP5RS5Y39
usvy_01GW2HQV3AY49E5R0EST5KCCHV,usog_01GW2HHHJ23WPP795Y15Q870KV
usvy_01GW2HQV3BEFF6C17FV0H91S5G,usog_01GW2HHHJ2B12W0TQJK6C40QVC
usvy_01GW2HQV3BWD0728GJ88N617D9,usog_01GW2HHHJ2B12W0TQJK6C40QVC
usvy_01GW2HQV3B0283C860NS43WNEA,usog_01GW2HHHJ2B12W0TQJK6C40QVC
usvy_01GW2HQV3BTK33N33H06ZHT52B,usog_01GW2HHHJ2B12W0TQJK6C40QVC
usvy_01GW2HQV3BQ5DKH8GB4N6EVZEP,usog_01GW2HHHJ2QDQXKF5NP5RS5Y39
usvy_01GW2HQV3B19HEW678S195V2P7,usog_01GW2HHHJ2B12W0TQJK6C40QVC
usvy_01GW2HQV3BPW05H55EXWZ604NK,usog_01GW2HHHJ23WPP795Y15Q870KV
usvy_01GW2HQV3CK66ZGTYQNPR9M4SK,usog_01GW2HHHJ2B12W0TQJK6C40QVC
usvy_01GW2HQV3CWEHVS8TJ0STYBAS9,usog_01GW2HHHJ2B12W0TQJK6C40QVC
usvy_01GW2HQV3C2N1E9YV8BNRA5QFW,usog_01GW2HHHJ2B12W0TQJK6C40QVC
usvy_01GW2HQV3CRGRZ7M65D62ZHXSM,usog_01GW2HHHJ2B12W0TQJK6C40QVC
usvy_01GW2HQV3CRGRZ7M65D62ZHXSM,usog_01GW2HHHJ23WPP795Y15Q870KV
usvy_01GW2HQV3DNF8AMQPN9HXYB8YG,usog_01GW2HHHJ2QDQXKF5NP5RS5Y39
usvy_01GW2HQV3D4SE11KP8WM0BMBF3,usog_01GW2HHHJ2B12W0TQJK6C40QVC
usvy_01GW2HQV3DXMAY3XM6R257ZHZX,usog_01GW2HHHJ2B12W0TQJK6C40QVC
usvy_01GW2HQV3DKQDF0JM7J7SPN26H,usog_01GW2HHHJ3N748VNX751AY4KPE
usvy_01GW2HQV3D4RN9X5X36T9S7XK5,usog_01GW2HHHJ3N748VNX751AY4KPE
usvy_01GW2HQV3EFMWW1KQMTQGJ8GH2,usog_01GW2HHHJ2B12W0TQJK6C40QVC
usvy_01GW2HQV3EZ4H4W915W7RV3XBV,usog_01GW2HHHJ3PQQ2XHK0AGDWCFJB
usvy_01GW2HQV3EBY1BKHFQ3MK2NMK2,usog_01GW2HHHJ2B12W0TQJK6C40QVC
usvy_01GW2HQV3E95FFZHCF9EPXD2AC,usog_01GW2HHHJ2B12W0TQJK6C40QVC
usvy_01GW2HQV3ES3XAK4ET94H64HTH,usog_01GW2HHHJ3PQQ2XHK0AGDWCFJB
usvy_01GW2HQV3ES3XAK4ET94H64HTH,usog_01GW2HHHJ23WPP795Y15Q870KV
usvy_01GW2HQV3E1BYX6CEA5RXKG8ND,usog_01GW2HHHJ20BNN1QNFSKCFZJY0
usvy_01GW2HQV3E1BYX6CEA5RXKG8ND,usog_01GW2HHHJ2QDQXKF5NP5RS5Y39
usvy_01GW2HQV3E1BYX6CEA5RXKG8ND,usog_01GW2HHHJ3N748VNX751AY4KPE
usvy_01GW2HQV3ENSJRK6C2DFZXVWFZ,usog_01GW2HHHJ23WPP795Y15Q870KV
usvy_01GW2HQV3F209S75PW1EQT6RM5,usog_01GW2HHHJ2B12W0TQJK6C40QVC
usvy_01GW2HQV3FMPBM8F1V987S2RPV,usog_01GW2HHHJ2B12W0TQJK6C40QVC
usvy_01GW2HQV3FXBQ1A9PNHY0QR20Z,usog_01GW2HHHJ3N748VNX751AY4KPE
usvy_01GW2HQV3F29V6J7179BYVGBQ9,usog_01GW2HHHJ23WPP795Y15Q870KV
usvy_01GW2HQV3F61JA9WTTD7N8AQPT,usog_01GW2HHHJ2B12W0TQJK6C40QVC
usvy_01GW2HQV3F1MQZ5595758J1SCQ,usog_01GW2HHHJ2B12W0TQJK6C40QVC
usvy_01GW2HQV3F1MQZ5595758J1SCQ,usog_01GW2HHHJ23WPP795Y15Q870KV
usvy_01GW2HQV3GB19BXP9SEV9NB4NN,usog_01GW2HHHJ3N748VNX751AY4KPE
usvy_01GW2HQV3GVW9M52N9MYHHGWJF,usog_01GW2HHHJ23WPP795Y15Q870KV
usvy_01GW2HQV3GBHA2FDNZY93PGZ7D,usog_01GW2HHHJ20BNN1QNFSKCFZJY0
usvy_01GW2HQV3GDX79MS8DYARB9E9F,usog_01GW2HHHJ2B12W0TQJK6C40QVC
usvy_01GW2HQV3GRC5896D8PEPSE5D8,usog_01GW2HHHJ2Z9CG508G0Y7DYPGE
usvy_01GW2HQV3HNTSE1CKZ3YG8QF47,usog_01GW2HHHJ3PQQ2XHK0AGDWCFJB
usvy_01GW2HQV3HNTSE1CKZ3YG8QF47,usog_01GW2HHHJ2WQZ68B82GX495XF8
usvy_01GW2HQV3HNTSE1CKZ3YG8QF47,usog_01GW2HHHJ2SW75W5HN05XSYPBD
usvy_01GW2HQV3HNTSE1CKZ3YG8QF47,usog_01GW2HHHJ2Z9CG508G0Y7DYPGE
usvy_01GW2HQV3HY67MBDCNHQ6JFJ5Y,usog_01GW2HHHJ2B12W0TQJK6C40QVC
usvy_01GW2HQV3HCKAE4JY2KRE7GF96,usog_01GW2HHHJ2B12W0TQJK6C40QVC
usvy_01GW2HQV3JMTYVTDFM4YYRRMCY,usog_01GW2HHHJ2B12W0TQJK6C40QVC
usvy_01GW2HQV3J6P0DSF110GGFDKWF,usog_01GW2HHHJ20BNN1QNFSKCFZJY0
usvy_01GW2HQV3JZDSNT3BCZM2517WY,usog_01GW2HHHJ2B12W0TQJK6C40QVC
usvy_01GW2HQV3JJNMX39TJ6F5F5G9X,usog_01GW2HHHJ20BNN1QNFSKCFZJY0
usvy_01GW2HQV3J2NZFQJ17FEX6D37Y,usog_01GW2HHHJ2QDQXKF5NP5RS5Y39
usvy_01GW2HQV3JCWRHFNAJ10TW6VWC,usog_01GW2HHHJ3PQQ2XHK0AGDWCFJB
usvy_01GW2HQV3J246DKFZZ6EDHAXWJ,usog_01GW2HHHJ2B12W0TQJK6C40QVC
usvy_01GW2HQV3KTKQC3SV07F8ABNA8,usog_01GW2HHHJ2Z9CG508G0Y7DYPGE
usvy_01GW2HQV3KTKQC3SV07F8ABNA8,usog_01GW2HHHJ2B12W0TQJK6C40QVC
usvy_01GW2HQV3KBYD68VF5K4VGVGAF,usog_01GW2HHHJ20BNN1QNFSKCFZJY0
usvy_01GW2HQV3KJ0JWGQ654WTGCK2K,usog_01GW2HHHJ3PQQ2XHK0AGDWCFJB
usvy_01GW2HQV3KTHVZN29G9KEPDND2,usog_01GW2HHHJ3PQQ2XHK0AGDWCFJB
usvy_01GW2HQV3K8K3GX68RZ87JQ44E,usog_01GW2HHHJ37AW3SB0Y8BDGQF8N
usvy_01GW2HQV3KQW8QA0EMDNB034KM,usog_01GW2HHHJ2QDQXKF5NP5RS5Y39
usvy_01GW2HQV3M4V9GS7PRSCRQM2FX,usog_01GW2HHHJ2B12W0TQJK6C40QVC
usvy_01GW2HQV3MYQG5XEQB1128C8FG,usog_01GW2HHHJ37AW3SB0Y8BDGQF8N
usvy_01GW2HQV3MYQG5XEQB1128C8FG,usog_01GW2HHHJ23WPP795Y15Q870KV
usvy_01GW2HQV3MWVV6XPWMM1MPWWR1,usog_01GW2HHHJ2WQZ68B82GX495XF8
usvy_01GW2HQV3MWVV6XPWMM1MPWWR1,usog_01GW2HHHJ20BNN1QNFSKCFZJY0
usvy_01GW2HQV3MWVV6XPWMM1MPWWR1,usog_01GW2HHHJ24AEGCKRWGJBM40VH
usvy_01GW2HQV3ME5T7Z3TWPHDATGZ1,usog_01GW2HHHJ20BNN1QNFSKCFZJY0
usvy_01GW2HQV3N65Q07HWRBQ85QS72,usog_01GW2HHHJ3N748VNX751AY4KPE
usvy_01GW2HQV3NMZVPA0PXMTHQTH8F,usog_01GW2HHHJ20BNN1QNFSKCFZJY0
usvy_01GW2HQV3N4NSTKQRS6EH62TNJ,usog_01GW2HHHJ2WQZ68B82GX495XF8
usvy_01GW2HQV3N5Y3XC79KHPJP4DHG,usog_01GW2HHHJ3PQQ2XHK0AGDWCFJB
usvy_01GW2HQV3N7P7MZYY1STRHMKHG,usog_01GW2HHHJ2Z9CG508G0Y7DYPGE
usvy_01GW2HQV3P5Y26NQYV0N8DX511,usog_01GW2HHHJ3PQQ2XHK0AGDWCFJB
usvy_01GW2HQV3P5Y26NQYV0N8DX511,usog_01GW2HHHJ2DHFBR3CMFMCYH0K5
usvy_01GW2HQV3P98WYGSXWK97W2QM1,usog_01GW2HHHJ23WPP795Y15Q870KV
usvy_01GW2HQV3PFEYFHZXEN7FY15HE,usog_01GW2HHHJ3N748VNX751AY4KPE
usvy_01GW2HQV3PNB8PDDYZDA4MANBV,usog_01GW2HHHJ2B12W0TQJK6C40QVC
usvy_01GW2HQV3PDDARDP6T1DY755E4,usog_01GW2HHHJ2B12W0TQJK6C40QVC
usvy_01GW2HQV3PDDARDP6T1DY755E4,usog_01GW2HHHJ2QDQXKF5NP5RS5Y39
usvy_01GW2HQV3PDDARDP6T1DY755E4,usog_01GW2HHHJ20BNN1QNFSKCFZJY0
usvy_01GW2HQV3PDDARDP6T1DY755E4,usog_01GW2HHHJ3PQQ2XHK0AGDWCFJB
usvy_01GW2HQV3PDDARDP6T1DY755E4,usog_01GW2HHHJ2HH62GFVMWJCSA4XT
usvy_01GW2HQV3PDDARDP6T1DY755E4,usog_01GW2HHHJ2SW75W5HN05XSYPBD
usvy_01GW2HQV3PDDARDP6T1DY755E4,usog_01GW2HHHJ2Z9CG508G0Y7DYPGE
usvy_01GW2HQV3PDDARDP6T1DY755E4,usog_01GW2HHHJ2DHFBR3CMFMCYH0K5
usvy_01GW2HQV3PDDARDP6T1DY755E4,usog_01GW2HHHJ2WQZ68B82GX495XF8
usvy_01GW2HQV3QG24BPVF7CZPK1JK8,usog_01GW2HHHJ3N748VNX751AY4KPE
usvy_01GW2HQV3QG24BPVF7CZPK1JK8,usog_01GW2HHHJ37AW3SB0Y8BDGQF8N
usvy_01GW2HQV3QAXEQ3199KZ1ER7AD,usog_01GW2HHHJ23WPP795Y15Q870KV
usvy_01GW2HQV3QPT8FG5S73WMETSXB,usog_01GW2HHHJ2B12W0TQJK6C40QVC
usvy_01GW2HQV3QSM3FAE8N9679KR10,usog_01GW2HHHJ23WPP795Y15Q870KV
usvy_01GW2HQV3RBKGAW44S5SC7B4AD,usog_01GW2HHHJ23WPP795Y15Q870KV
usvy_01GW2HQV3R00RMV7HK7DXA8163,usog_01GW2HHHJ2QDQXKF5NP5RS5Y39
usvy_01GW2HQV3R6BSGF8A2V1EVBWK6,usog_01GW2HHHJ2B12W0TQJK6C40QVC
usvy_01GW2HQV3R6BSGF8A2V1EVBWK6,usog_01GW2HHHJ23WPP795Y15Q870KV
usvy_01GW2HQV3SBBK0YPF0QZA8DTQP,usog_01GW2HHHJ20BNN1QNFSKCFZJY0
usvy_01GW2HQV3S6JM82QGYR7Z4Q6HT,usog_01GW2HHHJ2QDQXKF5NP5RS5Y39
usvy_01GW2HQV3S0MK0X9HM4CAEBEPC,usog_01GW2HHHJ2QDQXKF5NP5RS5Y39
usvy_01GW2HQV3S0MK0X9HM4CAEBEPC,usog_01GW2HHHJ3N748VNX751AY4KPE
usvy_01GW2HQV3SFQCCXQFKX9A7KKRJ,usog_01GW2HHHJ23WPP795Y15Q870KV
usvy_01GW2HQV3S9VGP4GJEJP148A7R,usog_01GW2HHHJ2B12W0TQJK6C40QVC
usvy_01GW2HQV3S9VGP4GJEJP148A7R,usog_01GW2HHHJ23WPP795Y15Q870KV
usvy_01GW2HQV3S27F826WM0XK3SBPJ,usog_01GW2HHHJ2B12W0TQJK6C40QVC
usvy_01GW2HQV3TJARHVF38V23CPWE1,usog_01GW2HHHJ2B12W0TQJK6C40QVC
usvy_01GW2HQV3TJARHVF38V23CPWE1,usog_01GW2HHHJ2WQZ68B82GX495XF8
usvy_01GW2HQV3TJARHVF38V23CPWE1,usog_01GW2HHHJ23WPP795Y15Q870KV
usvy_01GW2HQV3TXRAK460EM5HF5MKZ,usog_01GW2HHHJ3PQQ2XHK0AGDWCFJB
usvy_01GW2HQV3TQ9ZB50VASCEBBHFP,usog_01GW2HHHJ24AEGCKRWGJBM40VH
usvy_01GW2HQV3TN5A046XZ1KPR671V,usog_01GW2HHHJ23WPP795Y15Q870KV
usvy_01GW2HQV3TT63T8RY8MDFR73VW,usog_01GW2HHHJ2B12W0TQJK6C40QVC
usvy_01GW2HQV3TWA927C99139EH691,usog_01GW2HHHJ2WQZ68B82GX495XF8
usvy_01GW2HQV3TYYXDDBC9N1ABAKB2,usog_01GW2HHHJ2B12W0TQJK6C40QVC
usvy_01GW2HQV3V6S2PNGHSW3K4FXV8,usog_01GW2HHHJ2B12W0TQJK6C40QVC
usvy_01GW2HQV3VQXVZQS58Q7PBN61Q,usog_01GW2HHHJ2B12W0TQJK6C40QVC
usvy_01GW2HQV3VJVMPY68R0AHWJBV0,usog_01GW2HHHJ2QDQXKF5NP5RS5Y39
usvy_01GW2HQV3VR9TTGF6YH9GS50SJ,usog_01GW2HHHJ23WPP795Y15Q870KV
usvy_01GW2HQV3VS4FS7TBD3ZAZ47VY,usog_01GW2HHHJ2QDQXKF5NP5RS5Y39
usvy_01GW2HQV3V6RBB4EN6ES3QXZWR,usog_01GW2HHHJ2B12W0TQJK6C40QVC
usvy_01GW2HQV3WNC1BB65772S9T2JS,usog_01GW2HHHJ20BNN1QNFSKCFZJY0
usvy_01GW2HQV3WZ6G4CPCTQ34GDN3Z,usog_01GW2HHHJ20BNN1QNFSKCFZJY0
usvy_01GW2HQV3WV0EDPST2Y7DFN53S,usog_01GW2HHHJ2HH62GFVMWJCSA4XT
usvy_01GW2HQV3WV0EDPST2Y7DFN53S,usog_01GW2HHHJ23WPP795Y15Q870KV
usvy_01GW2HQV3WMVSW4RNGN7WTPSYY,usog_01GW2HHHJ20BNN1QNFSKCFZJY0
usvy_01GW2HQV3WE8WC5EE0RZ5HGN9R,usog_01GW2HHHJ2B12W0TQJK6C40QVC
usvy_01GW2HQV3WE8WC5EE0RZ5HGN9R,usog_01GW2HHHJ20BNN1QNFSKCFZJY0
usvy_01GW2HQV3WSZTRXQFZ90TYBXD6,usog_01GW2HHHJ2B12W0TQJK6C40QVC
usvy_01GW2HQV3WSZTRXQFZ90TYBXD6,usog_01GW2HHHJ23WPP795Y15Q870KV
usvy_01GW2HQV3WSZTRXQFZ90TYBXD6,usog_01GW2HHHJ20BNN1QNFSKCFZJY0
usvy_01GW2HQV3XSFN2288MD5691T5M,usog_01GW2HHHJ2B12W0TQJK6C40QVC
usvy_01GW2HQV3XB23NT95QZXC7XYEV,usog_01GW2HHHJ2B12W0TQJK6C40QVC
usvy_01GW2HQV3X6C7C0527J7APYAAA,usog_01GW2HHHJ3PQQ2XHK0AGDWCFJB
usvy_01GW2HQV3X6C7C0527J7APYAAA,usog_01GW2HHHJ2QDQXKF5NP5RS5Y39
usvy_01GW2HQV3XHYQWF8YDP379AHQJ,usog_01GW2HHHJ20BNN1QNFSKCFZJY0
usvy_01GW2HQV3XHYQWF8YDP379AHQJ,usog_01GW2HHHJ2B12W0TQJK6C40QVC
usvy_01GW2HQV3XHYQWF8YDP379AHQJ,usog_01GW2HHHJ23WPP795Y15Q870KV
usvy_01GW2HQV3X6TR9RCFYMNN648YM,usog_01GW2HHHJ3PQQ2XHK0AGDWCFJB
usvy_01GW2HQV3X6TR9RCFYMNN648YM,usog_01GW2HHHJ23WPP795Y15Q870KV
usvy_01GW2HQV3XYR109128DXZ237AG,usog_01GW2HHHJ2QDQXKF5NP5RS5Y39
usvy_01GW2HQV3XYR109128DXZ237AG,usog_01GW2HHHJ3N748VNX751AY4KPE
usvy_01GW2HQV3YRN8675SCCTK6DXBB,usog_01GW2HHHJ2B12W0TQJK6C40QVC
usvy_01GW2HQV3Y3BSYZW4DK9FXQMVS,usog_01GW2HHHJ2B12W0TQJK6C40QVC
usvy_01GW2HQV3YDVDCBYHKFW1ZX03R,usog_01GW2HHHJ3PQQ2XHK0AGDWCFJB
usvy_01GW2HQV3YDVDCBYHKFW1ZX03R,usog_01GW2HHHJ2DHFBR3CMFMCYH0K5
usvy_01GW2HQV3YBXQEKQK149A3M52E,usog_01GW2HHHJ2B12W0TQJK6C40QVC
usvy_01GW2HQV3Y90BP830TDXJAPF2C,usog_01GW2HHHJ3PQQ2XHK0AGDWCFJB
usvy_01GW2HQV3Y90BP830TDXJAPF2C,usog_01GW2HHHJ2Z9CG508G0Y7DYPGE
usvy_01GW2HQV3Y90BP830TDXJAPF2C,usog_01GW2HHHJ23WPP795Y15Q870KV
usvy_01GW2HQV3YJ1XKANW0RNVY95F7,usog_01GW2HHHJ2B12W0TQJK6C40QVC
usvy_01GW2HQV3ZD77A64TSYKTPPHG8,usog_01GW2HHHJ3PQQ2XHK0AGDWCFJB
usvy_01GW2HQV3ZD77A64TSYKTPPHG8,usog_01GW2HHHJ2DHFBR3CMFMCYH0K5
usvy_01GW2HQV3ZW4CGJ4CWAQD9PCR9,usog_01GW2HHHJ2B12W0TQJK6C40QVC
usvy_01GW2HQV3ZQ4TMNH2S6VS848QC,usog_01GW2HHHJ2B12W0TQJK6C40QVC
usvy_01GW2HQV3ZDN2FWVBC05QGVW9M,usog_01GW2HHHJ2QDQXKF5NP5RS5Y39
usvy_01GW2HQV3ZMZ5068HKBPCKG8K8,usog_01GW2HHHJ37AW3SB0Y8BDGQF8N
usvy_01GW2HQV3Z417N00Z3WZXT29Q6,usog_01GW2HHHJ3PQQ2XHK0AGDWCFJB
usvy_01GW2HQV40TWQKPXWQ4DHSWEYQ,usog_01GW2HHHJ2B12W0TQJK6C40QVC
usvy_01GW2HQV40Y1CX2K93MF2MC6CN,usog_01GW2HHHJ23WPP795Y15Q870KV
usvy_01GW2HQV40H6W08EZ7FCT4RS55,usog_01GW2HHHJ2Z9CG508G0Y7DYPGE
usvy_01GW2HQV40H6W08EZ7FCT4RS55,usog_01GW2HHHJ3PQQ2XHK0AGDWCFJB
usvy_01GW2HQV40H6W08EZ7FCT4RS55,usog_01GW2HHHJ2DHFBR3CMFMCYH0K5
usvy_01GW2HQV40H6W08EZ7FCT4RS55,usog_01GW2HHHJ24AEGCKRWGJBM40VH
usvy_01GW2HQV40H6W08EZ7FCT4RS55,usog_01GW2HHHJ2WQZ68B82GX495XF8
usvy_01GW2HQV40YM12D48TRPCT8BMS,usog_01GW2HHHJ2QDQXKF5NP5RS5Y39
usvy_01GW2HQV40YM12D48TRPCT8BMS,usog_01GW2HHHJ20BNN1QNFSKCFZJY0
usvy_01GW2HQV402N24962FXQD0R9B0,usog_01GW2HHHJ2B12W0TQJK6C40QVC
usvy_01GW2HQV40YY62370MFM29RZHZ,usog_01GW2HHHJ2B12W0TQJK6C40QVC
usvy_01GW2HQV40C3KRCZR9126DD36A,usog_01GW2HHHJ3PQQ2XHK0AGDWCFJB
usvy_01GW2HQV41WA1NGPRN4Q4HE7YR,usog_01GW2HHHJ20BNN1QNFSKCFZJY0
usvy_01GW2HQV41FTYQNF6K9QG32C24,usog_01GW2HHHJ3PQQ2XHK0AGDWCFJB
usvy_01GW2HQV41GK43G9ACE728CZNJ,usog_01GW2HHHJ23WPP795Y15Q870KV
usvy_01GW2HQV411MQB1DYH4RQ5NKW0,usog_01GW2HHHJ2B12W0TQJK6C40QVC
usvy_01GW2HQV410RX5DCB72927W7F2,usog_01GW2HHHJ2B12W0TQJK6C40QVC
usvy_01GW2HQV42D4FKYYJVZSX2MRAR,usog_01GW2HHHJ2B12W0TQJK6C40QVC
usvy_01GW2HQV42D4FKYYJVZSX2MRAR,usog_01GW2HHHJ2Z9CG508G0Y7DYPGE
usvy_01GW2HQV42RZS5YM6FYWWZX01Q,usog_01GW2HHHJ20BNN1QNFSKCFZJY0
usvy_01GW2HQV433DBB5H8WT7ZBDD87,usog_01GW2HHHJ23WPP795Y15Q870KV
usvy_01GW2HQV43ZDE2D7RAAKYZM0VK,usog_01GW2HHHJ2B12W0TQJK6C40QVC
usvy_01GW2HQV4323WAP42DJ45JKBZ9,usog_01GW2HHHJ2WQZ68B82GX495XF8
usvy_01GW2HQV4323WAP42DJ45JKBZ9,usog_01GW2HHHJ2B12W0TQJK6C40QVC
usvy_01GW2HQV44ZW9E3EWPFVZ1N4ZN,usog_01GW2HHHJ20BNN1QNFSKCFZJY0
usvy_01GW2HQV44ZW9E3EWPFVZ1N4ZN,usog_01GW2HHHJ2B12W0TQJK6C40QVC
usvy_01GW2HQV44GFQQ2GWXA9X092CP,usog_01GW2HHHJ2B12W0TQJK6C40QVC
usvy_01GW2HQV44EBYRAHB77QV8TXM1,usog_01GW2HHHJ3PQQ2XHK0AGDWCFJB
usvy_01GW2HQV44BY8VCJV8899WBN6S,usog_01GW2HHHJ37AW3SB0Y8BDGQF8N
usvy_01GW2HQV443Y5WD325ETM7XSQG,usog_01GW2HHHJ2QDQXKF5NP5RS5Y39
usvy_01GW2HQV44GRVG78Y6WPT1YQ0E,usog_01GW2HHHJ23WPP795Y15Q870KV
usvy_01GW2HQV442KPPZBE56RJDEDWV,usog_01GW2HHHJ3PQQ2XHK0AGDWCFJB
usvy_01GW2HQV442KPPZBE56RJDEDWV,usog_01GW2HHHJ23WPP795Y15Q870KV
usvy_01GW2HQV4555ZZR8KR5FNYFC07,usog_01GW2HHHJ2B12W0TQJK6C40QVC
usvy_01GW2HQV454GCSQAQAQ9VTWFCC,usog_01GW2HHHJ2B12W0TQJK6C40QVC
usvy_01GW2HQV45586VZTTPFKSM4S1R,usog_01GW2HHHJ2QDQXKF5NP5RS5Y39
usvy_01GW2HQV45586VZTTPFKSM4S1R,usog_01GW2HHHJ3PQQ2XHK0AGDWCFJB
usvy_01GW2HQV45MFEC04182HYF5VNY,usog_01GW2HHHJ2B12W0TQJK6C40QVC
usvy_01GW2HQV468QDAD565J80G90BZ,usog_01GW2HHHJ2B12W0TQJK6C40QVC
usvy_01GW2HQV46WWV08BV5KBKXEPX9,usog_01GW2HHHJ2B12W0TQJK6C40QVC
usvy_01GW2HQV46D0CYAD4ZBAQJ9Q33,usog_01GW2HHHJ2HH62GFVMWJCSA4XT
usvy_01GW2HQV46FNPRPSXK7VSQWPT2,usog_01GW2HHHJ2B12W0TQJK6C40QVC
usvy_01GW2HQV46FNPRPSXK7VSQWPT2,usog_01GW2HHHJ23WPP795Y15Q870KV
usvy_01GW2HQV46NVTZ9BSKGJ8EFGHY,usog_01GW2HHHJ3N748VNX751AY4KPE
usvy_01GW2HQV47DV7Z1A2VRM1EKXZ4,usog_01GW2HHHJ2B12W0TQJK6C40QVC
usvy_01GW2HQV47MZKNDAXJ2ZSZ1BGJ,usog_01GW2HHHJ20BNN1QNFSKCFZJY0
usvy_01GW2HQV47K53BR6E89N145Z3B,usog_01GW2HHHJ23WPP795Y15Q870KV
usvy_01GW2HQV47K53BR6E89N145Z3B,usog_01GW2HHHJ24AEGCKRWGJBM40VH
usvy_01GW2HQV479J2BD1H3CFY8P4VN,usog_01GW2HHHJ2B12W0TQJK6C40QVC
usvy_01GW2HQV47WSXBC23G3GKD4W15,usog_01GW2HHHJ2DHFBR3CMFMCYH0K5
usvy_01GW2HQV47WSXBC23G3GKD4W15,usog_01GW2HHHJ2B12W0TQJK6C40QVC
usvy_01GW2HQV47WSXBC23G3GKD4W15,usog_01GW2HHHJ20BNN1QNFSKCFZJY0
usvy_01GW2HQV47WSXBC23G3GKD4W15,usog_01GW2HHHJ23WPP795Y15Q870KV
usvy_01GW2HQV486H6ZF7SSA621182Q,usog_01GW2HHHJ2B12W0TQJK6C40QVC
usvy_01GW2HQV48XNBPP9581CS7CC9N,usog_01GW2HHHJ23WPP795Y15Q870KV
usvy_01GW2HQV48V9TP8PWMT8BGAJSG,usog_01GW2HHHJ2B12W0TQJK6C40QVC
usvy_01GW2HQV480JD4RB492EC4CCXX,usog_01GW2HHHJ2B12W0TQJK6C40QVC
usvy_01GW2HQV49TN9ADJ028HKSGKVS,usog_01GW2HHHJ20BNN1QNFSKCFZJY0
usvy_01GW2HQV49FCPZQ3SQB2GRCT50,usog_01GW2HHHJ2QDQXKF5NP5RS5Y39
usvy_01GW2HQV49PT7HTADZSJ88RD2W,usog_01GW2HHHJ2WQZ68B82GX495XF8
usvy_01GW2HQV49PT7HTADZSJ88RD2W,usog_01GW2HHHJ2SW75W5HN05XSYPBD
usvy_01GW2HQV497BYJC3QJ06HWV59G,usog_01GW2HHHJ3N748VNX751AY4KPE
usvy_01GW2HQV49D2GN2P5NGXH6GPND,usog_01GW2HHHJ23WPP795Y15Q870KV
usvy_01GW2HQV494A3PTYB44G80692M,usog_01GW2HHHJ23WPP795Y15Q870KV
usvy_01GW2HQV494A3PTYB44G80692M,usog_01GW2HHHJ2SW75W5HN05XSYPBD
usvy_01GW2HQV494A3PTYB44G80692M,usog_01GW2HHHJ37AW3SB0Y8BDGQF8N
usvy_01GW2HQV49CKP7DWPKP5PCCNR4,usog_01GW2HHHJ20BNN1QNFSKCFZJY0
usvy_01GW2HQV49CKP7DWPKP5PCCNR4,usog_01GW2HHHJ3PQQ2XHK0AGDWCFJB
usvy_01GW2HQV49CKP7DWPKP5PCCNR4,usog_01GW2HHHJ3N748VNX751AY4KPE
usvy_01GW2HQV4AYAZN05HG3MZAA59Y,usog_01GW2HHHJ20BNN1QNFSKCFZJY0
usvy_01GW2HQV4AYAZN05HG3MZAA59Y,usog_01GW2HHHJ2B12W0TQJK6C40QVC
usvy_01GW2HQV4ATEY9R0T9VGM8J443,usog_01GW2HHHJ2QDQXKF5NP5RS5Y39
usvy_01GW2HQV4ATEY9R0T9VGM8J443,usog_01GW2HHHJ3N748VNX751AY4KPE
usvy_01GW2HQV4AXAB2HS0BCBXR3MMH,usog_01GW2HHHJ2B12W0TQJK6C40QVC
usvy_01GW2HQV4AXAB2HS0BCBXR3MMH,usog_01GW2HHHJ20BNN1QNFSKCFZJY0
usvy_01GW2HQV4ATARWGBX21WVW63SP,usog_01GW2HHHJ3PQQ2XHK0AGDWCFJB
usvy_01GW2HQV4A4QYHGNAFHGG07RBE,usog_01GW2HHHJ2B12W0TQJK6C40QVC
usvy_01GW2HQV4BS6XMQSBAM2RXAX1E,usog_01GW2HHHJ3PQQ2XHK0AGDWCFJB
usvy_01GW2HQV4BRK4C0WGCV18A0CTC,usog_01GW2HHHJ2B12W0TQJK6C40QVC
usvy_01H29GA9PEX3DNJ0M2NK9AWEH3,usog_01GW2HHHJ20BNN1QNFSKCFZJY0
usvy_01H29GA9PEAP5VHCAQ2NVWRYR8,usog_01GW2HHHJ2QDQXKF5NP5RS5Y39
usvy_01H29GA9PEZFEH8J4BZGXQ5C9M,usog_01GW2HHHJ20BNN1QNFSKCFZJY0
usvy_01H29GA9PEZFEH8J4BZGXQ5C9M,usog_01GW2HHHJ23WPP795Y15Q870KV
usvy_01H29GA9PEZFEH8J4BZGXQ5C9M,usog_01GW2HHHJ2B12W0TQJK6C40QVC
usvy_01H29GA9PF6Q2J2FDFEVWXKWBH,usog_01GW2HHHJ2QDQXKF5NP5RS5Y39
usvy_01H29GA9PFJCS2G8131Y44SFFA,usog_01GW2HHHJ2WQZ68B82GX495XF8
usvy_01H29GA9PFYCADB3GR50TPAKDB,usog_01GW2HHHJ2B12W0TQJK6C40QVC
usvy_01H29GA9PGEGHYGD7NGTQ8PM6T,usog_01GW2HHHJ20BNN1QNFSKCFZJY0
usvy_01H29GA9PGWC3FZM3HW463YERC,usog_01GW2HHHJ2B12W0TQJK6C40QVC
usvy_01H29GA9PHT0NRGZD8Y7WB8SP0,usog_01GW2HHHJ2QDQXKF5NP5RS5Y39
usvy_01H29GA9PHB487E5Q85C4T8FAW,usog_01GW2HHHJ2WQZ68B82GX495XF8
usvy_01H29GA9PHB487E5Q85C4T8FAW,usog_01GW2HHHJ3N748VNX751AY4KPE
usvy_01H29GA9PHFW9DGHBF8XZQ4ET8,usog_01GW2HHHJ2B12W0TQJK6C40QVC
usvy_01H29GA9PJTTGF362SK182VG5T,usog_01GW2HHHJ3PQQ2XHK0AGDWCFJB
usvy_01H29GA9PJTTGF362SK182VG5T,usog_01GW2HHHJ2Z9CG508G0Y7DYPGE
usvy_01H29GA9PJTTGF362SK182VG5T,usog_01GW2HHHJ2DHFBR3CMFMCYH0K5
usvy_01H29GA9PJDDX4YNTZ4YDZXPSX,usog_01GW2HHHJ3PQQ2XHK0AGDWCFJB
usvy_01H29GA9PJDDX4YNTZ4YDZXPSX,usog_01GW2HHHJ3N748VNX751AY4KPE
usvy_01H29GA9PJMJVX63MD4PVKYGEY,usog_01GW2HHHJ20BNN1QNFSKCFZJY0
usvy_01H29GA9PJMJVX63MD4PVKYGEY,usog_01GW2HHHJ2DHFBR3CMFMCYH0K5
usvy_01H29GA9PJMJVX63MD4PVKYGEY,usog_01GW2HHHJ2WQZ68B82GX495XF8
usvy_01H29GA9PJMJVX63MD4PVKYGEY,usog_01GW2HHHJ2B12W0TQJK6C40QVC
usvy_01H29GA9PJMJVX63MD4PVKYGEY,usog_01GW2HHHJ2Z9CG508G0Y7DYPGE
usvy_01H29GA9PJMJVX63MD4PVKYGEY,usog_01GW2HHHJ3N748VNX751AY4KPE
usvy_01H29GA9PKHHA7CH9N8982QVCE,usog_01GW2HHHJ2B12W0TQJK6C40QVC
usvy_01H29GA9PKHHA7CH9N8982QVCE,usog_01GW2HHHJ2Z9CG508G0Y7DYPGE
usvy_01H29GA9PKHHA7CH9N8982QVCE,usog_01GW2HHHJ2DHFBR3CMFMCYH0K5
usvy_01H29GA9PKHHA7CH9N8982QVCE,usog_01GW2HHHJ2HH62GFVMWJCSA4XT
usvy_01H29GA9PKHHA7CH9N8982QVCE,usog_01GW2HHHJ2WQZ68B82GX495XF8
usvy_01H29GA9PKHHA7CH9N8982QVCE,usog_01GW2HHHJ3PQQ2XHK0AGDWCFJB
usvy_01H29GA9PKZ3M5GG02W6DF2FMF,usog_01GW2HHHJ3PQQ2XHK0AGDWCFJB
usvy_01H29GA9PKRH7N5Q2F3R48MPXQ,usog_01GW2HHHJ3PQQ2XHK0AGDWCFJB
usvy_01H29GA9PKRH7N5Q2F3R48MPXQ,usog_01GW2HHHJ2DHFBR3CMFMCYH0K5
usvy_01H29GA9PMQH6C9E540AZ4QCTQ,usog_01GW2HHHJ3PQQ2XHK0AGDWCFJB
usvy_01H29GA9PMQH6C9E540AZ4QCTQ,usog_01GW2HHHJ20BNN1QNFSKCFZJY0
usvy_01H29GA9PM65DHF2R3M6ZNYP4N,usog_01GW2HHHJ2B12W0TQJK6C40QVC
usvy_01H29GA9PM3NMG0QBBV19F4JEX,usog_01GW2HHHJ2B12W0TQJK6C40QVC
usvy_01H29GA9PNEYHFT0Y4GB5PPB75,usog_01GW2HHHJ2B12W0TQJK6C40QVC
usvy_01H29GA9PNH0KFP6D8W7DXT2ZM,usog_01GW2HHHJ3PQQ2XHK0AGDWCFJB
usvy_01H29GA9PNH0KFP6D8W7DXT2ZM,usog_01GW2HHHJ2DHFBR3CMFMCYH0K5
usvy_01H29GA9PNH0KFP6D8W7DXT2ZM,usog_01GW2HHHJ2WQZ68B82GX495XF8
usvy_01H29GA9PNS3QK5P93F6H467XE,usog_01GW2HHHJ2B12W0TQJK6C40QVC
usvy_01H29GA9PNS3QK5P93F6H467XE,usog_01GW2HHHJ20BNN1QNFSKCFZJY0
usvy_01H29GA9PN9TZSM01JR9KAZTQA,usog_01GW2HHHJ3PQQ2XHK0AGDWCFJB
usvy_01H29GA9PN9TZSM01JR9KAZTQA,usog_01GW2HHHJ23WPP795Y15Q870KV
usvy_01H29GA9PPZ1PT80HZKKX748ZG,usog_01GW2HHHJ2B12W0TQJK6C40QVC
usvy_01H29GA9PPWJ6QQVWMBMK6CRFE,usog_01GW2HHHJ2B12W0TQJK6C40QVC
usvy_01H29GA9PPG39NPY3C22TDDC2M,usog_01GW2HHHJ2B12W0TQJK6C40QVC
usvy_01H29GA9PQDYDHCQBTVF5WCKJS,usog_01GW2HHHJ23WPP795Y15Q870KV
usvy_01H29GA9PQ9VA0212QAH1RWYCG,usog_01GW2HHHJ23WPP795Y15Q870KV
usvy_01H29GA9PQS91H82VA7RA70ECS,usog_01GW2HHHJ2B12W0TQJK6C40QVC
usvy_01H29GA9PQD994V2DPDSD59YG6,usog_01GW2HHHJ2B12W0TQJK6C40QVC
usvy_01H29GA9PR8BB464R2VH1R0S15,usog_01GW2HHHJ2B12W0TQJK6C40QVC
usvy_01H29GA9PREJ4DTE4SHC70GKNB,usog_01GW2HHHJ2B12W0TQJK6C40QVC
usvy_01H29GA9PRYN16S3YFMNBYDKD5,usog_01GW2HHHJ2B12W0TQJK6C40QVC
usvy_01H29GA9PSTBKWBJAYS7A4YGTV,usog_01GW2HHHJ2QDQXKF5NP5RS5Y39
usvy_01H29GA9PSZ7DGM29WS4ACKRKV,usog_01GW2HHHJ2QDQXKF5NP5RS5Y39
usvy_01H29GA9PSZ7DGM29WS4ACKRKV,usog_01GW2HHHJ20BNN1QNFSKCFZJY0
usvy_01H29GA9PS21GZN35VEBC1N0N7,usog_01GW2HHHJ23WPP795Y15Q870KV
usvy_01H29GA9PT4W3V4VSGBPD5X88V,usog_01GW2HHHJ37AW3SB0Y8BDGQF8N
usvy_01H29GA9PT4W3V4VSGBPD5X88V,usog_01GW2HHHJ23WPP795Y15Q870KV
usvy_01H29GA9PTPJG26TYXKEVDQTM1,usog_01GW2HHHJ23WPP795Y15Q870KV
usvy_01H29GA9PTZSV0JDESVP65V8G0,usog_01GW2HHHJ2QDQXKF5NP5RS5Y39
usvy_01H29GA9PT0AGYT0BBS497Q0TN,usog_01GW2HHHJ3N748VNX751AY4KPE
usvy_01H29GA9PV8ZFJRP040TSAR3C1,usog_01GW2HHHJ2B12W0TQJK6C40QVC
usvy_01H29GA9PVEBMRHHK0TS46W3EV,usog_01GW2HHHJ2B12W0TQJK6C40QVC
usvy_01H29GA9PVG88RGGRX5WDARTGV,usog_01GW2HHHJ2B12W0TQJK6C40QVC
usvy_01H29GA9PW9VHP3XESGKWH813J,usog_01GW2HHHJ2B12W0TQJK6C40QVC
usvy_01H29GA9PW9VHP3XESGKWH813J,usog_01GW2HHHJ20BNN1QNFSKCFZJY0
usvy_01H29GA9PWZHTHGZSVS9WN54HZ,usog_01GW2HHHJ2B12W0TQJK6C40QVC
usvy_01H29GA9PW1C8EG9CV1DQGX4AJ,usog_01GW2HHHJ2B12W0TQJK6C40QVC
usvy_01H29GA9PW1C8EG9CV1DQGX4AJ,usog_01GW2HHHJ2Z9CG508G0Y7DYPGE
usvy_01H29GA9PW1C8EG9CV1DQGX4AJ,usog_01GW2HHHJ23WPP795Y15Q870KV
usvy_01H29GA9PXGXBX7JPR9NC3AAFN,usog_01GW2HHHJ20BNN1QNFSKCFZJY0
usvy_01H3ZHA2N1E0QK1K950CHM8JZX,usog_01GW2HHHJ2B12W0TQJK6C40QVC
usvy_01H3ZHA2N1E0QK1K950CHM8JZX,usog_01GW2HHHJ3PQQ2XHK0AGDWCFJB
usvy_01H3ZHRB19TQKJRPC316JHPX63,usog_01GW2HHHJ2B12W0TQJK6C40QVC
usvy_01H3ZHRB19TQKJRPC316JHPX63,usog_01GW2HHHJ2QDQXKF5NP5RS5Y39
usvy_01H3ZHRB19TQKJRPC316JHPX63,usog_01GW2HHHJ2WQZ68B82GX495XF8
usvy_01H3ZHRB19TQKJRPC316JHPX63,usog_01GW2HHHJ3N748VNX751AY4KPE
usvy_01H3ZMVT1Y5PXEQWXY8VPDKJVM,usog_01GW2HHHJ20BNN1QNFSKCFZJY0
usvy_01H401GKS4M23QPQ5JK3ESAGQS,usog_01GW2HHHJ23WPP795Y15Q870KV
usvy_01H401GKS4M23QPQ5JK3ESAGQS,usog_01GW2HHHJ2B12W0TQJK6C40QVC
usvy_01H41PFBANJAVBJN26D1FKXRM3,usog_01GW2HHHJ2B12W0TQJK6C40QVC
usvy_01H41PFBANJAVBJN26D1FKXRM3,usog_01GW2HHHJ2SW75W5HN05XSYPBD
usvy_01H41PFBANJAVBJN26D1FKXRM3,usog_01GW2HHHJ2Z9CG508G0Y7DYPGE
usvy_01H41PFBANJAVBJN26D1FKXRM3,usog_01GW2HHHJ2WQZ68B82GX495XF8
usvy_01H41PFBANJAVBJN26D1FKXRM3,usog_01GW2HHHJ2HH62GFVMWJCSA4XT
usvy_01H424A2R368JBTQCP1Q6CJ06R,usog_01GW2HHHJ2B12W0TQJK6C40QVC
usvy_01H425427FY7RS474XX9PNR523,usog_01GW2HHHJ20BNN1QNFSKCFZJY0
usvy_01H428WP468T9PPV0CZ2Y8WAHG,usog_01GW2HHHJ2B12W0TQJK6C40QVC
usvy_01H42B2MJ46G8F0RN55Y9M1RZP,usog_01GW2HHHJ2B12W0TQJK6C40QVC
usvy_01H42FBPW77JST9BPT1ZN9R3H2,usog_01GW2HHHJ2B12W0TQJK6C40QVC
usvy_01H42GXBGJ0YMYXYB6RRPSP27Z,usog_01GW2HHHJ2B12W0TQJK6C40QVC
usvy_01H42NM5RZDAA3A30069MZX7CD,usog_01GW2HHHJ2B12W0TQJK6C40QVC
usvy_01H42QBYP3204JQCC0D6ZHW6TY,usog_01GW2HHHJ2B12W0TQJK6C40QVC
usvy_01H42SYMCAEJWVXTQASYAG5E9S,usog_01GW2HHHJ2B12W0TQJK6C40QVC
usvy_01H431ZQ9QBND3RY5HPVNWRS72,usog_01GW2HHHJ2B12W0TQJK6C40QVC
usvy_01H4338TRF0A6F9BS2HGRMAPJ5,usog_01GW2HHHJ2B12W0TQJK6C40QVC
usvy_01H43G3MF34SAPHHPTPHMFZFMY,usog_01GW2HHHJ2B12W0TQJK6C40QVC
usvy_01H44CTVD86PREFP7C87NWMNV3,usog_01GW2HHHJ2B12W0TQJK6C40QVC
usvy_01H44DY9BN31RRJ92QMART0XF0,usog_01GW2HHHJ20BNN1QNFSKCFZJY0
usvy_01H44V83Y36M6PX30GNQP4AEM9,usog_01GW2HHHJ2B12W0TQJK6C40QVC
usvy_01H45964BMH3VNH9VTXW24AC4W,usog_01GW2HHHJ2B12W0TQJK6C40QVC
usvy_01H45C5DZ7NCRWRVS9A4ZZ6RR5,usog_01GW2HHHJ20BNN1QNFSKCFZJY0
usvy_01H45FYDN866DPZ6JX9AD8HATZ,usog_01GW2HHHJ2B12W0TQJK6C40QVC
usvy_01H46NMD9HHFWS8G5020SHBHXR,usog_01GW2HHHJ2B12W0TQJK6C40QVC
usvy_01H493S3F4X3BVQ49NZ9KRF8JG,usog_01GW2HHHJ2B12W0TQJK6C40QVC
usvy_01H4EMHVTTMYDDE4CDN9DKHYXW,usog_01GW2HHHJ2Z9CG508G0Y7DYPGE
usvy_01H4J7ECGNM5PKB7N5267W229E,usog_01GW2HHHJ2QDQXKF5NP5RS5Y39
usvy_01H4KBND9R5RYRPZVFAF1174FW,usog_01GW2HHHJ2B12W0TQJK6C40QVC
usvy_01H4XQ5SGQQ1DRVRV4J45Y5JR7,usog_01GW2HHHJ20BNN1QNFSKCFZJY0
usvy_01H4XQ5SGQQ1DRVRV4J45Y5JR7,usog_01GW2HHHJ3PQQ2XHK0AGDWCFJB
usvy_01H52M7JN855PNM0QZ5SG8C6QQ,usog_01GW2HHHJ2Z9CG508G0Y7DYPGE
usvy_01H52M7JN855PNM0QZ5SG8C6QQ,usog_01GW2HHHJ2WQZ68B82GX495XF8
usvy_01H52XN9PS31C9XR79CGF2KCZE,usog_01GW2HHHJ2SW75W5HN05XSYPBD
usvy_01H52XN9PS31C9XR79CGF2KCZE,usog_01GW2HHHJ2Z9CG508G0Y7DYPGE
usvy_01H52XN9PS31C9XR79CGF2KCZE,usog_01GW2HHHJ2WQZ68B82GX495XF8
usvy_01H52XN9PS31C9XR79CGF2KCZE,usog_01GW2HHHJ3PQQ2XHK0AGDWCFJB
usvy_01H53NEP7B0G6AAMFQK9HCK2Y2,usog_01GW2HHHJ20BNN1QNFSKCFZJY0
usvy_01H53NEP7B0G6AAMFQK9HCK2Y2,usog_01GW2HHHJ23WPP795Y15Q870KV
usvy_01H5BSVTK6007339RQGGW4G7M7,usog_01GW2HHHJ2B12W0TQJK6C40QVC
usvy_01H5FN9ED6G3PPWWXFYT2A1FKB,usog_01GW2HHHJ2B12W0TQJK6C40QVC
usvy_01H5JH1VHJRJG17DYX2MBJJA4K,usog_01GW2HHHJ2B12W0TQJK6C40QVC
usvy_01H5KGT4C46BRBXHZT70ZJQ7Q4,usog_01GW2HHHJ2WQZ68B82GX495XF8
usvy_01H5KGT4C46BRBXHZT70ZJQ7Q4,usog_01GW2HHHJ2Z9CG508G0Y7DYPGE
usvy_01H5KGT4C46BRBXHZT70ZJQ7Q4,usog_01GW2HHHJ3PQQ2XHK0AGDWCFJB
usvy_01H5TTVTPNDH3HRNZZTJ8WS593,usog_01GW2HHHJ20BNN1QNFSKCFZJY0
usvy_01H64FTQ60C68BZJX9NQTRHTWM,usog_01GW2HHHJ2B12W0TQJK6C40QVC
usvy_01H64JPRN26G411TEQ8AXG9CG9,usog_01GW2HHHJ2Z9CG508G0Y7DYPGE
usvy_01H64Z1662CD6QZ8MK9KM66Y3Z,usog_01GW2HHHJ23WPP795Y15Q870KV
usvy_01H64Z1662CD6QZ8MK9KM66Y3Z,usog_01GW2HHHJ2B12W0TQJK6C40QVC
usvy_01H6BS17JQV4FMYHWP6W3395AG,usog_01GW2HHHJ2B12W0TQJK6C40QVC
usvy_01H6BS17JQV4FMYHWP6W3395AG,usog_01GW2HHHJ2Z9CG508G0Y7DYPGE
usvy_01H6C822DFX6979XSEY5NAJQTR,usog_01GW2HHHJ3N748VNX751AY4KPE
usvy_01H6C822DFX6979XSEY5NAJQTR,usog_01GW2HHHJ20BNN1QNFSKCFZJY0
usvy_01H6EA3DSANC54MBGVP9RVAKC3,usog_01GW2HHHJ20BNN1QNFSKCFZJY0
usvy_01H6EA3DSANC54MBGVP9RVAKC3,usog_01GW2HHHJ3N748VNX751AY4KPE
usvy_01H6EA3DSANC54MBGVP9RVAKC3,usog_01GW2HHHJ2QDQXKF5NP5RS5Y39
usvy_01H6GJPQ6ZSB75HWEB39ZZD3SK,usog_01GW2HHHJ2QDQXKF5NP5RS5Y39
usvy_01H6V9Y0HA7ZM3Q9D4B5CVHSHP,usog_01GW2HHHJ2B12W0TQJK6C40QVC
usvy_01H6XDK0Y6JBC532WBTM0WVWTR,usog_01GW2HHHJ2Z9CG508G0Y7DYPGE
usvy_01H6XDK0Y6JBC532WBTM0WVWTR,usog_01GW2HHHJ3PQQ2XHK0AGDWCFJB
usvy_01H6XDK0Y6JBC532WBTM0WVWTR,usog_01GW2HHHJ2WQZ68B82GX495XF8
usvy_01H7FWAATH2F61J3ZR3JN81C7D,usog_01GW2HHHJ20BNN1QNFSKCFZJY0
usvy_01H7HG2ESXW7XPYKYNFDV096XJ,usog_01GW2HHHJ2B12W0TQJK6C40QVC
usvy_01H7HG2ESXW7XPYKYNFDV096XJ,usog_01GW2HHHJ20BNN1QNFSKCFZJY0
usvy_01H8BAKRMXTXXVE9RKGWAPN7FZ,usog_01GW2HHHJ3PQQ2XHK0AGDWCFJB
usvy_01H8FZ0S3GRMQH455J8XQ52FJE,usog_01GW2HHHJ2B12W0TQJK6C40QVC
usvy_01H8FZ0S3GRMQH455J8XQ52FJE,usog_01GW2HHHJ23WPP795Y15Q870KV
usvy_01H8FZ0S3GRMQH455J8XQ52FJE,usog_01GW2HHHJ2WQZ68B82GX495XF8
usvy_01H8FZ0S3GRMQH455J8XQ52FJE,usog_01GW2HHHJ3PQQ2XHK0AGDWCFJB
usvy_01H8NA1B7QB6D20MZKQYCN9FYB,usog_01GW2HHHJ2B12W0TQJK6C40QVC
usvy_01H8XDF08YDTMA1BEEDKGH29NP,usog_01GW2HHHJ2SW75W5HN05XSYPBD
usvy_01H8XDF08YDTMA1BEEDKGH29NP,usog_01GW2HHHJ2Z9CG508G0Y7DYPGE
usvy_01H8XDF08YDTMA1BEEDKGH29NP,usog_01GW2HHHJ2WQZ68B82GX495XF8
usvy_01H8XDF08YDTMA1BEEDKGH29NP,usog_01GW2HHHJ3PQQ2XHK0AGDWCFJB
usvy_01H8YVP685N48P4GBMKXN9CS1G,usog_01GW2HHHJ20BNN1QNFSKCFZJY0
usvy_01H8YVP685N48P4GBMKXN9CS1G,usog_01GW2HHHJ2Z9CG508G0Y7DYPGE
usvy_01H8YVP685N48P4GBMKXN9CS1G,usog_01GW2HHHJ2WQZ68B82GX495XF8
usvy_01H8Z0BMGXZK2H1RDPJRJADT16,usog_01GW2HHHJ2B12W0TQJK6C40QVC
usvy_01H9H97FZ280SHYNYEPDWMAX4G,usog_01GW2HHHJ3N748VNX751AY4KPE
usvy_01H9NGKPCY7XVD6K8F9FX9DD8E,usog_01GW2HHHJ20BNN1QNFSKCFZJY0
usvy_01H9P7KN1M3ACKW2Z3W172MQ1H,usog_01GW2HHHJ20BNN1QNFSKCFZJY0
usvy_01H9PN5Z4V3H99ZY2SWKPYSNT0,usog_01GW2HHHJ20BNN1QNFSKCFZJY0
usvy_01H9PN5Z4V3H99ZY2SWKPYSNT0,usog_01GW2HHHJ3N748VNX751AY4KPE
usvy_01H9Z643TCT4TFARAVTKSC934A,usog_01GW2HHHJ20BNN1QNFSKCFZJY0
usvy_01HA23BW4GF2ZGYN5QAC245MZH,usog_01GW2HHHJ2Z9CG508G0Y7DYPGE
usvy_01HA23BW4GF2ZGYN5QAC245MZH,usog_01GW2HHHJ21DDB2R0D19R7M7JH
usvy_01HA23BW4GF2ZGYN5QAC245MZH,usog_01GW2HHHJ2QDQXKF5NP5RS5Y39
usvy_01HA23BW4GF2ZGYN5QAC245MZH,usog_01GW2HHHJ23WPP795Y15Q870KV
usvy_01HA23BW4GF2ZGYN5QAC245MZH,usog_01GW2HHHJ2WQZ68B82GX495XF8
usvy_01HA23BW4GF2ZGYN5QAC245MZH,usog_01GW2HHHJ37AW3SB0Y8BDGQF8N
usvy_01HA23BW4GF2ZGYN5QAC245MZH,usog_01GW2HHHJ3PQQ2XHK0AGDWCFJB
usvy_01HA2M0H1N7KF2KZV5F8CH2PZK,usog_01GW2HHHJ3N748VNX751AY4KPE
usvy_01HAAQGBP8A5VRGPAY1MECTBN3,usog_01GW2HHHJ37AW3SB0Y8BDGQF8N
usvy_01HACX6X4VQ7S810PHGYH17EWR,usog_01GW2HHHJ3PQQ2XHK0AGDWCFJB
usvy_01HADEXQKE285QXNB2HK5Z67DA,usog_01GW2HHHJ2DHFBR3CMFMCYH0K5
usvy_01HAGEQMVQ95W5F80KZXNCX93C,usog_01GW2HHHJ2SW75W5HN05XSYPBD
usvy_01HAGEQMVQ95W5F80KZXNCX93C,usog_01GW2HHHJ2DHFBR3CMFMCYH0K5
usvy_01HAMMYEH127V2839X44E4Q5RR,usog_01GW2HHHJ20BNN1QNFSKCFZJY0
usvy_01HAMMYEH127V2839X44E4Q5RR,usog_01GW2HHHJ2HH62GFVMWJCSA4XT
usvy_01HAMMYEH127V2839X44E4Q5RR,usog_01GW2HHHJ23WPP795Y15Q870KV
usvy_01HB4ZVWAX772M9017G4P7JEKS,usog_01GW2HHHJ20BNN1QNFSKCFZJY0
usvy_01HBEAFW2EB1TZQHP1F8S7W0HW,usog_01GW2HHHJ2B12W0TQJK6C40QVC
usvy_01HBEAFW2EB1TZQHP1F8S7W0HW,usog_01GW2HHHJ23WPP795Y15Q870KV
usvy_01HBPX8G8Q7EQJ4B3TPVC5RNX4,usog_01GW2HHHJ20BNN1QNFSKCFZJY0
usvy_01HBR5QWA7FWVZRDM000DGP2ZF,usog_01GW2HHHJ2B12W0TQJK6C40QVC
usvy_01HBVAGQN26EF90JJ23YPR8YK0,usog_01GW2HHHJ2B12W0TQJK6C40QVC
usvy_01HBVKKQMYM1T9N75HCX7ERW6T,usog_01GW2HHHJ2B12W0TQJK6C40QVC
usvy_01HBVKKQMYM1T9N75HCX7ERW6T,usog_01GW2HHHJ23WPP795Y15Q870KV
usvy_01HC96VW74CJSG8YJ4YWD1Z4X4,usog_01GW2HHHJ24AEGCKRWGJBM40VH
usvy_01HC96VW74CJSG8YJ4YWD1Z4X4,usog_01GW2HHHJ2Z9CG508G0Y7DYPGE
usvy_01HCWSCVP8ZN5GVFZ2ZAFY9ZVG,usog_01GW2HHHJ2QDQXKF5NP5RS5Y39
usvy_01HCWSCVP8ZN5GVFZ2ZAFY9ZVG,usog_01GW2HHHJ2WQZ68B82GX495XF8
usvy_01HCWSCVP8ZN5GVFZ2ZAFY9ZVG,usog_01GW2HHHJ3PQQ2XHK0AGDWCFJB
usvy_01HCWSCVP8ZN5GVFZ2ZAFY9ZVG,usog_01GW2HHHJ3N748VNX751AY4KPE
usvy_01HCWSCVP8ZN5GVFZ2ZAFY9ZVG,usog_01GW2HHHJ2DHFBR3CMFMCYH0K5
usvy_01HCZEM1HTM39JCZXB6G8Z6F9B,usog_01GW2HHHJ2WQZ68B82GX495XF8
usvy_01HCZEM1HTM39JCZXB6G8Z6F9B,usog_01GW2HHHJ2B12W0TQJK6C40QVC
usvy_01HCZEM1HTM39JCZXB6G8Z6F9B,usog_01GW2HHHJ2QDQXKF5NP5RS5Y39
usvy_01HD0KSTAKAMAE0M8R3DZDN6GQ,usog_01GW2HHHJ2B12W0TQJK6C40QVC
usvy_01HDG441Y72D362R34WXRVEJAA,usog_01GW2HHHJ2WQZ68B82GX495XF8
usvy_01HDG441Y72D362R34WXRVEJAA,usog_01GW2HHHJ3N748VNX751AY4KPE
usvy_01HDG441Y72D362R34WXRVEJAA,usog_01GW2HHHJ24AEGCKRWGJBM40VH
usvy_01HDMAR0GBR7T2VVG8136XMAMC,usog_01GW2HHHJ2Z9CG508G0Y7DYPGE
usvy_01HDMAR0GBR7T2VVG8136XMAMC,usog_01GW2HHHJ2QDQXKF5NP5RS5Y39
usvy_01HDN6N3RJ1CTR19SSGY29FRQV,usog_01GW2HHHJ2WQZ68B82GX495XF8
usvy_01HDPXG7HHW9TGKEPTTVJYH7HW,usog_01GW2HHHJ2B12W0TQJK6C40QVC
usvy_01HDPXG7HHW9TGKEPTTVJYH7HW,usog_01GW2HHHJ3PQQ2XHK0AGDWCFJB
usvy_01HDPXG7HHW9TGKEPTTVJYH7HW,usog_01GW2HHHJ23WPP795Y15Q870KV
usvy_01HETF47DCZGGB4B17N186W7BC,usog_01GW2HHHJ2QDQXKF5NP5RS5Y39
usvy_01HF7Q67WT8ZQNG2CC6DFWNXPT,usog_01GW2HHHJ24AEGCKRWGJBM40VH
usvy_01HF7Q67WT8ZQNG2CC6DFWNXPT,usog_01GW2HHHJ3N748VNX751AY4KPE
usvy_01HFJJZS71S83DH4N0SRBJX8CY,usog_01GW2HHHJ20BNN1QNFSKCFZJY0
usvy_01HFJJZS71S83DH4N0SRBJX8CY,usog_01GW2HHHJ2Z9CG508G0Y7DYPGE
usvy_01HFNXEAZPGNR268KX36N0CNDD,usog_01GW2HHHJ23WPP795Y15Q870KV
usvy_01HFSMR83F2PPFDWZ8H7FPNVJV,usog_01GW2HHHJ2QDQXKF5NP5RS5Y39
usvy_01HG8MH197N04RY89NV3WKAKP7,usog_01GW2HHHJ2DHFBR3CMFMCYH0K5
usvy_01HG8TA5PRMVE0RH8Y3KP8X59K,usog_01GW2HHHJ23WPP795Y15Q870KV
usvy_01HG8TA5PRMVE0RH8Y3KP8X59K,usog_01GW2HHHJ2B12W0TQJK6C40QVC
usvy_01HG98HHHT1GX84QAEMT5RPZD6,usog_01GW2HHHJ2WQZ68B82GX495XF8
usvy_01HGBRBXS9EYB729WAZZJ9NYNA,usog_01GW2HHHJ2QDQXKF5NP5RS5Y39
usvy_01HGHH9JQDK6Y3DG007QRKT55N,usog_01GW2HHHJ37AW3SB0Y8BDGQF8N
usvy_01HGKE3MNWRVFAR61QTR4XJYJ7,usog_01GW2HHHJ2Z9CG508G0Y7DYPGE
usvy_01HGKE3MNWRVFAR61QTR4XJYJ7,usog_01GW2HHHJ2WQZ68B82GX495XF8
usvy_01HGQE5C5Z1DRCAKR9JA4Q29FQ,usog_01GW2HHHJ2QDQXKF5NP5RS5Y39
usvy_01HGS4PSVW9X1QR906NTHB51NA,usog_01GW2HHHJ23WPP795Y15Q870KV
usvy_01HGZMHFGWSGF94RNBF2YZG725,usog_01GW2HHHJ37AW3SB0Y8BDGQF8N
usvy_01HH043HARW006RFY4105RF74B,usog_01GW2HHHJ20BNN1QNFSKCFZJY0
usvy_01HH043HARW006RFY4105RF74B,usog_01GW2HHHJ3N748VNX751AY4KPE
usvy_01HHB18AH5QT7HJ97R36Q0TCG4,usog_01GW2HHHJ2QDQXKF5NP5RS5Y39
usvy_01HHB18AH5QT7HJ97R36Q0TCG4,usog_01GW2HHHJ3N748VNX751AY4KPE
usvy_01HHJWTK6ZQDBPD9R9YEXGKTRT,usog_01GW2HHHJ2B12W0TQJK6C40QVC
usvy_01HJ1HBN33YG9GFWMXJHCS7RX1,usog_01GW2HHHJ20BNN1QNFSKCFZJY0
usvy_01HJ1X2VJ46N6QCE2AMHT55WT0,usog_01GW2HHHJ2B12W0TQJK6C40QVC
usvy_01HJ25XQ5GZF14SHAEYGJWS3X6,usog_01GW2HHHJ2B12W0TQJK6C40QVC
usvy_01HJ25XQ5GZF14SHAEYGJWS3X6,usog_01GW2HHHJ2Z9CG508G0Y7DYPGE
usvy_01HJ25XQ5GZF14SHAEYGJWS3X6,usog_01GW2HHHJ2DHFBR3CMFMCYH0K5
usvy_01HJ25XQ5GZF14SHAEYGJWS3X6,usog_01GW2HHHJ2WQZ68B82GX495XF8
usvy_01HJ25XQ5GZF14SHAEYGJWS3X6,usog_01GW2HHHJ3PQQ2XHK0AGDWCFJB
usvy_01HJ8C2CXCXCQXTA2YDE4FETDX,usog_01GW2HHHJ20BNN1QNFSKCFZJY0
usvy_01HJK3ZWCP6TBKJJJZP73F7MNC,usog_01GW2HHHJ2B12W0TQJK6C40QVC
usvy_01HJXRC4SMZF5FGW09SMC5H47M,usog_01GW2HHHJ2Z9CG508G0Y7DYPGE
usvy_01HJZ7HR7VXWCKY6FXFZBWH3MD,usog_01GW2HHHJ24AEGCKRWGJBM40VH
usvy_01HJZ7N7VX3D3J7VFB8M9HDTC3,usog_01GW2HHHJ24AEGCKRWGJBM40VH
usvy_01HJZVYVP4WMK8J70YA5GW54ZM,usog_01GW2HHHJ2B12W0TQJK6C40QVC
usvy_01HK5WJJ1B4Y0G9S16E12PX3AK,usog_01GW2HHHJ2B12W0TQJK6C40QVC
usvy_01HKE6C3GTZ5F2MXGHW4A2RQBA,usog_01GW2HHHJ2B12W0TQJK6C40QVC
usvy_01HKE6M8HBX5DJJK6AMDB6P0X3,usog_01GW2HHHJ2B12W0TQJK6C40QVC
usvy_01HKQM3S980KCZBAECKA86KB67,usog_01GW2HHHJ2B12W0TQJK6C40QVC
usvy_01HKRGG2SXWH0AJ1SRGN1AWA59,usog_01GW2HHHJ2B12W0TQJK6C40QVC
usvy_01HKWEB2P0A4ZDMDYM8TQR2KZY,usog_01GW2HHHJ2B12W0TQJK6C40QVC
usvy_01HMFR5TRAPA6ET5ZNBAC4SZ2N,usog_01GW2HHHJ2B12W0TQJK6C40QVC
usvy_01HMFR5TRAPA6ET5ZNBAC4SZ2N,usog_01GW2HHHJ23WPP795Y15Q870KV
usvy_01HMS3WQM109K75YBMZMG18DEE,usog_01GW2HHHJ23WPP795Y15Q870KV
usvy_01HMXYV71YTNQFZPHK9N9YGF7J,usog_01GW2HHHJ2QDQXKF5NP5RS5Y39
usvy_01HMYVWZ0ZT0MZXF32VGQV040G,usog_01GW2HHHJ2WQZ68B82GX495XF8
usvy_01HN0PXXBTMRTG9WY675GR50R5,usog_01GW2HHHJ2QDQXKF5NP5RS5Y39
usvy_01HN0PXXBTMRTG9WY675GR50R5,usog_01GW2HHHJ2WQZ68B82GX495XF8
usvy_01HN0PXXBTMRTG9WY675GR50R5,usog_01GW2HHHJ3N748VNX751AY4KPE
usvy_01HN0PXXBTMRTG9WY675GR50R5,usog_01GW2HHHJ3PQQ2XHK0AGDWCFJB
usvy_01HN25J2VQ79VQ8YE56BRSE5G5,usog_01GW2HHHJ2QDQXKF5NP5RS5Y39
usvy_01HN59BEEQXJF2Q7J61JVEZF59,usog_01GW2HHHJ2B12W0TQJK6C40QVC
usvy_01HNNHD740ESE33H3QNZM264CY,usog_01GW2HHHJ20BNN1QNFSKCFZJY0
usvy_01HNSAN1F14DT03M5D1R78MG8Y,usog_01GW2HHHJ20BNN1QNFSKCFZJY0
usvy_01HNSAN1F14DT03M5D1R78MG8Y,usog_01GW2HHHJ23WPP795Y15Q870KV
usvy_01HNSAN1F14DT03M5D1R78MG8Y,usog_01GW2HHHJ3PQQ2XHK0AGDWCFJB
usvy_01HNXR1N948F9HHCNYR7C21Y8M,usog_01GW2HHHJ2B12W0TQJK6C40QVC
usvy_01HP2TZYCNVQTM6MNNHAANGG9H,usog_01GW2HHHJ24AEGCKRWGJBM40VH
usvy_01HP2TZYCNVQTM6MNNHAANGG9H,usog_01GW2HHHJ2B12W0TQJK6C40QVC
usvy_01HP2TZYCNVQTM6MNNHAANGG9H,usog_01GW2HHHJ20BNN1QNFSKCFZJY0
usvy_01HP2TZYCNVQTM6MNNHAANGG9H,usog_01GW2HHHJ2Z9CG508G0Y7DYPGE
usvy_01HP2TZYCNVQTM6MNNHAANGG9H,usog_01GW2HHHJ2DHFBR3CMFMCYH0K5
usvy_01HP2TZYCNVQTM6MNNHAANGG9H,usog_01GW2HHHJ2WQZ68B82GX495XF8
usvy_01HP2TZYCNVQTM6MNNHAANGG9H,usog_01GW2HHHJ3PQQ2XHK0AGDWCFJB
usvy_01HPCJ7HMC5KDVVDZFPNCK0SQZ,usog_01GW2HHHJ2WQZ68B82GX495XF8
usvy_01HPCJ7HMC5KDVVDZFPNCK0SQZ,usog_01GW2HHHJ3PQQ2XHK0AGDWCFJB
usvy_01HPCJ7HMC5KDVVDZFPNCK0SQZ,usog_01GW2HHHJ23WPP795Y15Q870KV
usvy_01HPHVP51KHS6NE6WGECZ37TCS,usog_01GW2HHHJ20BNN1QNFSKCFZJY0
usvy_01HPVG9HKE9ZSRT30NTFP1TWRV,usog_01GW2HHHJ2B12W0TQJK6C40QVC
usvy_01HPZ3DWAFPCAEC95AF6DJNVA0,usog_01GW2HHHJ3PQQ2XHK0AGDWCFJB
usvy_01HPZ3DWAFPCAEC95AF6DJNVA0,usog_01GW2HHHJ3N748VNX751AY4KPE
usvy_01HQH6GSM2CPP7HQKK7S3VQ4JT,usog_01GW2HHHJ2Z9CG508G0Y7DYPGE
usvy_01HQH6GSM2CPP7HQKK7S3VQ4JT,usog_01GW2HHHJ2DHFBR3CMFMCYH0K5
usvy_01HQH6GSM2CPP7HQKK7S3VQ4JT,usog_01GW2HHHJ20BNN1QNFSKCFZJY0
usvy_01HQMN518M7EEE1J22FJWJEWKG,usog_01GW2HHHJ20BNN1QNFSKCFZJY0
usvy_01HQMN518M7EEE1J22FJWJEWKG,usog_01GW2HHHJ2Z9CG508G0Y7DYPGE
usvy_01HQMN518M7EEE1J22FJWJEWKG,usog_01GW2HHHJ2WQZ68B82GX495XF8
usvy_01HQMN518M7EEE1J22FJWJEWKG,usog_01GW2HHHJ2DHFBR3CMFMCYH0K5
usvy_01HQPTV9Y1XC6TRE7GF9BDMGSF,usog_01GW2HHHJ20BNN1QNFSKCFZJY0
usvy_01HQQ0AK4RSSMBVMXE4F8PPGDS,usog_01GW2HHHJ3PQQ2XHK0AGDWCFJB
usvy_01HQR9S18BBE2XEEFZ96TWJKZA,usog_01GW2HHHJ3N748VNX751AY4KPE
usvy_01HQR9S18BBE2XEEFZ96TWJKZA,usog_01GW2HHHJ3PQQ2XHK0AGDWCFJB
usvy_01HQR9S18BBE2XEEFZ96TWJKZA,usog_01GW2HHHJ2WQZ68B82GX495XF8
usvy_01HQY3X8S0ZNP31633QSQKVAX7,usog_01GW2HHHJ2WQZ68B82GX495XF8
usvy_01HRC4G201X903Y37014MAWT5Z,usog_01GW2HHHJ20BNN1QNFSKCFZJY0
usvy_01HRC4G201X903Y37014MAWT5Z,usog_01GW2HHHJ3N748VNX751AY4KPE
usvy_01HRE00XN99QFCRCHF80NQZYF2,usog_01GW2HHHJ2QDQXKF5NP5RS5Y39
usvy_01HRG1VNXGAE6WCGBBAJK7WK34,usog_01GW2HHHJ23WPP795Y15Q870KV
usvy_01HRG1VNXGAE6WCGBBAJK7WK34,usog_01GW2HHHJ2B12W0TQJK6C40QVC
usvy_01HRG1VNXGAE6WCGBBAJK7WK34,usog_01GW2HHHJ24AEGCKRWGJBM40VH
usvy_01HRV1N0C16P9RDTVS0ZMHQTM8,usog_01GW2HHHJ24AEGCKRWGJBM40VH
usvy_01HRXH92FRSEFDQ874BM1C59Y0,usog_01GW2HHHJ20BNN1QNFSKCFZJY0
usvy_01HS4ZYNDV3XQRH6NBAKENWSSQ,usog_01GW2HHHJ20BNN1QNFSKCFZJY0
usvy_01HS61Q0JD9P8AS5Y2R5HR7021,usog_01GW2HHHJ2QDQXKF5NP5RS5Y39
usvy_01HS61Q0JD9P8AS5Y2R5HR7021,usog_01GW2HHHJ3N748VNX751AY4KPE
usvy_01HS7096XBMSE7KVP3H4MSX2SS,usog_01GW2HHHJ3PQQ2XHK0AGDWCFJB
usvy_01HS9FMENGGEAB76BJ1TV2FPKS,usog_01GW2HHHJ2SW75W5HN05XSYPBD
usvy_01HS9FMENGGEAB76BJ1TV2FPKS,usog_01GW2HHHJ2Z9CG508G0Y7DYPGE
usvy_01HS9FMENGGEAB76BJ1TV2FPKS,usog_01GW2HHHJ3PQQ2XHK0AGDWCFJB
usvy_01HS9FMENGGEAB76BJ1TV2FPKS,usog_01GW2HHHJ2WQZ68B82GX495XF8
usvy_01HSC8C9ZQ67RYHT0E8SNQMG4N,usog_01GW2HHHJ3PQQ2XHK0AGDWCFJB
usvy_01HSCB6EEVC907QR79XFKS3Y67,usog_01GW2HHHJ2B12W0TQJK6C40QVC
usvy_01HSCNZ0YCTNWYX9MC279A0K4V,usog_01GW2HHHJ24AEGCKRWGJBM40VH
usvy_01HSCNZ0YCTNWYX9MC279A0K4V,usog_01GW2HHHJ3N748VNX751AY4KPE
usvy_01HSG139FB3AWMW55W7XXVZK16,usog_01GW2HHHJ20BNN1QNFSKCFZJY0
usvy_01HSG139FB3AWMW55W7XXVZK16,usog_01GW2HHHJ2QDQXKF5NP5RS5Y39
usvy_01HSG139FB3AWMW55W7XXVZK16,usog_01GW2HHHJ23WPP795Y15Q870KV
usvy_01HSG139FB3AWMW55W7XXVZK16,usog_01GW2HHHJ2Z9CG508G0Y7DYPGE
usvy_01HSG139FB3AWMW55W7XXVZK16,usog_01GW2HHHJ2WQZ68B82GX495XF8
usvy_01HSG139FB3AWMW55W7XXVZK16,usog_01GW2HHHJ3PQQ2XHK0AGDWCFJB
usvy_01HSM8SPJC927574042D3ZBV2N,usog_01GW2HHHJ2QDQXKF5NP5RS5Y39
usvy_01HSN02XHG7EF7SRJ0XZDVS5Y4,usog_01GW2HHHJ2B12W0TQJK6C40QVC
usvy_01HSN02XHG7EF7SRJ0XZDVS5Y4,usog_01GW2HHHJ2SW75W5HN05XSYPBD
usvy_01HSTRCWS9XTK7V2MVAF4Q5F6B,usog_01GW2HHHJ2SW75W5HN05XSYPBD
usvy_01HSV4RWQSYVQKWXH39CHG0A0Y,usog_01GW2HHHJ2B12W0TQJK6C40QVC
usvy_01HSVX3PCXVKYNKX1VF9HC069T,usog_01GW2HHHJ2WQZ68B82GX495XF8
usvy_01HSVX3PCXVKYNKX1VF9HC069T,usog_01GW2HHHJ3PQQ2XHK0AGDWCFJB
usvy_01HSVX3PCXVKYNKX1VF9HC069T,usog_01GW2HHHJ3N748VNX751AY4KPE
usvy_01HSVZRKS0ATHKW3TD52D09DAD,usog_01GW2HHHJ3PQQ2XHK0AGDWCFJB
usvy_01HSVZRKS0ATHKW3TD52D09DAD,usog_01GW2HHHJ3N748VNX751AY4KPE
usvy_01HSW4SE0WM4KVFT81FFJR0QHD,usog_01GW2HHHJ2Z9CG508G0Y7DYPGE
usvy_01HSW4SE0WM4KVFT81FFJR0QHD,usog_01GW2HHHJ2WQZ68B82GX495XF8
usvy_01HSX08V9CH76P6PHTP6KE42M0,usog_01GW2HHHJ23WPP795Y15Q870KV
usvy_01HSXGT95T20T62AC4KEFH5JMP,usog_01GW2HHHJ2SW75W5HN05XSYPBD
usvy_01HSYGJCKZFCHF43KH2NP9CDQP,usog_01GW2HHHJ2Z9CG508G0Y7DYPGE
usvy_01HT0ENHQ3F61AW969NF7NHDPW,usog_01GW2HHHJ24AEGCKRWGJBM40VH
usvy_01HT0ENHQ3F61AW969NF7NHDPW,usog_01GW2HHHJ3N748VNX751AY4KPE
usvy_01HT0ENHQ3F61AW969NF7NHDPW,usog_01GW2HHHJ37AW3SB0Y8BDGQF8N
usvy_01HTD7X5Y1HYWXBTGFFN06MCGV,usog_01GW2HHHJ2B12W0TQJK6C40QVC
usvy_01HTDD206NRRC5X134F0K3E2V1,usog_01GW2HHHJ2B12W0TQJK6C40QVC
usvy_01HTDD206NRRC5X134F0K3E2V1,usog_01GW2HHHJ23WPP795Y15Q870KV
usvy_01HTDD206NRRC5X134F0K3E2V1,usog_01GW2HHHJ24AEGCKRWGJBM40VH
usvy_01HTFXJPN82S1YFAAFGJKQ6K37,usog_01GW2HHHJ2Z9CG508G0Y7DYPGE
usvy_01HTFXJPN82S1YFAAFGJKQ6K37,usog_01GW2HHHJ2DHFBR3CMFMCYH0K5
usvy_01HTGN1NT5KQW7XAZXDD66J4S8,usog_01GW2HHHJ24AEGCKRWGJBM40VH
usvy_01HTGN1NT5KQW7XAZXDD66J4S8,usog_01GW2HHHJ3N748VNX751AY4KPE
usvy_01HTJ9VFDF0C7QQ09H04TNWCB6,usog_01GW2HHHJ2B12W0TQJK6C40QVC
usvy_01HTNDT0EY6MT2P5J1J5RXCW0X,usog_01GW2HHHJ3PQQ2XHK0AGDWCFJB
usvy_01HTRT0X60NWSB18JE2TGCD7PK,usog_01GW2HHHJ37AW3SB0Y8BDGQF8N
usvy_01HTTK7HHMZZM19YAHE7TTX56F,usog_01GW2HHHJ2SW75W5HN05XSYPBD
usvy_01HTTK7HHMZZM19YAHE7TTX56F,usog_01GW2HHHJ2QDQXKF5NP5RS5Y39
usvy_01HTTK7HHMZZM19YAHE7TTX56F,usog_01GW2HHHJ3PQQ2XHK0AGDWCFJB
usvy_01HTTK7HHMZZM19YAHE7TTX56F,usog_01GW2HHHJ3N748VNX751AY4KPE
usvy_01HTWX988N5P7JQQ2Y2T7HED1Q,usog_01GW2HHHJ2B12W0TQJK6C40QVC
usvy_01HTZ580W84MAZXFSZS6F6R5MV,usog_01GW2HHHJ2DHFBR3CMFMCYH0K5
usvy_01HTZ580W84MAZXFSZS6F6R5MV,usog_01GW2HHHJ3PQQ2XHK0AGDWCFJB
usvy_01HTZ580W84MAZXFSZS6F6R5MV,usog_01GW2HHHJ2Z9CG508G0Y7DYPGE
usvy_01HV1N6SB3N0QAEN98HJG0K3A1,usog_01GW2HHHJ2B12W0TQJK6C40QVC
usvy_01HV477NG18XS5Y35S9FC9EZ3Z,usog_01GW2HHHJ2Z9CG508G0Y7DYPGE
usvy_01HV477NG18XS5Y35S9FC9EZ3Z,usog_01GW2HHHJ20BNN1QNFSKCFZJY0
usvy_01HV477NG18XS5Y35S9FC9EZ3Z,usog_01GW2HHHJ3N748VNX751AY4KPE
usvy_01HV5EM0QEQ8MYZTJT3VTWZWCS,usog_01GW2HHHJ20BNN1QNFSKCFZJY0
usvy_01HV5H8W0H72Q7BQRSHQF4CCZQ,usog_01GW2HHHJ2SW75W5HN05XSYPBD
usvy_01HV9WH2JMPT6WS913ES0C04HK,usog_01GW2HHHJ24AEGCKRWGJBM40VH
usvy_01HV9WH2JMPT6WS913ES0C04HK,usog_01GW2HHHJ37AW3SB0Y8BDGQF8N
usvy_01HV9WH2JMPT6WS913ES0C04HK,usog_01GW2HHHJ3N748VNX751AY4KPE
usvy_01HVD9MKGWDFJ9Z48PPAPQZYSM,usog_01GW2HHHJ3N748VNX751AY4KPE
usvy_01HVD9MKGWDFJ9Z48PPAPQZYSM,usog_01GW2HHHJ2DHFBR3CMFMCYH0K5
usvy_01HVF58DQ5PXGX12CB3CEWH08W,usog_01GW2HHHJ20BNN1QNFSKCFZJY0
usvy_01HVF58DQ5PXGX12CB3CEWH08W,usog_01GW2HHHJ3PQQ2XHK0AGDWCFJB
usvy_01HVF58DQ5PXGX12CB3CEWH08W,usog_01GW2HHHJ3N748VNX751AY4KPE
usvy_01HVF58DQ5PXGX12CB3CEWH08W,usog_01GW2HHHJ2Z9CG508G0Y7DYPGE
usvy_01HVFH5V6BSBTQBTYTYJMAKWS8,usog_01GW2HHHJ20BNN1QNFSKCFZJY0
usvy_01HVPCAW6N97GR02TE4NV049D1,usog_01GW2HHHJ3PQQ2XHK0AGDWCFJB
usvy_01HVPHXRAK4NAKCJKXBCGCV2FG,usog_01GW2HHHJ2WQZ68B82GX495XF8
usvy_01HVPNKS80MNYB0D0W4T37HNWK,usog_01GW2HHHJ3PQQ2XHK0AGDWCFJB
usvy_01HVPNKS80MNYB0D0W4T37HNWK,usog_01GW2HHHJ3N748VNX751AY4KPE
usvy_01HVQFMWW3VXWQZ5MN9EFACDCT,usog_01GW2HHHJ20BNN1QNFSKCFZJY0
usvy_01HVQM58G1N9YH9XAVVJ09JHJ3,usog_01GW2HHHJ3PQQ2XHK0AGDWCFJB
usvy_01HVQM58G1N9YH9XAVVJ09JHJ3,usog_01GW2HHHJ2QDQXKF5NP5RS5Y39
usvy_01HVQM58G1N9YH9XAVVJ09JHJ3,usog_01GW2HHHJ2WQZ68B82GX495XF8
usvy_01HVQXD780D5E8KQE683YYJJJV,usog_01GW2HHHJ2B12W0TQJK6C40QVC
usvy_01HVQY1T59KWCPCEP1A0J4DHTH,usog_01GW2HHHJ2B12W0TQJK6C40QVC
usvy_01HVR2M4SVTSCM4CP9JFBXDC00,usog_01GW2HHHJ2B12W0TQJK6C40QVC
usvy_01HVREH66Z98HXKX0ZMDYVZZ1C,usog_01GW2HHHJ2B12W0TQJK6C40QVC
usvy_01HVRFCP239NE42A59ZNMNPV51,usog_01GW2HHHJ2B12W0TQJK6C40QVC
usvy_01HVRHHXDBXS86X99NS29EDQFD,usog_01GW2HHHJ20BNN1QNFSKCFZJY0
usvy_01HVRX1T8QC4MZAQQB182D4T0C,usog_01GW2HHHJ2B12W0TQJK6C40QVC
usvy_01HVS3EC8JNC34RQ9TAFMB1VA1,usog_01GW2HHHJ2B12W0TQJK6C40QVC
usvy_01HVSE20C4GHQ0DGBGQRWRNS16,usog_01GW2HHHJ2SW75W5HN05XSYPBD
usvy_01HVSE20C4GHQ0DGBGQRWRNS16,usog_01GW2HHHJ20BNN1QNFSKCFZJY0
usvy_01HVSE20C4GHQ0DGBGQRWRNS16,usog_01GW2HHHJ2QDQXKF5NP5RS5Y39
usvy_01HVSE20C4GHQ0DGBGQRWRNS16,usog_01GW2HHHJ2Z9CG508G0Y7DYPGE
usvy_01HVSE20C4GHQ0DGBGQRWRNS16,usog_01GW2HHHJ2WQZ68B82GX495XF8
usvy_01HVSE20C4GHQ0DGBGQRWRNS16,usog_01GW2HHHJ3N748VNX751AY4KPE
usvy_01HVSE20C4GHQ0DGBGQRWRNS16,usog_01GW2HHHJ3PQQ2XHK0AGDWCFJB
usvy_01HVSEJ8HS0YBZ4Z7BJK5CFQKA,usog_01GW2HHHJ2B12W0TQJK6C40QVC
usvy_01HVSQAQCBAGF8DVH4M3AMYE39,usog_01GW2HHHJ2B12W0TQJK6C40QVC
usvy_01HVTTG2ZENAJJ9QA2YH18NBTY,usog_01GW2HHHJ2B12W0TQJK6C40QVC
usvy_01HVV5307BE35WJSR9CP9FN32Z,usog_01GW2HHHJ2B12W0TQJK6C40QVC
usvy_01HVWQRWZH6Y6MJ56QGGBJQEH2,usog_01GW2HHHJ23WPP795Y15Q870KV
usvy_01HVWRBYJ1C1YFXF7R66FVPSBC,usog_01GW2HHHJ2B12W0TQJK6C40QVC
usvy_01HVX1ADYA6MXA03Y6PF55716C,usog_01GW2HHHJ23WPP795Y15Q870KV
usvy_01HVXV9FCXF7WPXB6CHX7HCF47,usog_01GW2HHHJ23WPP795Y15Q870KV
usvy_01HVXV9FCXF7WPXB6CHX7HCF47,usog_01GW2HHHJ2B12W0TQJK6C40QVC
usvy_01HW36RVDS1CA79VK27KD0JRRN,usog_01GW2HHHJ2WQZ68B82GX495XF8
usvy_01HW36RVDS1CA79VK27KD0JRRN,usog_01GW2HHHJ37AW3SB0Y8BDGQF8N
usvy_01HW36RVDS1CA79VK27KD0JRRN,usog_01GW2HHHJ2HH62GFVMWJCSA4XT
usvy_01HWBCD7K1A2XBCHYX14ZKPXJ1,usog_01GW2HHHJ2QDQXKF5NP5RS5Y39
usvy_01HWBCD7K1A2XBCHYX14ZKPXJ1,usog_01GW2HHHJ3PQQ2XHK0AGDWCFJB
usvy_01HWBCD7K1A2XBCHYX14ZKPXJ1,usog_01GW2HHHJ3N748VNX751AY4KPE
usvy_01HWEBKN7P3W5RES2ZADXEWQA8,usog_01GW2HHHJ2QDQXKF5NP5RS5Y39
usvy_01HWR45SYBNJXBYDW3XP7ZKADZ,usog_01GW2HHHJ2B12W0TQJK6C40QVC
usvy_01HWTRSKPJWY7PG6FRY1WTCPHR,usog_01GW2HHHJ2QDQXKF5NP5RS5Y39
usvy_01HWTRSKPJWY7PG6FRY1WTCPHR,usog_01GW2HHHJ3PQQ2XHK0AGDWCFJB
usvy_01HWX3MJR4HRVKDNRBPJGN61WD,usog_01GW2HHHJ20BNN1QNFSKCFZJY0
usvy_01HWX3MJR4HRVKDNRBPJGN61WD,usog_01GW2HHHJ3N748VNX751AY4KPE
usvy_01HX4XNG4FEN9VJVSRYRZGGAR4,usog_01GW2HHHJ23WPP795Y15Q870KV
usvy_01HX503ZSA0DW3F613926EBNXX,usog_01GW2HHHJ20BNN1QNFSKCFZJY0
usvy_01HXCKN6C6Z6HJPDV08YZQ2MQW,usog_01GW2HHHJ23WPP795Y15Q870KV
usvy_01HXD15SPKETA2Z6FM73Y0HAVG,usog_01GW2HHHJ2DHFBR3CMFMCYH0K5
usvy_01HXDNY05WHGCSBWWSMZ3FG872,usog_01GW2HHHJ2B12W0TQJK6C40QVC
usvy_01HXDW1RQQXKERRT001PK8749H,usog_01GW2HHHJ3PQQ2XHK0AGDWCFJB
usvy_01HXDW1RQQXKERRT001PK8749H,usog_01GW2HHHJ2DHFBR3CMFMCYH0K5
usvy_01HXDW1RQQXKERRT001PK8749H,usog_01GW2HHHJ2Z9CG508G0Y7DYPGE
usvy_01HXDW1RQQXKERRT001PK8749H,usog_01GW2HHHJ23WPP795Y15Q870KV
usvy_01HXFVTMBMXZEKGH65D1NVR7FV,usog_01GW2HHHJ2B12W0TQJK6C40QVC
usvy_01HXGKV3TXCKQT47PT5NNTTK3F,usog_01GW2HHHJ24AEGCKRWGJBM40VH
usvy_01HXNE7QEHRMAYD2MGFDQJDVJZ,usog_01GW2HHHJ2B12W0TQJK6C40QVC
usvy_01HY95C4TQY6DN0ZX4DHJNMTZE,usog_01GW2HHHJ2B12W0TQJK6C40QVC
usvy_01HYC3CZ14PTGTM5TXKBP250GQ,usog_01GW2HHHJ20BNN1QNFSKCFZJY0
usvy_01HYC3CZ14PTGTM5TXKBP250GQ,usog_01GW2HHHJ3N748VNX751AY4KPE
usvy_01HYEB5868SM47CC0RYBB901ZR,usog_01GW2HHHJ2DHFBR3CMFMCYH0K5
usvy_01HYEB5868SM47CC0RYBB901ZR,usog_01GW2HHHJ3N748VNX751AY4KPE
usvy_01HYF9D4FMYG6ABQBJ7BEBPJ6Z,usog_01GW2HHHJ2SW75W5HN05XSYPBD
usvy_01HYF9D4FMYG6ABQBJ7BEBPJ6Z,usog_01GW2HHHJ2QDQXKF5NP5RS5Y39
usvy_01HYF9D4FMYG6ABQBJ7BEBPJ6Z,usog_01GW2HHHJ3PQQ2XHK0AGDWCFJB
usvy_01HYF9D4FMYG6ABQBJ7BEBPJ6Z,usog_01GW2HHHJ3N748VNX751AY4KPE
usvy_01HYGF0N7YNEAKWBCG9Y9XM64J,usog_01GW2HHHJ2QDQXKF5NP5RS5Y39
usvy_01HYKR5HKRYVNBP7NCJMC2VH4A,usog_01GW2HHHJ2B12W0TQJK6C40QVC
usvy_01HYP0VHMYFCWYSJ40R9YBJ4AG,usog_01GW2HHHJ2QDQXKF5NP5RS5Y39
usvy_01HYSKBN64XM9907VCAM99J48R,usog_01GW2HHHJ2HH62GFVMWJCSA4XT
usvy_01HZ47Y5D4YMHWDC8SGYR3PAZE,usog_01GW2HHHJ2B12W0TQJK6C40QVC
usvy_01HZ5XPAJXM96F1S40J71D4FZ9,usog_01GW2HHHJ3PQQ2XHK0AGDWCFJB
usvy_01HZ831FHGR5Y6G4YBAP3ZTBV9,usog_01GW2HHHJ2B12W0TQJK6C40QVC
usvy_01HZFP0X3PX0T0A20RC4F8CZSF,usog_01GW2HHHJ2QDQXKF5NP5RS5Y39
usvy_01HZFP0X3PX0T0A20RC4F8CZSF,usog_01GW2HHHJ2Z9CG508G0Y7DYPGE
usvy_01HZFP0X3PX0T0A20RC4F8CZSF,usog_01GW2HHHJ2WQZ68B82GX495XF8
usvy_01HZFP0X3PX0T0A20RC4F8CZSF,usog_01GW2HHHJ3PQQ2XHK0AGDWCFJB
usvy_01HZGP0R52EATBR1J12Y18K7SV,usog_01GW2HHHJ2Z9CG508G0Y7DYPGE
usvy_01HZGP0R52EATBR1J12Y18K7SV,usog_01GW2HHHJ2SW75W5HN05XSYPBD
usvy_01HZJSEJ23W29QHWHWPA72T7D5,usog_01GW2HHHJ2B12W0TQJK6C40QVC
usvy_01HZMPACMP6GG2RWT3NNPN34FS,usog_01GW2HHHJ2B12W0TQJK6C40QVC
usvy_01HZNGW0Z4SWCGMJ2GWZ7975JE,usog_01GW2HHHJ2QDQXKF5NP5RS5Y39
usvy_01HZNGW0Z4SWCGMJ2GWZ7975JE,usog_01GW2HHHJ3PQQ2XHK0AGDWCFJB
usvy_01HZQZSY6PS2GCB0ENJ0DTFYJR,usog_01GW2HHHJ20BNN1QNFSKCFZJY0
usvy_01HZTJ8535957SH211NXSJG10P,usog_01GW2HHHJ24AEGCKRWGJBM40VH
usvy_01HZTJ8535957SH211NXSJG10P,usog_01GW2HHHJ3N748VNX751AY4KPE
usvy_01J01Y6MP3PG5T8Q5Q6QXZ7SRM,usog_01GW2HHHJ2WQZ68B82GX495XF8
usvy_01J01Y6MP3PG5T8Q5Q6QXZ7SRM,usog_01GW2HHHJ2Z9CG508G0Y7DYPGE
usvy_01J0KBHQDJTC8AMYGTX10Y53HV,usog_01GW2HHHJ2WQZ68B82GX495XF8
usvy_01J0KBHQDJTC8AMYGTX10Y53HV,usog_01GW2HHHJ23WPP795Y15Q870KV
usvy_01J0KBHQDJTC8AMYGTX10Y53HV,usog_01GW2HHHJ2DHFBR3CMFMCYH0K5
usvy_01J0V1AN7A5C3ADCSNRH146FR4,usog_01GW2HHHJ2WQZ68B82GX495XF8
usvy_01J0V1AN7A5C3ADCSNRH146FR4,usog_01GW2HHHJ3PQQ2XHK0AGDWCFJB
usvy_01J0V1AN7A5C3ADCSNRH146FR4,usog_01GW2HHHJ3N748VNX751AY4KPE
usvy_01J0V1AN7A5C3ADCSNRH146FR4,usog_01GW2HHHJ2Z9CG508G0Y7DYPGE
usvy_01J0V1AN7A5C3ADCSNRH146FR4,usog_01GW2HHHJ2SW75W5HN05XSYPBD
usvy_01J0V1AN7A5C3ADCSNRH146FR4,usog_01GW2HHHJ2DHFBR3CMFMCYH0K5
usvy_01J0XWV89NKKG0QNV9X5J00WPD,usog_01GW2HHHJ3N748VNX751AY4KPE
usvy_01J0YE1B5D03CC2QXE2R2E1GJF,usog_01GW2HHHJ20BNN1QNFSKCFZJY0
usvy_01J165YWRHPB293EKBWCB9YD1V,usog_01GW2HHHJ2WQZ68B82GX495XF8
usvy_01J1B0H60QWQ6QRJA4EEF8REDG,usog_01GW2HHHJ3N748VNX751AY4KPE
usvy_01J1C28THBHXER2V9ZE2D3MY9E,usog_01GW2HHHJ3PQQ2XHK0AGDWCFJB
usvy_01J1N3MHG9QM1T53RVHFP17P6F,usog_01GW2HHHJ2QDQXKF5NP5RS5Y39
usvy_01J1N3MHG9QM1T53RVHFP17P6F,usog_01GW2HHHJ2B12W0TQJK6C40QVC
usvy_01J1N3MHG9QM1T53RVHFP17P6F,usog_01GW2HHHJ2WQZ68B82GX495XF8
usvy_01J1N3T0J6E02SBARWVGP7WMVJ,usog_01GW2HHHJ3PQQ2XHK0AGDWCFJB
usvy_01J1N4NY3KQYP8TK1FY4Y1QZAX,usog_01GW2HHHJ2B12W0TQJK6C40QVC
usvy_01J1N9JXS7SBXYPKWCCNKQBW3W,usog_01GW2HHHJ2B12W0TQJK6C40QVC
usvy_01J1P98FVX7ARBATA1Q2BWPA3F,usog_01GW2HHHJ3PQQ2XHK0AGDWCFJB
usvy_01J1P98FVX7ARBATA1Q2BWPA3F,usog_01GW2HHHJ20BNN1QNFSKCFZJY0
usvy_01J1P98FVX7ARBATA1Q2BWPA3F,usog_01GW2HHHJ3N748VNX751AY4KPE
usvy_01J1SXPA96MPY28R4576PSVXKD,usog_01GW2HHHJ3PQQ2XHK0AGDWCFJB
usvy_01J1SXPA96MPY28R4576PSVXKD,usog_01GW2HHHJ2WQZ68B82GX495XF8
usvy_01J1WPTK90RYB1NEF45PPZGESR,usog_01GW2HHHJ2Z9CG508G0Y7DYPGE
usvy_01J1WPTK90RYB1NEF45PPZGESR,usog_01GW2HHHJ2SW75W5HN05XSYPBD
usvy_01J1WPTK90RYB1NEF45PPZGESR,usog_01GW2HHHJ2WQZ68B82GX495XF8
usvy_01J1WPTK90RYB1NEF45PPZGESR,usog_01GW2HHHJ3PQQ2XHK0AGDWCFJB
usvy_01J1ZFMQYXJV9A9BPHC7HZDNRF,usog_01GW2HHHJ2Z9CG508G0Y7DYPGE
usvy_01J1ZFMQYXJV9A9BPHC7HZDNRF,usog_01GW2HHHJ2DHFBR3CMFMCYH0K5
usvy_01J2279B88YYVET9RX6HJH2MBS,usog_01GW2HHHJ20BNN1QNFSKCFZJY0
usvy_01J2281KPXCP5RH35CCDC42G73,usog_01GW2HHHJ20BNN1QNFSKCFZJY0
usvy_01J2D96PSKZ4KJC577N16CFXVK,usog_01GW2HHHJ2B12W0TQJK6C40QVC
usvy_01J2VWVV9XCV47BFKAXQFKXC4J,usog_01GW2HHHJ3PQQ2XHK0AGDWCFJB
usvy_01J2XZ6YJVWDDNVZB9Z437AH17,usog_01GW2HHHJ2B12W0TQJK6C40QVC
usvy_01J2XZ6YJVWDDNVZB9Z437AH17,usog_01GW2HHHJ23WPP795Y15Q870KV
usvy_01J38G67JR7GMZW19PH3J5MW9M,usog_01GW2HHHJ2QDQXKF5NP5RS5Y39
usvy_01J3BN3TW18KCVES3MWFNFET3S,usog_01GW2HHHJ24AEGCKRWGJBM40VH
usvy_01J40Q4ATP2178JG5VKJQA207B,usog_01GW2HHHJ2B12W0TQJK6C40QVC
usvy_01J40Q4ATP2178JG5VKJQA207B,usog_01GW2HHHJ23WPP795Y15Q870KV
usvy_01J47CN36VMQR6QRWYRGTZ2C14,usog_01GW2HHHJ20BNN1QNFSKCFZJY0
usvy_01J4AFAYFX9QWHVQNSXS5SQ4XE,usog_01GW2HHHJ2B12W0TQJK6C40QVC
usvy_01J4HMAY8MBJVA6E1AAC01T4AE,usog_01GW2HHHJ2B12W0TQJK6C40QVC
usvy_01J4J09014ZKH31H8Z43MMDQMA,usog_01GW2HHHJ2B12W0TQJK6C40QVC
usvy_01J4J09014ZKH31H8Z43MMDQMA,usog_01GW2HHHJ2WQZ68B82GX495XF8
usvy_01J4J9NP5JN6WC2GAPZC2VERJ5,usog_01GW2HHHJ2B12W0TQJK6C40QVC
usvy_01J4MS9MZVNPV0BG71YZN9K4CS,usog_01GW2HHHJ2QDQXKF5NP5RS5Y39
usvy_01J4PP166BDX5JQQCAP08ADMY2,usog_01GW2HHHJ2DHFBR3CMFMCYH0K5
usvy_01J4PP166BDX5JQQCAP08ADMY2,usog_01GW2HHHJ2WQZ68B82GX495XF8
usvy_01J4PP166BDX5JQQCAP08ADMY2,usog_01GW2HHHJ3PQQ2XHK0AGDWCFJB
usvy_01J4XXSM4YDXMBTYJ235FQ4QAR,usog_01GW2HHHJ2Z9CG508G0Y7DYPGE
usvy_01J5975FS8GRN0431QE0KA4A47,usog_01GW2HHHJ24AEGCKRWGJBM40VH
usvy_01J5F6FQYK1WA35WQ9YKTV37FS,usog_01GW2HHHJ2Z9CG508G0Y7DYPGE
usvy_01J5F6FQYK1WA35WQ9YKTV37FS,usog_01GW2HHHJ2QDQXKF5NP5RS5Y39
usvy_01J5F6FQYK1WA35WQ9YKTV37FS,usog_01GW2HHHJ2WQZ68B82GX495XF8
usvy_01J5F6FQYK1WA35WQ9YKTV37FS,usog_01GW2HHHJ2B12W0TQJK6C40QVC
usvy_01J5GX7XYMAMPJKV3DDKRX83FH,usog_01GW2HHHJ3PQQ2XHK0AGDWCFJB
usvy_01J5M262S0MN59JPVZ65AZVRM3,usog_01GW2HHHJ2DHFBR3CMFMCYH0K5
usvy_01J5M262S0MN59JPVZ65AZVRM3,usog_01GW2HHHJ3PQQ2XHK0AGDWCFJB
usvy_01J5M262S0MN59JPVZ65AZVRM3,usog_01GW2HHHJ2WQZ68B82GX495XF8
usvy_01J5M262S0MN59JPVZ65AZVRM3,usog_01GW2HHHJ3N748VNX751AY4KPE
usvy_01J5ND4DMRKZ8ZK1V5W9CJ441N,usog_01GW2HHHJ3PQQ2XHK0AGDWCFJB
usvy_01J5NXNTJHTYK9PWR716AF3VWZ,usog_01GW2HHHJ2QDQXKF5NP5RS5Y39
usvy_01J5NXNTJHTYK9PWR716AF3VWZ,usog_01GW2HHHJ3PQQ2XHK0AGDWCFJB
usvy_01J5TC7KWEV7MYADFGW6M47142,usog_01GW2HHHJ20BNN1QNFSKCFZJY0
usvy_01J5TC7KWEV7MYADFGW6M47142,usog_01GW2HHHJ3PQQ2XHK0AGDWCFJB
usvy_01J5TC7KWEV7MYADFGW6M47142,usog_01GW2HHHJ3N748VNX751AY4KPE
usvy_01J5YZR41P0KPS5CNS3JNBRCZ6,usog_01GW2HHHJ37AW3SB0Y8BDGQF8N
usvy_01J5Z5KN30TFZ7JX295NZZ9CGY,usog_01GW2HHHJ3PQQ2XHK0AGDWCFJB
usvy_01J5Z5KN30TFZ7JX295NZZ9CGY,usog_01GW2HHHJ2Z9CG508G0Y7DYPGE
usvy_01J5Z5KN30TFZ7JX295NZZ9CGY,usog_01GW2HHHJ20BNN1QNFSKCFZJY0
usvy_01J5Z5KN30TFZ7JX295NZZ9CGY,usog_01GW2HHHJ2WQZ68B82GX495XF8
usvy_01J5Z6HEBF4N28NJPB93XRSZVV,usog_01GW2HHHJ20BNN1QNFSKCFZJY0
usvy_01J6AEHS1RYX2GNK1J5431051F,usog_01GW2HHHJ2Z9CG508G0Y7DYPGE
usvy_01J6CQWRD3202FKDD3YHBX528M,usog_01GW2HHHJ3N748VNX751AY4KPE
usvy_01J6DGKHT4AV5VMGKDSFH0BE4A,usog_01GW2HHHJ2QDQXKF5NP5RS5Y39
usvy_01J6DGKHT4AV5VMGKDSFH0BE4A,usog_01GW2HHHJ3N748VNX751AY4KPE
usvy_01J6E62QSW0QWG207D5JK18D1M,usog_01GW2HHHJ2B12W0TQJK6C40QVC
usvy_01J6EZX6M60C5EATR6NM23DSP3,usog_01GW2HHHJ20BNN1QNFSKCFZJY0
usvy_01J6EZX6M60C5EATR6NM23DSP3,usog_01GW2HHHJ3PQQ2XHK0AGDWCFJB
usvy_01J6EZX6M60C5EATR6NM23DSP3,usog_01GW2HHHJ2B12W0TQJK6C40QVC
usvy_01J6J70DNJQWVS0FYSWJ8YKTKN,usog_01GW2HHHJ24AEGCKRWGJBM40VH
usvy_01J76N08NTH5YFP4E3B2EKBTZ2,usog_01GW2HHHJ2QDQXKF5NP5RS5Y39
usvy_01J7DYZGW3CV1KZ2JYJH3R3HAP,usog_01GW2HHHJ3PQQ2XHK0AGDWCFJB
usvy_01J7E4DH12QC3JJMBQR5RHXDWE,usog_01GW2HHHJ2B12W0TQJK6C40QVC
usvy_01J7E4DH12QC3JJMBQR5RHXDWE,usog_01GW2HHHJ2WQZ68B82GX495XF8
usvy_01J7GN7PA8DMHFJ181Q14WHKEX,usog_01GW2HHHJ24AEGCKRWGJBM40VH
usvy_01J7GN7PA8DMHFJ181Q14WHKEX,usog_01GW2HHHJ3N748VNX751AY4KPE
usvy_01J7GN7PA8DMHFJ181Q14WHKEX,usog_01GW2HHHJ37AW3SB0Y8BDGQF8N
usvy_01J7NR1HSS7AQCJDTTE0HCXMCM,usog_01GW2HHHJ2B12W0TQJK6C40QVC
usvy_01J7PBY7HSQNET411CHZZJC5NT,usog_01GW2HHHJ2QDQXKF5NP5RS5Y39
usvy_01J7XZAFGF8CGWN9ADG365245G,usog_01GW2HHHJ2B12W0TQJK6C40QVC
usvy_01J81DQ6SY29MM9DR0B85WHN5E,usog_01GW2HHHJ2Z9CG508G0Y7DYPGE
usvy_01J81DQ6SY29MM9DR0B85WHN5E,usog_01GW2HHHJ2WQZ68B82GX495XF8
usvy_01J81DQ6SY29MM9DR0B85WHN5E,usog_01GW2HHHJ2DHFBR3CMFMCYH0K5
usvy_01J81DQ6SY29MM9DR0B85WHN5E,usog_01GW2HHHJ3PQQ2XHK0AGDWCFJB
usvy_01J847Q3T0C5FGNF22V90P6PHV,usog_01GW2HHHJ20BNN1QNFSKCFZJY0
usvy_01J8JCME6XXK3PA6MRENY65AZE,usog_01GW2HHHJ20BNN1QNFSKCFZJY0
usvy_01J8N9TT04WNK9VDE2KG7QN343,usog_01GW2HHHJ2B12W0TQJK6C40QVC
usvy_01J9C496APTQ9N9HXP7TEF5EWZ,usog_01GW2HHHJ2B12W0TQJK6C40QVC
usvy_01J9C4FCA9G6EYX1017V3FPZ3Y,usog_01GW2HHHJ3PQQ2XHK0AGDWCFJB
usvy_01J9MHD6QFH89Y5VPX6GN2SAC6,usog_01GW2HHHJ2QDQXKF5NP5RS5Y39
usvy_01J9MHD6QFH89Y5VPX6GN2SAC6,usog_01GW2HHHJ2Z9CG508G0Y7DYPGE
usvy_01J9MHD6QFH89Y5VPX6GN2SAC6,usog_01GW2HHHJ2WQZ68B82GX495XF8
usvy_01J9PWQC2K8A73EA93ZSQ8X9HV,usog_01GW2HHHJ20BNN1QNFSKCFZJY0
usvy_01JA0CGE90W346PNPWWB36TKME,usog_01GW2HHHJ2QDQXKF5NP5RS5Y39
usvy_01JA0CGE90W346PNPWWB36TKME,usog_01GW2HHHJ3N748VNX751AY4KPE
usvy_01JA677A75H2BB083VEDR0N5AA,usog_01GW2HHHJ2QDQXKF5NP5RS5Y39
usvy_01JAE9F3MX6YD0TK7QG03589WF,usog_01GW2HHHJ20BNN1QNFSKCFZJY0
usvy_01JAE9F3MX6YD0TK7QG03589WF,usog_01GW2HHHJ2WQZ68B82GX495XF8
usvy_01JAEJERZZCM83QN2XK9QWFAV3,usog_01GW2HHHJ3PQQ2XHK0AGDWCFJB
usvy_01JAHEYK21T88AGCD87WZBQX44,usog_01GW2HHHJ2QDQXKF5NP5RS5Y39
usvy_01JAHEYK21T88AGCD87WZBQX44,usog_01GW2HHHJ2WQZ68B82GX495XF8
usvy_01JAHEYK21T88AGCD87WZBQX44,usog_01GW2HHHJ3N748VNX751AY4KPE
usvy_01JAMSAGSA306RADW6VZ89ZH5B,usog_01GW2HHHJ2QDQXKF5NP5RS5Y39
usvy_01JAXAMTYSQ5R9GC6VSB1XN8QQ,usog_01GW2HHHJ24AEGCKRWGJBM40VH
usvy_01JAZXCZWK8DKXJXBZTQVXY7CZ,usog_01GW2HHHJ2Z9CG508G0Y7DYPGE
usvy_01JB04Y8XHGG5S9FP1ADSKJG5J,usog_01GW2HHHJ20BNN1QNFSKCFZJY0
usvy_01JB04Y8XHGG5S9FP1ADSKJG5J,usog_01GW2HHHJ2WQZ68B82GX495XF8
usvy_01JB04Y8XHGG5S9FP1ADSKJG5J,usog_01GW2HHHJ3PQQ2XHK0AGDWCFJB
usvy_01JB04Y8XHGG5S9FP1ADSKJG5J,usog_01GW2HHHJ3N748VNX751AY4KPE
usvy_01JBJFKFDV9WX0488Q9Q3E1T2Y,usog_01GW2HHHJ2QDQXKF5NP5RS5Y39
usvy_01JBJPGYJDRT4XJQX5HV164P2R,usog_01GW2HHHJ37AW3SB0Y8BDGQF8N
usvy_01JBMRJAHC8XRJQCDQWAV6TF1B,usog_01GW2HHHJ20BNN1QNFSKCFZJY0
usvy_01JBMRJAHC8XRJQCDQWAV6TF1B,usog_01GW2HHHJ23WPP795Y15Q870KV
usvy_01JBNN6MCN0MGJD5RW7PTAYEWW,usog_01GW2HHHJ2DHFBR3CMFMCYH0K5
usvy_01JBNN6MCN0MGJD5RW7PTAYEWW,usog_01GW2HHHJ24AEGCKRWGJBM40VH
usvy_01JBNN6MCN0MGJD5RW7PTAYEWW,usog_01GW2HHHJ3N748VNX751AY4KPE
usvy_01JBNN6MCN0MGJD5RW7PTAYEWW,usog_01GW2HHHJ2SW75W5HN05XSYPBD
usvy_01JBVFM87KN0JF6JWCM2AK9JGD,usog_01GW2HHHJ2QDQXKF5NP5RS5Y39
usvy_01JBVFM87KN0JF6JWCM2AK9JGD,usog_01GW2HHHJ2Z9CG508G0Y7DYPGE
usvy_01JBVFM87KN0JF6JWCM2AK9JGD,usog_01GW2HHHJ2WQZ68B82GX495XF8
usvy_01JBVFM87KN0JF6JWCM2AK9JGD,usog_01GW2HHHJ3PQQ2XHK0AGDWCFJB
usvy_01JC1TS91JN3VF2YARKHEH1JH4,usog_01GW2HHHJ2B12W0TQJK6C40QVC
usvy_01JC1TS91JN3VF2YARKHEH1JH4,usog_01GW2HHHJ23WPP795Y15Q870KV
usvy_01JC23KRSDMX8PV3TJ55YB4TCG,usog_01GW2HHHJ2QDQXKF5NP5RS5Y39
usvy_01JC23KRSDMX8PV3TJ55YB4TCG,usog_01GW2HHHJ2Z9CG508G0Y7DYPGE
usvy_01JC23KRSDMX8PV3TJ55YB4TCG,usog_01GW2HHHJ3PQQ2XHK0AGDWCFJB
usvy_01JC444CPE3PVQKQSVNYCQYX6Z,usog_01GW2HHHJ20BNN1QNFSKCFZJY0
usvy_01JC444CPE3PVQKQSVNYCQYX6Z,usog_01GW2HHHJ2WQZ68B82GX495XF8
usvy_01JC444CPE3PVQKQSVNYCQYX6Z,usog_01GW2HHHJ3N748VNX751AY4KPE
usvy_01JC49ANHGCQ4B2EFY4CS6CC8F,usog_01GW2HHHJ2B12W0TQJK6C40QVC
usvy_01JC49ANHGCQ4B2EFY4CS6CC8F,usog_01GW2HHHJ23WPP795Y15Q870KV
usvy_01JC49ANHGCQ4B2EFY4CS6CC8F,usog_01GW2HHHJ2Z9CG508G0Y7DYPGE
usvy_01JC49ANHGCQ4B2EFY4CS6CC8F,usog_01GW2HHHJ2WQZ68B82GX495XF8
usvy_01JC49ANHGCQ4B2EFY4CS6CC8F,usog_01GW2HHHJ3PQQ2XHK0AGDWCFJB
usvy_01JC4CQJSF0CGVAEKKC64SPT0Y,usog_01GW2HHHJ2B12W0TQJK6C40QVC
usvy_01JC4ESGD0FAV1Z7WZ9CCKAC8W,usog_01GW2HHHJ3PQQ2XHK0AGDWCFJB
usvy_01JC6VJDSYWR1TANJX2XYSDK8P,usog_01GW2HHHJ20BNN1QNFSKCFZJY0
usvy_01JC6VJDSYWR1TANJX2XYSDK8P,usog_01GW2HHHJ2Z9CG508G0Y7DYPGE
usvy_01JC7GVA3C1S8KBANCARK48FKN,usog_01GW2HHHJ2Z9CG508G0Y7DYPGE
usvy_01JC7GVA3C1S8KBANCARK48FKN,usog_01GW2HHHJ2WQZ68B82GX495XF8
usvy_01JC7GVA3C1S8KBANCARK48FKN,usog_01GW2HHHJ3PQQ2XHK0AGDWCFJB
usvy_01JCA90E4YNQRR3WEMG2Y8AYAZ,usog_01GW2HHHJ3PQQ2XHK0AGDWCFJB
usvy_01JCA90E4YNQRR3WEMG2Y8AYAZ,usog_01GW2HHHJ23WPP795Y15Q870KV
usvy_01JCA90E4YNQRR3WEMG2Y8AYAZ,usog_01GW2HHHJ20BNN1QNFSKCFZJY0
usvy_01JCG16NTYGSDR8MP9DFFF1B26,usog_01GW2HHHJ3PQQ2XHK0AGDWCFJB
usvy_01JCG16NTYGSDR8MP9DFFF1B26,usog_01GW2HHHJ2Z9CG508G0Y7DYPGE
usvy_01JCG16NTYGSDR8MP9DFFF1B26,usog_01GW2HHHJ2WQZ68B82GX495XF8
usvy_01JCG16NTYGSDR8MP9DFFF1B26,usog_01GW2HHHJ2DHFBR3CMFMCYH0K5
usvy_01JCG16NTYGSDR8MP9DFFF1B26,usog_01GW2HHHJ3N748VNX751AY4KPE
usvy_01JCGG82TBSDBYP0ZHTBBMEPY2,usog_01GW2HHHJ2QDQXKF5NP5RS5Y39
usvy_01JCHH3VST6NW1214Q5678Y8DH,usog_01GW2HHHJ3PQQ2XHK0AGDWCFJB
usvy_01JCHH3VST6NW1214Q5678Y8DH,usog_01GW2HHHJ2WQZ68B82GX495XF8
usvy_01JCHH3VST6NW1214Q5678Y8DH,usog_01GW2HHHJ2Z9CG508G0Y7DYPGE
usvy_01JCHH3VST6NW1214Q5678Y8DH,usog_01GW2HHHJ2SW75W5HN05XSYPBD
usvy_01JCHH3VST6NW1214Q5678Y8DH,usog_01GW2HHHJ21DDB2R0D19R7M7JH
usvy_01JCHJQ86Y414X7E73TSGYTYC7,usog_01GW2HHHJ2Z9CG508G0Y7DYPGE
usvy_01JCHJQ86Y414X7E73TSGYTYC7,usog_01GW2HHHJ2WQZ68B82GX495XF8
usvy_01JCHJQ86Y414X7E73TSGYTYC7,usog_01GW2HHHJ3PQQ2XHK0AGDWCFJB
usvy_01JCHJQ86Y414X7E73TSGYTYC7,usog_01GW2HHHJ2DHFBR3CMFMCYH0K5
usvy_01JCHKCNXANWF6XZ8ERH8BWHN2,usog_01GW2HHHJ2WQZ68B82GX495XF8
usvy_01JCPTXE4C13TKJ1RB2E0Y2440,usog_01GW2HHHJ24AEGCKRWGJBM40VH
usvy_01JCPTXE4C13TKJ1RB2E0Y2440,usog_01GW2HHHJ3N748VNX751AY4KPE
usvy_01JCRCJQN0623T369MWZDWCR1W,usog_01GW2HHHJ3PQQ2XHK0AGDWCFJB
usvy_01JCRCJQN0623T369MWZDWCR1W,usog_01GW2HHHJ3N748VNX751AY4KPE
usvy_01JCRCJQN0623T369MWZDWCR1W,usog_01GW2HHHJ2QDQXKF5NP5RS5Y39
usvy_01JCTVN2TV41W4WZV8DR29V82J,usog_01GW2HHHJ20BNN1QNFSKCFZJY0
usvy_01JCVCWD2VYJBK9YWNX3CE8J88,usog_01GW2HHHJ2B12W0TQJK6C40QVC
usvy_01JD2GT0ENMT9RCGJJ0V8M2D1S,usog_01GW2HHHJ2SW75W5HN05XSYPBD
usvy_01JD2GT0ENMT9RCGJJ0V8M2D1S,usog_01GW2HHHJ2WQZ68B82GX495XF8
usvy_01JD2GT0ENMT9RCGJJ0V8M2D1S,usog_01GW2HHHJ3N748VNX751AY4KPE
usvy_01JD522PW1E837HJYFFPNXB6RT,usog_01GW2HHHJ2WQZ68B82GX495XF8
usvy_01JD522PW1E837HJYFFPNXB6RT,usog_01GW2HHHJ2Z9CG508G0Y7DYPGE
usvy_01JD522PW1E837HJYFFPNXB6RT,usog_01GW2HHHJ3PQQ2XHK0AGDWCFJB
usvy_01JD522PW1E837HJYFFPNXB6RT,usog_01GW2HHHJ20BNN1QNFSKCFZJY0
usvy_01JD97ESAEW9543G0H7RT4CB03,usog_01GW2HHHJ2B12W0TQJK6C40QVC
usvy_01JD97ESAEW9543G0H7RT4CB03,usog_01GW2HHHJ2Z9CG508G0Y7DYPGE
usvy_01JD97ESAEW9543G0H7RT4CB03,usog_01GW2HHHJ2WQZ68B82GX495XF8
usvy_01JDMBGJM9K7AXGYAHTZS2C6ZK,usog_01GW2HHHJ3PQQ2XHK0AGDWCFJB
usvy_01JDMVVZXGEX7FDWCGEMGXCFSJ,usog_01GW2HHHJ24AEGCKRWGJBM40VH
usvy_01JDMVVZXGEX7FDWCGEMGXCFSJ,usog_01GW2HHHJ2Z9CG508G0Y7DYPGE
usvy_01JDMVVZXGEX7FDWCGEMGXCFSJ,usog_01GW2HHHJ2HH62GFVMWJCSA4XT
usvy_01JE7BRJRKZ3QZGJDANCAQ8QBJ,usog_01GW2HHHJ3PQQ2XHK0AGDWCFJB
usvy_01JE7TXTHX00857WASNARVY23Z,usog_01GW2HHHJ2Z9CG508G0Y7DYPGE
usvy_01JE7TXTHX00857WASNARVY23Z,usog_01GW2HHHJ2DHFBR3CMFMCYH0K5
usvy_01JE7TXTHX00857WASNARVY23Z,usog_01GW2HHHJ2WQZ68B82GX495XF8
usvy_01JE7TXTHX00857WASNARVY23Z,usog_01GW2HHHJ2B12W0TQJK6C40QVC
usvy_01JE7TXTHX00857WASNARVY23Z,usog_01GW2HHHJ3PQQ2XHK0AGDWCFJB
usvy_01JED3EX9X2FGDCX5M2NNF0XZT,usog_01GW2HHHJ3N748VNX751AY4KPE
usvy_01JED3EX9X2FGDCX5M2NNF0XZT,usog_01GW2HHHJ37AW3SB0Y8BDGQF8N
usvy_01JED3EX9X2FGDCX5M2NNF0XZT,usog_01GW2HHHJ24AEGCKRWGJBM40VH
usvy_01JEG4JJQEXVJDTJTBA7EVTZNE,usog_01GW2HHHJ3PQQ2XHK0AGDWCFJB
usvy_01JEHBSCWHK26103MCFNVF0HKH,usog_01GW2HHHJ2DHFBR3CMFMCYH0K5
usvy_01JEHBSCWHK26103MCFNVF0HKH,usog_01GW2HHHJ2WQZ68B82GX495XF8
usvy_01JEHBSCWHK26103MCFNVF0HKH,usog_01GW2HHHJ23WPP795Y15Q870KV
usvy_01JEHBSCWHK26103MCFNVF0HKH,usog_01GW2HHHJ21DDB2R0D19R7M7JH
usvy_01JEHBSCWHK26103MCFNVF0HKH,usog_01GW2HHHJ2B12W0TQJK6C40QVC
usvy_01JEHBSCWHK26103MCFNVF0HKH,usog_01GW2HHHJ3PQQ2XHK0AGDWCFJB
usvy_01JEJ5KEKHT6W13CVEC08JDNKZ,usog_01GW2HHHJ23WPP795Y15Q870KV
usvy_01JEVMS529RHB5ZTH26W6RAX75,usog_01GW2HHHJ2B12W0TQJK6C40QVC
usvy_01JFKKTZ28JGT20AN4WAMD9DZJ,usog_01GW2HHHJ2B12W0TQJK6C40QVC
usvy_01JFXTFVQQ2N9CYMC8XNGPJHTM,usog_01GW2HHHJ2B12W0TQJK6C40QVC
usvy_01JGMA5JCQ0KY7KNBS4F1ZGJD9,usog_01GW2HHHJ2SW75W5HN05XSYPBD
usvy_01JGMA5JCQ0KY7KNBS4F1ZGJD9,usog_01GW2HHHJ3N748VNX751AY4KPE
usvy_01JGMA5JCQ0KY7KNBS4F1ZGJD9,usog_01GW2HHHJ24AEGCKRWGJBM40VH
usvy_01JGMA5JCQ0KY7KNBS4F1ZGJD9,usog_01GW2HHHJ2QDQXKF5NP5RS5Y39
usvy_01JH1Y3W4X41GZQTP0AM7QZH41,usog_01GW2HHHJ2B12W0TQJK6C40QVC
usvy_01JH1Y3W4X41GZQTP0AM7QZH41,usog_01GW2HHHJ23WPP795Y15Q870KV
usvy_01JH6K8R9YZHHFRTK23YZ0JQ3R,usog_01GW2HHHJ2Z9CG508G0Y7DYPGE
usvy_01JH6K8R9YZHHFRTK23YZ0JQ3R,usog_01GW2HHHJ20BNN1QNFSKCFZJY0
usvy_01JH6K8R9YZHHFRTK23YZ0JQ3R,usog_01GW2HHHJ2WQZ68B82GX495XF8
usvy_01JH6K8R9YZHHFRTK23YZ0JQ3R,usog_01GW2HHHJ3N748VNX751AY4KPE
