ulst_01H2GVD2SZ3WNGKKQ6H40T53NM,Sonoma Help,,user_01H29GA9PVWD931ZHG64HJ0AEZ,2023-06-09 19:51:15.01,2023-06-09 19:51:15.01
ulst_01H3MRE03VRWD3XB0DH54B8PKR,Test,,user_01GW2HQV3SG33VXA8G6TV6M4VN,2023-06-23 18:31:58.847,2023-06-23 18:31:58.847
ulst_01H42D3NG9TZ14F7TRMH3DTB7S,Nuevo,,user_01H42C7DBHFYY74C0M323EHQTV,2023-06-29 01:43:28.029,2023-06-29 01:43:28.029
ulst_01H42FF2N5BPVRR50KTZEM3WCX,Ayuda,,user_01H42EXVGH7N4WAXR6MV1DH8BM,2023-06-29 02:24:39.08,2023-06-29 02:24:39.08
ulst_01H42H0292C37CNT4X47E66AG3,Happy,,user_01H42GKJTBQKE7QDCHKX013JTV,2023-06-29 02:51:24.325,2023-06-29 02:51:24.325
ulst_01H433E5CDGDQ0Z0YR59VHWQ19,Médico ,,user_01H432J44R4T8QXJHZ3G6D423T,2023-06-29 08:13:40.623,2023-06-29 08:13:40.623
ulst_01H44XWARD9HAVQFBC8DAZQ1K8,Legal ,,user_01H44XEG7NC451J42GB4526EBH,2023-06-30 01:15:02.296,2023-06-30 01:15:02.296
ulst_01H45CACKWB2DRCGCBEPN2W04P,Ayuda ,,user_01H45BWE5WWDNWZ9ERT9H25PDH,2023-06-30 05:27:23.007,2023-06-30 05:27:23.007
ulst_01H5WXYK7GNQMYNGFE3H1S627Q,Resources for LGBT asylum seekers ,,user_01H5WXHB7ME2R3TM3TJQB0BM1Q,2023-07-21 19:13:44.691,2023-07-21 19:13:44.691
ulst_01H6BSNSEZ7W1C5PQSE0Q20ZTY,San Francisco ,,user_01H6BRB52RTMZZVW59EQ9VCEC1,2023-07-27 13:47:38.338,2023-07-27 13:47:38.338
ulst_01H6KB1DPEFX4ZMXGVGJ62KB02,Definitely Look Into for Valuable Resources,,user_01H6KAK3QK0MYZH12TFY252VZV,2023-07-30 12:05:46.326,2023-07-30 12:05:46.326
ulst_01H6XDNHKCQ5H1EFJ14TK7SSR0,Chattanooga ,,user_01H6XCZ587DMY3V86D84N8F188,2023-08-03 10:04:07.149,2023-08-03 10:04:07.149
ulst_01H90FPAFEKW8THSN39JV1YYVC,Boston,,user_01H90FG7XAAK7SQ000CZ9KTHYD,2023-08-29 11:08:36.719,2023-08-29 11:08:36.719
ulst_01H92M6QPV9BDM76W88N22FYPT,health,,user_01H92M0TNN829Q47RKH7M0B8YK,2023-08-30 07:05:57.725,2023-08-30 07:05:57.725
ulst_01HBMN2BWVT2MTPNQEMEZYVB16,Fave resources ,,user_01HBMKZQKJC23CMWPA2WSGG2K3,2023-10-01 03:38:46.557,2023-10-01 03:38:46.557
ulst_01HC2TAN8HTNA0NQTZE6XZR1EB,Entertainment,,user_01HC2SPWNG1K9CMKDNJCMA7Y1K,2023-10-06 15:40:03.218,2023-10-06 15:40:03.218
ulst_01HC7XKMC4GMMVZS8TVGJFVWB5,List,,user_01H6A1WJHMEWS2HGSFZCQ5ZPJ0,2023-10-08 15:13:35.11,2023-10-08 15:13:35.11
ulst_01HC96Y10F04NXKSWMXH0Q3G2Z,Favs,,user_01HC96Q4BHFNPPP7YRT9PRA5FK,2023-10-09 03:15:47.344,2023-10-09 03:15:47.344
ulst_01HD1J0QZ5R8DKHGMT17AVMP02,NY 13206,,user_01HD1GG7SC5PJQZT92MV5BTAE2,2023-10-18 14:11:17.107,2023-10-18 14:11:17.107
ulst_01HDS1FH5DZW9RHXGS14AWYJFW,For Olive ,,user_01HDMA1HBD2X6SC3Q62KJHN7Q7,2023-10-27 17:04:02.222,2023-10-27 17:04:02.222
ulst_01HFJK43JQQGHG02M9WG8QD9XW,opps,,user_01HFJJA9DXVF6NFAPZD37Q53H2,2023-11-19 01:29:04.856,2023-11-19 01:29:04.856
ulst_01HH2V6V1VY8QCNX4A1872XF6H,Pennsylvania ,,user_01HH2GH0EKF8VST4W1FPM10G73,2023-12-07 19:13:55.772,2023-12-07 19:13:55.772
ulst_01HHAKS3NZE6PWA26XMMVGNB03,Ayuda,,user_01HHAK8FG60N8HP9YRT5SMYGAA,2023-12-10 19:38:01.28,2023-12-10 19:38:01.28
ulst_01HMYEABP834YD6JWNDK6E193K,Legal,,user_01HMYCFBP6E5B2FD7X12NB58SC,2024-01-24 19:14:29.193,2024-01-24 19:14:29.193
ulst_01HNH2NH9W7MGQ4H7RFN0DCY63,resources,,user_01HNH1QS8AE0JFM0RBEAR2TFE3,2024-02-01 00:56:26.686,2024-02-01 00:56:26.686
ulst_01HNNFNW8FRJJB626TQ0WZ5VBD,George Salaky,,user_01HNNE1NFYMCJ97ZQ578YXNHBD,2024-02-02 18:00:47.121,2024-02-02 18:00:47.121
ulst_01HNWZETJ7P9HBSSRGK9SJ0YQK,AAA,,user_01HNW2T0GW7YWHB817N6RS171Z,2024-02-05 15:51:14.249,2024-02-05 15:51:14.249
ulst_01HNXRBTY3ZR1GKDMGSR3MFESQ,house ,,user_01HNXPFDP5DJ476R74B0AWKVHP,2024-02-05 23:06:30.725,2024-02-05 23:06:30.725
ulst_01HNY98ACCHFQVKFFKB6K4428F,Abc,,user_01H6A1WJHMEWS2HGSFZCQ5ZPJ0,2024-02-06 04:01:41.262,2024-02-06 04:01:41.262
ulst_01HP2CGVTG1R37GVQ7VA6408QR,Resource Locations,,user_01HP2BDBX21N09F2JHRNJB3XWT,2024-02-07 18:15:44.722,2024-02-07 18:15:44.722
ulst_01HPMKM9E99PNABM125RHAP0YZ,Clothing,,user_01HPMK2D5JFDSDN881W1SJ8NT6,2024-02-14 20:06:16.778,2024-02-14 20:06:16.778
ulst_01HZNH0T87Q4F96SK5EN1SEEGD,mental,,user_01HZNGS28BJDG3VW13VKK6FVVF,2024-06-06 01:01:12.329,2024-06-06 01:01:12.329
ulst_01J07TSPNGFH1WT35QTS5S243C,Resources for Noor,,user_01J06GRQF9FC79NQAMQ3CSG7NF,2024-06-13 03:38:24.819,2024-06-13 03:38:24.819
ulst_01J0V1HMGWEQHTK4TEAERKDRH9,Potentials,,user_01J0V17W1HN2CBHWJ8FTM4TN3G,2024-06-20 14:41:54.72,2024-06-20 14:41:54.72
ulst_01J1N3RGD2PFR8PMY7B66NDKYB,Local,,user_01J1N3EH6A79KKG4P0VEVEGVGT,2024-06-30 17:40:52.261,2024-06-30 17:40:52.261
ulst_01J1N4T92433K3RRD2ZN5QVGDA,Medical Services,,user_01J1N4EWJHD1Z3H2TQCXMNVJYB,2024-06-30 17:59:18.855,2024-06-30 17:59:18.855
ulst_01J1N4TSFXYCPT0XKGNYARZC5S,Food Services,,user_01J1N4EWJHD1Z3H2TQCXMNVJYB,2024-06-30 17:59:35.68,2024-06-30 17:59:35.68
ulst_01J1N4VE7DKCFRVBWYZ7B1Y33A,Entertainment ,,user_01J1N4EWJHD1Z3H2TQCXMNVJYB,2024-06-30 17:59:56.912,2024-06-30 17:59:56.912
ulst_01J1TJ1RYQ3DFM2WGB0YKJN07W,IRC,,user_01J1THZCFQ7RZPFG5V94TG1J9V,2024-07-02 20:26:48.153,2024-07-02 20:26:48.153
ulst_01J1WR7HGADWZ2ZBCQMQ0GY1J9,Dance,,user_01J1WPQETJXS1QQ68N1JF2QBB1,2024-07-03 16:53:17.452,2024-07-03 16:53:17.452
ulst_01J29YNG6RZD9B592KCNRGEFJT,Call,,user_01J29YJC658XCE9BC2CXA5DDKH,2024-07-08 19:55:53.948,2024-07-08 19:55:53.948
ulst_01J2CNZYMAMVDQ0XK0QP2A75XP,Test 1,,user_01GW2HQV3HCA7R596WD0G4904W,2024-07-09 21:22:02.509,2024-07-09 21:22:02.509
ulst_01J2D6SNCMA8CPK72FG6DM13YA,Idaho,,user_01J2D6FCZS0VPZ92TD5FJGAFB3,2024-07-10 02:15:42.231,2024-07-10 02:15:42.231
ulst_01J2D99DP6B7N5T6MPMEAR3X2H,Favorites ,,user_01J2D94J7EQAVG3JPRW1HHS0GJ,2024-07-10 02:59:15.786,2024-07-10 02:59:15.786
ulst_01J4B33YTS7CDRKMV9KKVG139X,Main,,user_01J4AYNWMQK5C4EQG157P71K5Q,2024-08-03 03:04:20.061,2024-08-03 03:04:20.061
ulst_01J4SJ7QJZM3A5STMDP3755JSS,demo list,,user_01GW2HQV3PSA3YB10S8B9PV9S4,2024-08-08 17:57:54.402,2024-08-08 17:57:54.402
ulst_01J4SNPW9ZN05DKBVXZ3D2SPHN,List for Client A,,user_01GW2HQV2PGTH4VA81M9RV8EMV,2024-08-08 18:58:36.481,2024-08-08 18:58:36.481
ulst_01J4TEY2D0VSSYM6SW8S5R3P63,Activities,,user_01J4TEV8WM7Y1PWZ9Y46V2504W,2024-08-09 02:19:26.499,2024-08-09 02:19:26.499
ulst_01J4TF147DM5D1R778MAD7RRR4,Seattle,,user_01J4TEV8WM7Y1PWZ9Y46V2504W,2024-08-09 02:21:06.672,2024-08-09 02:21:06.672
ulst_01J58RGW2N8FZ1J6PW0GS6ZE0G,Gender Affirming Care,,user_01GW2HQV2PGTH4VA81M9RV8EMV,2024-08-14 15:36:21.848,2024-08-14 15:36:21.848
ulst_01J5C7A23TE6V40RYAF8D5FAJG,San Francisco,,user_01GW2HQV2G2MFVPAK2CPTQHSK8,2024-08-15 23:52:30.59,2024-08-15 23:52:30.59
ulst_01J5F6KWXE4YQ0XA1HFB4GBWNG,t,,user_01J5F6DYBA6Z4BZX2WEPAY8SND,2024-08-17 03:38:07.666,2024-08-17 03:38:07.666
ulst_01J5GXA6Z36RT3M72QBV28KPW1,✨,,user_01J5GX0G3Y3XV7N4F2WND1YKSH,2024-08-17 19:34:01.958,2024-08-17 19:34:01.958
ulst_01J5J4RJ1ZBFZ711RHEB788KJT,QTBIPOC resources,,user_01J5J4DDRCK74991PTBYKP6NX8,2024-08-18 07:03:26.531,2024-08-18 07:03:26.531
ulst_01J5M26X5AYQXTB10P4Y5YS5EH,Resources,,user_01J5M22NAN3K12JNQPQH9H0P13,2024-08-19 00:57:19.821,2024-08-19 00:57:19.821
ulst_01J5NXTNRBVMZW44RHJMXN8RG2,Ayudas,,user_01J5NWW2498BZPRQJDYDF38SS1,2024-08-19 18:19:13.551,2024-08-19 18:19:13.551
ulst_01J5P5XDEKFHRKJRS768XMS9Y0,Healthcare orgs in San Francisco for trans clients,,user_01GW2HQV318QMB9AVPJ6JJ5DBN,2024-08-19 20:40:31.959,2024-08-19 20:40:31.959
ulst_01J6AQB12QCJM6F1HJN021WQ0W,ASYLUM LAWYERS,,user_01J6APYDZ718D6MB0E3EQB7KFJ,2024-08-27 20:09:52.473,2024-08-27 20:09:52.473
ulst_01J6B0BDFBHPFX06HYZP1VA9G2,ASYLUM,,user_01J6APYDZ718D6MB0E3EQB7KFJ,2024-08-27 22:47:22.353,2024-08-27 22:47:22.353
ulst_01J6GMGDYGBY4A6893EVMSQED6,substance use,,user_01J5J4DDRCK74991PTBYKP6NX8,2024-08-30 03:15:50.357,2024-08-30 03:15:50.357
ulst_01J6GMH88SG3M6A7QN7Y9G8DQ8,youth,,user_01J5J4DDRCK74991PTBYKP6NX8,2024-08-30 03:16:17.308,2024-08-30 03:16:17.308
ulst_01J7E6HCPDT2B4FQBGB26R7AJG,❤️,,user_01J7E4BE3AYSSKWQBXA9BZ0YWC,2024-09-10 14:48:54.737,2024-09-10 14:48:54.737
ulst_01J81DXK50ANE8W8M5CWPWYN2C,legal,,user_01J81DMY4YA8CPEGH9Z3WXTJE2,2024-09-18 02:03:28.806,2024-09-18 02:03:28.806
ulst_01J81EBT97D3H7PG4Z8FTZWH3C,queer life,,user_01J81DMY4YA8CPEGH9Z3WXTJE2,2024-09-18 02:11:14.861,2024-09-18 02:11:14.861
ulst_01J9J90SBZ3Q8QH69785ME7536,Apoyos,,user_01J9J8JJ3N7EYCHYY624R2FX9R,2024-10-07 01:20:37.762,2024-10-07 01:20:37.762
ulst_01J9W0BKKAFGYM9KWKRW3RAQ35,Immigration ,,user_01J9VYJW3MNV62QABVV0SPBG6G,2024-10-10 20:01:39.438,2024-10-10 20:01:39.438
ulst_01JAA4E9SKYJ85FHCS3AAFKFTM,legal,,user_01JAA498K8Y3V34Y410N9MGE1S,2024-10-16 07:42:24.057,2024-10-16 07:42:24.057
ulst_01JAA4GSDT1TJ1V4W4AZY8CPY7,housing,,user_01JAA498K8Y3V34Y410N9MGE1S,2024-10-16 07:43:45.597,2024-10-16 07:43:45.597
ulst_01JAA4NNDC83AFERJJGD9SSKWJ,support g,,user_01JAA498K8Y3V34Y410N9MGE1S,2024-10-16 07:46:25.326,2024-10-16 07:46:25.326
ulst_01JAA4Y3GN68Y22H4R51X7V60C,employment,,user_01JAA498K8Y3V34Y410N9MGE1S,2024-10-16 07:51:01.911,2024-10-16 07:51:01.911
ulst_01JAMSQ1GSMC5WWC82KSZQ62BG,Bumn ,,user_01JAMS0FKH80H7XXN4YEVB2SYZ,2024-10-20 11:06:34.908,2024-10-20 11:06:34.908
ulst_01JAXJVX17VZYA3G93M4CS29GQ,Alexandria,,user_01JAXJRPWFGTVD025PNFK90VGP,2024-10-23 21:00:04.014,2024-10-23 21:00:04.014
ulst_01JC1AV0C20MPPCYDAZNTVDVM2,potential care,,user_01JC1AK3D2NVA4D592NFDRAN6H,2024-11-06 18:12:25.608,2024-11-06 18:12:25.608
ulst_01JC1AX1G51C0V15NSGPZ5XH8R,potential future ,,user_01JC1AK3D2NVA4D592NFDRAN6H,2024-11-06 18:13:32.3,2024-11-06 18:13:32.3
ulst_01JC1GPAMH9QD52N6BDNYW3N7J,DMV,,user_01J68XFCHDFA3G9A2X3Y7A7871,2024-11-06 19:54:43.732,2024-11-06 19:54:43.732
ulst_01JC1J9G7ZM5J8WCTJ24D6MGBE,PNW,,user_01J68XFCHDFA3G9A2X3Y7A7871,2024-11-06 20:22:40.641,2024-11-06 20:22:40.641
ulst_01JC49CEDV3KX0PV0R0F26B0EZ,Saved,,user_01JC498KCREXB4VCA06T9XS83D,2024-11-07 21:44:43.199,2024-11-07 21:44:43.199
ulst_01JC4EW8A6MR3JV6CYN0NVF7P1,Saves,,user_01JC4EP1G5SB47M7YY0G1YSZ4E,2024-11-07 23:20:44.105,2024-11-07 23:20:44.105
ulst_01JCVD3WYJ1SZWEEK69WW4R4C2,Dallas,,user_01JCVCTC9VT5GCYJ3E3P76MGKZ,2024-11-16 21:12:29.399,2024-11-16 21:12:29.399
ulst_01JD525FV1QDG60QJD73QGN7G8,List,,user_01JD51YC6DGGW0ZGT2MGRZWGXP,2024-11-20 15:13:31.492,2024-11-20 15:13:31.492
ulst_01JDQ7SG7GQFEXXE2X3G8TFCGW,therapy,,user_01JAA498K8Y3V34Y410N9MGE1S,2024-11-27 16:38:09.908,2024-11-27 16:38:09.908
ulst_01JE7TZYEN1A4VT1X6VR74TB2C,Faves,,user_01JE7TTB76ATDYRBHX75RHWNKW,2024-12-04 03:21:34.936,2024-12-04 03:21:34.936
ulst_01JEX877H0S5GFHH6Q6KW6A1Z0,My go tos,,user_01JEX84J04FC4X1EJC87SHAZKF,2024-12-12 10:56:48.165,2024-12-12 10:56:48.165
ulst_01JFB0JHXFSZWXQGAVC72R02ZK,Rsources,,user_01JFB0APYYG24PQVGHH4G9X2RC,2024-12-17 19:12:32.692,2024-12-17 19:12:32.692
ulst_01JFKM2YKY71AVD1KDTNEGFGB5,Me sirven ,,user_01JFKKJY5JM2ZQM4YRWXHW2GT8,2024-12-21 03:27:28.387,2024-12-21 03:27:28.387
ulst_01JFMV5C1DR46WXNKMKX7KGH05,Might help,,user_01JB03VQ6R8XXMY66CS9VTPB4H,2024-12-21 14:50:22.131,2024-12-21 14:50:22.131
ulst_01JGE997D10X748W0C79A7TGMS,"Carbondale, iL",,user_01J1K8XV0RZDC9SC2PY3G6THEE,2024-12-31 11:58:09.321,2024-12-31 11:58:09.321
